datetime,sym,price,size,bidorderid,askorderid
2000-01-13 09:15:00.12,ANON013.SH,7.78,100.0,806,0
2000-01-13 09:15:00.12,ANON013.SH,7.78,100.0,55,0
2000-01-13 09:15:00.32,ANON013.SH,7.82,100.0,666,0
2000-01-13 09:15:00.37,ANON013.SH,7.82,100.0,1580,0
2000-01-13 09:15:00.37,ANON013.SH,7.82,200.0,1577,0
2000-01-13 09:15:00.37,ANON013.SH,7.82,200.0,1583,0
2000-01-13 09:15:05.73,ANON013.SH,8.64,2800.0,66524,0
2000-01-13 09:15:06.17,ANON013.SH,7.78,100.0,72113,0
2000-01-13 09:15:06.17,ANON013.SH,8.51,2000.0,72221,0
2000-01-13 09:15:06.69,ANON013.SH,7.78,100.0,79456,0
2000-01-13 09:15:07.21,ANON013.SH,7.78,100.0,86462,0
2000-01-13 09:15:07.36,ANON013.SH,7.78,100.0,87553,0
2000-01-13 09:15:07.84,ANON013.SH,8.72,600.0,0,91007
2000-01-13 09:15:09.2,ANON013.SH,8.74,200.0,109540,0
2000-01-13 09:15:12.02,ANON013.SH,8.64,100.0,115890,0
2000-01-13 09:15:30.51,ANON013.SH,8.28,100.0,117355,0
2000-01-13 09:15:30.56,ANON013.SH,8.28,100.0,117361,0
2000-01-13 09:15:30.59,ANON013.SH,8.28,100.0,117375,0
2000-01-13 09:15:30.64,ANON013.SH,8.28,100.0,117376,0
2000-01-13 09:15:30.69,ANON013.SH,8.28,100.0,117371,0
2000-01-13 09:15:30.76,ANON013.SH,8.28,100.0,117352,0
2000-01-13 09:15:30.78,ANON013.SH,8.28,100.0,117359,0
2000-01-13 09:15:30.83,ANON013.SH,8.28,100.0,117347,0
2000-01-13 09:15:30.85,ANON013.SH,8.28,100.0,117372,0
2000-01-13 09:15:30.86,ANON013.SH,8.28,100.0,117353,0
2000-01-13 09:15:30.88,ANON013.SH,8.28,100.0,117377,0
2000-01-13 09:15:30.89,ANON013.SH,8.28,100.0,117380,0
2000-01-13 09:15:30.9,ANON013.SH,8.28,100.0,117385,0
2000-01-13 09:15:30.91,ANON013.SH,8.28,100.0,117386,0
2000-01-13 09:15:30.91,ANON013.SH,8.28,100.0,117382,0
2000-01-13 09:15:30.95,ANON013.SH,8.28,100.0,117366,0
2000-01-13 09:15:31.01,ANON013.SH,8.28,100.0,117368,0
2000-01-13 09:15:31.05,ANON013.SH,8.28,100.0,117384,0
2000-01-13 09:15:31.1,ANON013.SH,8.28,100.0,117379,0
2000-01-13 09:15:32.32,ANON013.SH,7.83,100.0,116256,0
2000-01-13 09:15:32.32,ANON013.SH,7.83,100.0,116258,0
2000-01-13 09:15:32.32,ANON013.SH,7.83,100.0,116213,0
2000-01-13 09:15:32.32,ANON013.SH,7.83,100.0,116257,0
2000-01-13 09:15:32.32,ANON013.SH,7.83,100.0,116212,0
2000-01-13 09:15:32.32,ANON013.SH,7.83,100.0,116209,0
2000-01-13 09:15:32.32,ANON013.SH,7.83,100.0,116216,0
2000-01-13 09:15:32.32,ANON013.SH,7.83,100.0,116217,0
2000-01-13 09:15:32.32,ANON013.SH,7.83,100.0,116210,0
2000-01-13 09:15:32.32,ANON013.SH,7.83,100.0,116215,0
2000-01-13 09:15:32.32,ANON013.SH,7.83,100.0,116218,0
2000-01-13 09:15:32.33,ANON013.SH,7.83,100.0,116211,0
2000-01-13 09:15:32.33,ANON013.SH,7.83,100.0,116214,0
2000-01-13 09:15:32.33,ANON013.SH,7.83,100.0,116219,0
2000-01-13 09:15:32.35,ANON013.SH,7.83,100.0,116349,0
2000-01-13 09:15:32.35,ANON013.SH,7.83,100.0,116222,0
2000-01-13 09:15:32.35,ANON013.SH,7.83,100.0,116227,0
2000-01-13 09:15:32.36,ANON013.SH,7.83,100.0,116205,0
2000-01-13 09:15:32.36,ANON013.SH,7.83,100.0,116206,0
2000-01-13 09:15:32.36,ANON013.SH,7.83,100.0,116233,0
2000-01-13 09:15:32.36,ANON013.SH,7.83,100.0,116267,0
2000-01-13 09:15:32.36,ANON013.SH,7.83,100.0,116268,0
2000-01-13 09:15:32.36,ANON013.SH,7.83,100.0,116269,0
2000-01-13 09:15:32.37,ANON013.SH,7.83,100.0,116298,0
2000-01-13 09:15:32.37,ANON013.SH,7.83,100.0,116296,0
2000-01-13 09:15:32.37,ANON013.SH,7.83,100.0,116297,0
2000-01-13 09:15:32.37,ANON013.SH,7.83,100.0,116391,0
2000-01-13 09:15:32.37,ANON013.SH,7.83,100.0,116401,0
2000-01-13 09:15:32.37,ANON013.SH,7.83,100.0,116299,0
2000-01-13 09:15:32.37,ANON013.SH,7.83,100.0,116396,0
2000-01-13 09:15:32.37,ANON013.SH,7.83,100.0,116300,0
2000-01-13 09:15:32.37,ANON013.SH,7.83,100.0,116301,0
2000-01-13 09:15:32.39,ANON013.SH,7.83,100.0,116243,0
2000-01-13 09:15:32.4,ANON013.SH,7.83,100.0,116386,0
2000-01-13 09:15:32.4,ANON013.SH,7.83,100.0,116408,0
2000-01-13 09:15:32.4,ANON013.SH,7.83,100.0,116407,0
2000-01-13 09:15:32.4,ANON013.SH,7.83,100.0,116328,0
2000-01-13 09:15:32.4,ANON013.SH,7.83,100.0,116327,0
2000-01-13 09:15:32.4,ANON013.SH,7.83,100.0,116406,0
2000-01-13 09:15:32.4,ANON013.SH,7.83,100.0,116402,0
2000-01-13 09:15:32.4,ANON013.SH,7.83,100.0,116405,0
2000-01-13 09:15:32.4,ANON013.SH,7.83,100.0,116400,0
2000-01-13 09:15:32.42,ANON013.SH,7.83,100.0,116434,0
2000-01-13 09:15:32.42,ANON013.SH,7.83,100.0,116438,0
2000-01-13 09:15:32.42,ANON013.SH,7.83,100.0,116435,0
2000-01-13 09:15:32.42,ANON013.SH,7.83,100.0,116436,0
2000-01-13 09:15:32.42,ANON013.SH,7.83,100.0,116437,0
2000-01-13 09:15:32.42,ANON013.SH,7.83,100.0,116439,0
2000-01-13 09:15:32.42,ANON013.SH,7.83,100.0,116417,0
2000-01-13 09:15:32.42,ANON013.SH,7.83,100.0,116428,0
2000-01-13 09:15:32.42,ANON013.SH,7.83,100.0,116423,0
2000-01-13 09:15:32.42,ANON013.SH,7.83,100.0,116433,0
2000-01-13 09:15:32.43,ANON013.SH,7.83,100.0,116418,0
2000-01-13 09:15:32.43,ANON013.SH,7.83,100.0,116290,0
2000-01-13 09:15:32.43,ANON013.SH,7.83,100.0,116292,0
2000-01-13 09:15:32.43,ANON013.SH,7.83,100.0,116295,0
2000-01-13 09:15:32.43,ANON013.SH,7.83,100.0,116293,0
2000-01-13 09:15:32.43,ANON013.SH,7.83,100.0,116291,0
2000-01-13 09:15:32.43,ANON013.SH,7.83,100.0,116294,0
2000-01-13 09:15:32.45,ANON013.SH,7.83,100.0,116453,0
2000-01-13 09:15:32.46,ANON013.SH,7.83,100.0,116234,0
2000-01-13 09:15:32.46,ANON013.SH,7.83,100.0,116232,0
2000-01-13 09:15:32.46,ANON013.SH,7.83,100.0,116311,0
2000-01-13 09:15:32.46,ANON013.SH,7.83,100.0,116307,0
2000-01-13 09:15:32.46,ANON013.SH,7.83,100.0,116308,0
2000-01-13 09:15:32.46,ANON013.SH,7.83,100.0,116310,0
2000-01-13 09:15:32.46,ANON013.SH,7.83,100.0,116369,0
2000-01-13 09:15:32.46,ANON013.SH,7.83,100.0,116309,0
2000-01-13 09:15:32.92,ANON013.SH,7.83,100.0,116548,0
2000-01-13 09:15:32.95,ANON013.SH,7.83,100.0,116543,0
2000-01-13 09:15:32.95,ANON013.SH,7.83,100.0,116544,0
2000-01-13 09:15:32.96,ANON013.SH,7.83,100.0,116530,0
2000-01-13 09:15:32.96,ANON013.SH,7.83,100.0,116509,0
2000-01-13 09:15:32.96,ANON013.SH,7.83,100.0,116501,0
2000-01-13 09:15:32.96,ANON013.SH,7.83,100.0,116540,0
2000-01-13 09:15:32.96,ANON013.SH,7.83,100.0,116483,0
2000-01-13 09:15:32.97,ANON013.SH,7.83,100.0,116557,0
2000-01-13 09:15:33.03,ANON013.SH,7.83,100.0,116506,0
2000-01-13 09:15:33.03,ANON013.SH,7.83,100.0,116587,0
2000-01-13 09:15:33.06,ANON013.SH,7.83,100.0,116597,0
2000-01-13 09:15:33.06,ANON013.SH,7.83,100.0,116599,0
2000-01-13 09:15:33.06,ANON013.SH,7.83,100.0,116742,0
2000-01-13 09:15:33.07,ANON013.SH,7.83,100.0,116589,0
2000-01-13 09:15:33.07,ANON013.SH,7.83,100.0,116591,0
2000-01-13 09:15:33.09,ANON013.SH,7.83,100.0,116558,0
2000-01-13 09:15:33.11,ANON013.SH,7.83,100.0,116537,0
2000-01-13 09:15:33.11,ANON013.SH,7.83,100.0,116553,0
2000-01-13 09:15:33.11,ANON013.SH,7.83,100.0,116554,0
2000-01-13 09:15:33.11,ANON013.SH,7.83,100.0,116565,0
2000-01-13 09:15:33.11,ANON013.SH,7.83,100.0,116556,0
2000-01-13 09:15:33.12,ANON013.SH,7.83,100.0,116513,0
2000-01-13 09:15:33.12,ANON013.SH,7.83,100.0,116552,0
2000-01-13 09:15:33.13,ANON013.SH,7.83,100.0,116475,0
2000-01-13 09:15:33.13,ANON013.SH,7.83,100.0,116476,0
2000-01-13 09:15:33.13,ANON013.SH,7.83,100.0,116477,0
2000-01-13 09:15:33.13,ANON013.SH,7.83,100.0,116470,0
2000-01-13 09:15:33.13,ANON013.SH,7.83,100.0,116535,0
2000-01-13 09:15:33.13,ANON013.SH,7.83,100.0,116600,0
2000-01-13 09:15:33.13,ANON013.SH,7.83,100.0,116469,0
2000-01-13 09:15:33.13,ANON013.SH,7.83,100.0,116471,0
2000-01-13 09:15:33.13,ANON013.SH,7.83,100.0,116493,0
2000-01-13 09:15:33.13,ANON013.SH,7.83,100.0,116468,0
2000-01-13 09:15:33.13,ANON013.SH,7.83,100.0,116494,0
2000-01-13 09:15:33.14,ANON013.SH,7.83,100.0,116495,0
2000-01-13 09:15:33.14,ANON013.SH,7.83,100.0,116496,0
2000-01-13 09:15:33.14,ANON013.SH,7.83,100.0,116498,0
2000-01-13 09:15:33.14,ANON013.SH,7.83,100.0,116519,0
2000-01-13 09:15:33.14,ANON013.SH,7.83,100.0,116518,0
2000-01-13 09:15:33.15,ANON013.SH,7.83,100.0,116492,0
2000-01-13 09:15:33.15,ANON013.SH,7.83,100.0,116520,0
2000-01-13 09:15:33.15,ANON013.SH,7.83,100.0,116497,0
2000-01-13 09:15:33.17,ANON013.SH,7.83,100.0,116593,0
2000-01-13 09:15:33.2,ANON013.SH,7.83,100.0,116478,0
2000-01-13 09:15:33.2,ANON013.SH,7.83,100.0,116479,0
2000-01-13 09:15:33.2,ANON013.SH,7.83,100.0,116522,0
2000-01-13 09:15:33.21,ANON013.SH,7.83,100.0,116397,0
2000-01-13 09:15:33.22,ANON013.SH,7.83,100.0,116566,0
2000-01-13 09:15:33.22,ANON013.SH,7.83,100.0,116474,0
2000-01-13 09:15:33.22,ANON013.SH,7.83,100.0,116521,0
2000-01-13 09:15:33.25,ANON013.SH,7.83,100.0,116466,0
2000-01-13 09:15:33.25,ANON013.SH,7.83,100.0,116464,0
2000-01-13 09:15:33.25,ANON013.SH,7.83,100.0,116465,0
2000-01-13 09:15:33.31,ANON013.SH,7.83,100.0,116539,0
2000-01-13 09:15:33.71,ANON013.SH,7.83,100.0,116607,0
2000-01-13 09:15:33.71,ANON013.SH,7.83,100.0,116606,0
2000-01-13 09:15:33.73,ANON013.SH,7.83,100.0,116568,0
2000-01-13 09:15:33.78,ANON013.SH,7.83,100.0,116605,0
2000-01-13 09:15:33.78,ANON013.SH,7.83,100.0,116545,0
2000-01-13 09:15:33.78,ANON013.SH,7.83,100.0,116601,0
2000-01-13 09:15:33.97,ANON013.SH,7.83,100.0,116774,0
2000-01-13 09:15:34,ANON013.SH,7.83,100.0,116784,0
2000-01-13 09:15:34.18,ANON013.SH,7.78,100.0,119742,0
2000-01-13 09:15:40.07,ANON013.SH,7.83,100.0,117657,0
2000-01-13 09:15:40.08,ANON013.SH,7.83,100.0,117660,0
2000-01-13 09:15:40.08,ANON013.SH,7.83,100.0,117663,0
2000-01-13 09:15:40.08,ANON013.SH,7.83,100.0,117658,0
2000-01-13 09:15:40.1,ANON013.SH,7.83,100.0,117686,0
2000-01-13 09:15:40.1,ANON013.SH,7.83,100.0,117661,0
2000-01-13 09:15:42.74,ANON013.SH,7.83,100.0,116515,0
2000-01-13 09:15:42.76,ANON013.SH,7.83,100.0,116536,0
2000-01-13 09:15:42.76,ANON013.SH,7.83,100.0,116517,0
2000-01-13 09:15:42.77,ANON013.SH,7.83,100.0,116485,0
2000-01-13 09:15:42.78,ANON013.SH,7.83,100.0,116528,0
2000-01-13 09:15:42.79,ANON013.SH,7.83,100.0,116512,0
2000-01-13 09:15:42.79,ANON013.SH,7.83,100.0,116502,0
2000-01-13 09:15:42.8,ANON013.SH,7.83,100.0,116503,0
2000-01-13 09:15:42.82,ANON013.SH,7.83,100.0,116505,0
2000-01-13 09:15:42.82,ANON013.SH,7.83,100.0,116516,0
2000-01-13 09:15:42.93,ANON013.SH,7.83,100.0,116490,0
2000-01-13 09:15:43.65,ANON013.SH,7.78,100.0,119689,0
2000-01-13 09:15:43.65,ANON013.SH,7.78,100.0,119683,0
2000-01-13 09:15:43.68,ANON013.SH,7.78,100.0,119699,0
2000-01-13 09:15:43.68,ANON013.SH,7.78,100.0,119685,0
2000-01-13 09:15:43.73,ANON013.SH,7.78,100.0,119696,0
2000-01-13 09:15:43.88,ANON013.SH,7.78,100.0,119705,0
2000-01-13 09:15:43.92,ANON013.SH,7.78,100.0,119707,0
2000-01-13 09:15:43.94,ANON013.SH,7.83,100.0,116804,0
2000-01-13 09:15:43.94,ANON013.SH,7.83,100.0,116828,0
2000-01-13 09:15:43.94,ANON013.SH,7.83,100.0,116771,0
2000-01-13 09:15:43.97,ANON013.SH,7.78,100.0,119721,0
2000-01-13 09:15:43.97,ANON013.SH,7.83,100.0,116766,0
2000-01-13 09:15:43.97,ANON013.SH,7.78,100.0,119720,0
2000-01-13 09:15:43.97,ANON013.SH,7.78,100.0,119725,0
2000-01-13 09:15:43.98,ANON013.SH,7.78,100.0,119724,0
2000-01-13 09:15:43.98,ANON013.SH,7.83,100.0,116792,0
2000-01-13 09:15:44,ANON013.SH,7.83,100.0,116789,0
2000-01-13 09:15:44,ANON013.SH,7.83,100.0,116770,0
2000-01-13 09:15:44,ANON013.SH,7.83,100.0,116754,0
2000-01-13 09:15:44,ANON013.SH,7.78,100.0,119894,0
2000-01-13 09:15:44,ANON013.SH,7.78,100.0,119723,0
2000-01-13 09:15:44.02,ANON013.SH,7.83,100.0,116782,0
2000-01-13 09:15:44.03,ANON013.SH,7.83,100.0,116772,0
2000-01-13 09:15:44.03,ANON013.SH,7.78,100.0,119727,0
2000-01-13 09:15:44.03,ANON013.SH,7.78,100.0,119730,0
2000-01-13 09:15:44.03,ANON013.SH,7.78,100.0,119731,0
2000-01-13 09:15:44.03,ANON013.SH,7.78,100.0,119741,0
2000-01-13 09:15:44.03,ANON013.SH,7.78,100.0,119740,0
2000-01-13 09:15:44.03,ANON013.SH,7.78,100.0,119729,0
2000-01-13 09:15:44.09,ANON013.SH,7.78,100.0,119712,0
2000-01-13 09:15:44.12,ANON013.SH,7.78,100.0,119770,0
2000-01-13 09:15:44.14,ANON013.SH,7.83,100.0,116843,0
2000-01-13 09:15:44.15,ANON013.SH,7.78,100.0,119719,0
2000-01-13 09:15:44.15,ANON013.SH,7.78,100.0,119789,0
2000-01-13 09:15:44.18,ANON013.SH,7.78,100.0,119734,0
2000-01-13 09:15:44.2,ANON013.SH,7.78,100.0,119782,0
2000-01-13 09:15:44.26,ANON013.SH,7.78,100.0,119836,0
2000-01-13 09:15:44.26,ANON013.SH,7.78,100.0,119837,0
2000-01-13 09:15:45.88,ANON013.SH,7.78,100.0,119715,0
2000-01-13 09:15:45.92,ANON013.SH,7.78,100.0,119717,0
2000-01-13 09:15:45.92,ANON013.SH,7.78,100.0,119726,0
2000-01-13 09:15:45.94,ANON013.SH,7.78,100.0,119700,0
2000-01-13 09:15:45.96,ANON013.SH,7.78,100.0,119714,0
2000-01-13 09:15:45.96,ANON013.SH,7.78,100.0,119716,0
2000-01-13 09:15:46.03,ANON013.SH,7.78,100.0,119738,0
2000-01-13 09:15:46.03,ANON013.SH,7.78,100.0,119735,0
2000-01-13 09:15:46.03,ANON013.SH,7.78,100.0,119736,0
2000-01-13 09:15:46.03,ANON013.SH,7.78,100.0,119739,0
2000-01-13 09:15:46.03,ANON013.SH,7.78,100.0,119722,0
2000-01-13 09:15:46.04,ANON013.SH,7.78,100.0,119737,0
2000-01-13 09:15:46.08,ANON013.SH,7.78,100.0,119708,0
2000-01-13 09:15:46.69,ANON013.SH,8.4,100.0,118568,0
2000-01-13 09:15:47,ANON013.SH,7.78,100.0,119910,0
2000-01-13 09:15:47,ANON013.SH,7.78,100.0,119919,0
2000-01-13 09:15:47.01,ANON013.SH,7.78,100.0,119916,0
2000-01-13 09:15:47.01,ANON013.SH,7.78,100.0,119918,0
2000-01-13 09:15:47.01,ANON013.SH,7.78,100.0,119914,0
2000-01-13 09:15:47.03,ANON013.SH,7.78,100.0,119915,0
2000-01-13 09:15:47.08,ANON013.SH,7.78,100.0,119952,0
2000-01-13 09:15:47.16,ANON013.SH,7.78,100.0,119963,0
2000-01-13 09:15:47.16,ANON013.SH,7.78,100.0,119933,0
2000-01-13 09:15:47.18,ANON013.SH,7.78,100.0,120001,0
2000-01-13 09:15:47.19,ANON013.SH,7.78,100.0,120015,0
2000-01-13 09:15:47.22,ANON013.SH,7.78,100.0,119982,0
2000-01-13 09:15:47.4,ANON013.SH,7.83,100.0,117365,0
2000-01-13 09:15:47.4,ANON013.SH,7.83,100.0,117364,0
2000-01-13 09:15:47.4,ANON013.SH,7.83,100.0,117363,0
2000-01-13 09:15:47.4,ANON013.SH,7.78,100.0,120034,0
2000-01-13 09:15:47.4,ANON013.SH,8.63,58300.0,0,121318
2000-01-13 09:15:47.42,ANON013.SH,7.78,100.0,120038,0
2000-01-13 09:15:47.42,ANON013.SH,7.78,100.0,120037,0
2000-01-13 09:15:47.42,ANON013.SH,7.78,100.0,120040,0
2000-01-13 09:15:47.42,ANON013.SH,7.78,100.0,120043,0
2000-01-13 09:15:47.42,ANON013.SH,7.78,100.0,120041,0
2000-01-13 09:15:47.45,ANON013.SH,7.78,100.0,120035,0
2000-01-13 09:15:47.46,ANON013.SH,7.78,100.0,120036,0
2000-01-13 09:15:47.46,ANON013.SH,7.78,100.0,120042,0
2000-01-13 09:15:47.46,ANON013.SH,7.78,100.0,120039,0
2000-01-13 09:15:47.46,ANON013.SH,7.78,100.0,120044,0
2000-01-13 09:15:47.7,ANON013.SH,7.78,100.0,120353,0
2000-01-13 09:15:47.7,ANON013.SH,7.78,100.0,120351,0
2000-01-13 09:15:47.71,ANON013.SH,7.78,100.0,120349,0
2000-01-13 09:15:48.23,ANON013.SH,7.83,100.0,116619,0
2000-01-13 09:15:48.33,ANON013.SH,7.83,100.0,116757,0
2000-01-13 09:15:48.37,ANON013.SH,7.83,100.0,116759,0
2000-01-13 09:15:48.39,ANON013.SH,7.83,100.0,116632,0
2000-01-13 09:15:48.39,ANON013.SH,7.83,100.0,116655,0
2000-01-13 09:15:48.41,ANON013.SH,7.83,100.0,116738,0
2000-01-13 09:15:48.67,ANON013.SH,7.83,100.0,116862,0
2000-01-13 09:15:48.67,ANON013.SH,7.83,100.0,116758,0
2000-01-13 09:15:49.2,ANON013.SH,7.83,100.0,116671,0
2000-01-13 09:15:49.2,ANON013.SH,7.83,100.0,116487,0
2000-01-13 09:15:49.2,ANON013.SH,7.83,100.0,116416,0
2000-01-13 09:15:49.22,ANON013.SH,7.83,100.0,116454,0
2000-01-13 09:15:49.22,ANON013.SH,7.83,100.0,116550,0
2000-01-13 09:15:49.22,ANON013.SH,7.83,100.0,116594,0
2000-01-13 09:15:49.24,ANON013.SH,7.83,100.0,116603,0
2000-01-13 09:15:49.24,ANON013.SH,7.83,100.0,116547,0
2000-01-13 09:15:49.24,ANON013.SH,7.83,100.0,116564,0
2000-01-13 09:15:49.25,ANON013.SH,7.83,100.0,116687,0
2000-01-13 09:15:49.27,ANON013.SH,7.83,100.0,116708,0
2000-01-13 09:15:49.27,ANON013.SH,7.83,100.0,116702,0
2000-01-13 09:15:49.27,ANON013.SH,7.83,100.0,116647,0
2000-01-13 09:15:49.27,ANON013.SH,7.83,100.0,116526,0
2000-01-13 09:15:49.27,ANON013.SH,7.83,100.0,116500,0
2000-01-13 09:15:49.27,ANON013.SH,7.83,100.0,116562,0
2000-01-13 09:15:49.27,ANON013.SH,7.83,100.0,116531,0
2000-01-13 09:15:49.29,ANON013.SH,7.83,100.0,116488,0
2000-01-13 09:15:49.29,ANON013.SH,7.83,100.0,116560,0
2000-01-13 09:15:49.29,ANON013.SH,7.83,100.0,116561,0
2000-01-13 09:15:49.29,ANON013.SH,7.83,100.0,116533,0
2000-01-13 09:15:49.3,ANON013.SH,7.83,100.0,116504,0
2000-01-13 09:15:49.3,ANON013.SH,7.83,100.0,116595,0
2000-01-13 09:15:49.3,ANON013.SH,7.83,100.0,116617,0
2000-01-13 09:15:49.32,ANON013.SH,7.83,100.0,116592,0
2000-01-13 09:15:49.32,ANON013.SH,7.83,100.0,116546,0
2000-01-13 09:15:49.33,ANON013.SH,7.83,100.0,116615,0
2000-01-13 09:15:49.36,ANON013.SH,7.83,100.0,116616,0
2000-01-13 09:15:49.68,ANON013.SH,7.83,100.0,116762,0
2000-01-13 09:15:49.68,ANON013.SH,7.83,100.0,116763,0
2000-01-13 09:15:49.7,ANON013.SH,7.83,100.0,116673,0
2000-01-13 09:15:50.53,ANON013.SH,7.83,100.0,117028,0
2000-01-13 09:15:50.56,ANON013.SH,7.83,100.0,116982,0
2000-01-13 09:15:50.57,ANON013.SH,7.83,100.0,116994,0
2000-01-13 09:15:50.59,ANON013.SH,7.83,100.0,117016,0
2000-01-13 09:15:50.59,ANON013.SH,7.83,100.0,117010,0
2000-01-13 09:15:50.6,ANON013.SH,7.83,100.0,117006,0
2000-01-13 09:15:50.6,ANON013.SH,7.83,100.0,117008,0
2000-01-13 09:15:50.6,ANON013.SH,7.83,100.0,117022,0
2000-01-13 09:15:50.61,ANON013.SH,7.83,100.0,116989,0
2000-01-13 09:15:50.61,ANON013.SH,7.83,100.0,117038,0
2000-01-13 09:15:50.61,ANON013.SH,7.83,100.0,117037,0
2000-01-13 09:15:50.61,ANON013.SH,7.83,100.0,117014,0
2000-01-13 09:15:50.61,ANON013.SH,7.83,100.0,117077,0
2000-01-13 09:15:50.63,ANON013.SH,7.83,100.0,117060,0
2000-01-13 09:15:50.64,ANON013.SH,7.83,100.0,117017,0
2000-01-13 09:15:50.66,ANON013.SH,7.83,100.0,117018,0
2000-01-13 09:15:50.73,ANON013.SH,7.83,100.0,116998,0
2000-01-13 09:15:50.74,ANON013.SH,7.83,100.0,117096,0
2000-01-13 09:15:53.46,ANON013.SH,7.83,100.0,116654,0
2000-01-13 09:15:53.51,ANON013.SH,7.83,100.0,116604,0
2000-01-13 09:15:53.52,ANON013.SH,7.83,100.0,116612,0
2000-01-13 09:15:53.52,ANON013.SH,7.83,100.0,116610,0
2000-01-13 09:15:53.54,ANON013.SH,7.83,100.0,116713,0
2000-01-13 09:15:53.54,ANON013.SH,7.83,100.0,116642,0
2000-01-13 09:15:53.54,ANON013.SH,7.83,100.0,116668,0
2000-01-13 09:15:53.61,ANON013.SH,7.83,100.0,116682,0
2000-01-13 09:15:53.65,ANON013.SH,7.83,100.0,116716,0
2000-01-13 09:15:55.24,ANON013.SH,7.83,100.0,116936,0
2000-01-13 09:15:55.24,ANON013.SH,7.83,100.0,116957,0
2000-01-13 09:15:55.24,ANON013.SH,7.83,100.0,116934,0
2000-01-13 09:15:55.24,ANON013.SH,7.83,100.0,116933,0
2000-01-13 09:15:55.24,ANON013.SH,7.83,100.0,116978,0
2000-01-13 09:15:55.24,ANON013.SH,7.83,100.0,116935,0
2000-01-13 09:15:55.24,ANON013.SH,7.83,100.0,116937,0
2000-01-13 09:15:55.25,ANON013.SH,7.83,100.0,116990,0
2000-01-13 09:15:55.25,ANON013.SH,7.83,100.0,116992,0
2000-01-13 09:15:55.25,ANON013.SH,7.83,100.0,116940,0
2000-01-13 09:15:55.27,ANON013.SH,7.83,100.0,116892,0
2000-01-13 09:15:55.27,ANON013.SH,7.83,100.0,116947,0
2000-01-13 09:15:55.27,ANON013.SH,7.83,100.0,116944,0
2000-01-13 09:15:55.27,ANON013.SH,7.83,100.0,116995,0
2000-01-13 09:15:55.27,ANON013.SH,7.83,100.0,116946,0
2000-01-13 09:15:55.27,ANON013.SH,7.83,100.0,116943,0
2000-01-13 09:15:55.27,ANON013.SH,7.83,100.0,116981,0
2000-01-13 09:15:55.27,ANON013.SH,7.83,100.0,116964,0
2000-01-13 09:15:55.27,ANON013.SH,7.83,100.0,116980,0
2000-01-13 09:15:55.28,ANON013.SH,7.83,100.0,116927,0
2000-01-13 09:15:55.29,ANON013.SH,7.83,100.0,116955,0
2000-01-13 09:15:55.29,ANON013.SH,7.83,100.0,116907,0
2000-01-13 09:15:55.3,ANON013.SH,7.83,100.0,116972,0
2000-01-13 09:15:55.3,ANON013.SH,7.83,100.0,116966,0
2000-01-13 09:15:55.3,ANON013.SH,7.83,100.0,116969,0
2000-01-13 09:15:55.3,ANON013.SH,7.83,100.0,116965,0
2000-01-13 09:15:55.3,ANON013.SH,7.83,100.0,116968,0
2000-01-13 09:15:55.31,ANON013.SH,7.83,100.0,116975,0
2000-01-13 09:15:55.33,ANON013.SH,7.83,100.0,116979,0
2000-01-13 09:15:55.33,ANON013.SH,7.83,100.0,117026,0
2000-01-13 09:15:55.33,ANON013.SH,7.83,100.0,116970,0
2000-01-13 09:15:55.34,ANON013.SH,7.83,100.0,116925,0
2000-01-13 09:15:55.4,ANON013.SH,7.83,100.0,116956,0
2000-01-13 09:15:55.55,ANON013.SH,7.83,100.0,117027,0
2000-01-13 09:15:55.56,ANON013.SH,7.83,100.0,116986,0
2000-01-13 09:15:56.07,ANON013.SH,7.83,100.0,117032,0
2000-01-13 09:15:56.07,ANON013.SH,7.83,100.0,117033,0
2000-01-13 09:15:58.47,ANON013.SH,7.79,100.0,117340,0
2000-01-13 09:15:59.33,ANON013.SH,8.5,100.0,123675,0
2000-01-13 09:16:00.04,ANON013.SH,8.5,100.0,123794,0
2000-01-13 09:16:00.75,ANON013.SH,8.5,100.0,123916,0
2000-01-13 09:16:01.54,ANON013.SH,8.5,100.0,124006,0
2000-01-13 09:16:02.33,ANON013.SH,7.79,100.0,123955,0
2000-01-13 09:16:02.79,ANON013.SH,8.5,100.0,124179,0
2000-01-13 09:16:03.17,ANON013.SH,9.5,100.0,0,123893
2000-01-13 09:16:03.17,ANON013.SH,9.5,100.0,0,123940
2000-01-13 09:16:03.17,ANON013.SH,9.5,100.0,0,123939
2000-01-13 09:16:03.99,ANON013.SH,8.5,100.0,124461,0
2000-01-13 09:16:04.03,ANON013.SH,7.78,100.0,124012,0
2000-01-13 09:16:04.03,ANON013.SH,7.78,100.0,124013,0
2000-01-13 09:16:04.78,ANON013.SH,8.5,100.0,124559,0
2000-01-13 09:16:05.34,ANON013.SH,7.79,100.0,124446,0
2000-01-13 09:16:05.63,ANON013.SH,8.5,100.0,124619,0
2000-01-13 09:16:06.9,ANON013.SH,8.54,100.0,124818,0
2000-01-13 09:16:07.57,ANON013.SH,8.54,100.0,124882,0
2000-01-13 09:16:07.86,ANON013.SH,7.78,100.0,124317,0
2000-01-13 09:16:07.86,ANON013.SH,9.5,100.0,0,124318
2000-01-13 09:16:07.89,ANON013.SH,7.78,100.0,124322,0
2000-01-13 09:16:07.89,ANON013.SH,7.78,100.0,124324,0
2000-01-13 09:16:07.89,ANON013.SH,7.78,100.0,124326,0
2000-01-13 09:16:07.89,ANON013.SH,7.78,100.0,124328,0
2000-01-13 09:16:07.89,ANON013.SH,7.78,100.0,124330,0
2000-01-13 09:16:07.89,ANON013.SH,9.5,100.0,0,124323
2000-01-13 09:16:07.89,ANON013.SH,9.5,100.0,0,124325
2000-01-13 09:16:07.89,ANON013.SH,9.5,100.0,0,124327
2000-01-13 09:16:07.89,ANON013.SH,9.5,100.0,0,124329
2000-01-13 09:16:07.89,ANON013.SH,9.5,100.0,0,124331
2000-01-13 09:16:07.91,ANON013.SH,7.78,100.0,124334,0
2000-01-13 09:16:07.91,ANON013.SH,7.78,100.0,124336,0
2000-01-13 09:16:07.91,ANON013.SH,7.78,100.0,124338,0
2000-01-13 09:16:07.91,ANON013.SH,7.78,100.0,124340,0
2000-01-13 09:16:07.91,ANON013.SH,7.78,100.0,124342,0
2000-01-13 09:16:07.91,ANON013.SH,7.78,100.0,124344,0
2000-01-13 09:16:07.91,ANON013.SH,7.78,100.0,124346,0
2000-01-13 09:16:07.91,ANON013.SH,7.78,100.0,124348,0
2000-01-13 09:16:07.91,ANON013.SH,7.78,100.0,124350,0
2000-01-13 09:16:07.91,ANON013.SH,7.78,100.0,124352,0
2000-01-13 09:16:07.91,ANON013.SH,9.5,100.0,0,124335
2000-01-13 09:16:07.91,ANON013.SH,9.5,100.0,0,124337
2000-01-13 09:16:07.91,ANON013.SH,9.5,100.0,0,124339
2000-01-13 09:16:07.91,ANON013.SH,9.5,100.0,0,124341
2000-01-13 09:16:07.91,ANON013.SH,9.5,100.0,0,124343
2000-01-13 09:16:07.91,ANON013.SH,9.5,100.0,0,124345
2000-01-13 09:16:07.91,ANON013.SH,9.5,100.0,0,124347
2000-01-13 09:16:07.91,ANON013.SH,9.5,100.0,0,124349
2000-01-13 09:16:07.91,ANON013.SH,9.5,100.0,0,124351
2000-01-13 09:16:07.91,ANON013.SH,9.5,100.0,0,124353
2000-01-13 09:16:08.33,ANON013.SH,7.79,100.0,124795,0
2000-01-13 09:16:11.33,ANON013.SH,7.79,100.0,125034,0
2000-01-13 09:16:12.34,ANON013.SH,7.78,100.0,124630,0
2000-01-13 09:16:12.6,ANON013.SH,7.78,100.0,124566,0
2000-01-13 09:16:12.87,ANON013.SH,7.78,100.0,124886,0
2000-01-13 09:16:13.12,ANON013.SH,7.78,100.0,125065,0
2000-01-13 09:16:13.39,ANON013.SH,7.78,100.0,124301,0
2000-01-13 09:16:13.65,ANON013.SH,7.78,100.0,125002,0
2000-01-13 09:16:13.92,ANON013.SH,7.78,100.0,124732,0
2000-01-13 09:16:14.18,ANON013.SH,7.78,100.0,124944,0
2000-01-13 09:16:14.33,ANON013.SH,7.79,100.0,125353,0
2000-01-13 09:16:14.45,ANON013.SH,7.78,100.0,124811,0
2000-01-13 09:16:14.7,ANON013.SH,7.78,100.0,124472,0
2000-01-13 09:16:15.82,ANON013.SH,7.78,100.0,120547,0
2000-01-13 09:16:15.82,ANON013.SH,7.78,100.0,120557,0
2000-01-13 09:16:15.82,ANON013.SH,7.78,100.0,120545,0
2000-01-13 09:16:15.82,ANON013.SH,7.78,100.0,120546,0
2000-01-13 09:16:15.83,ANON013.SH,7.78,100.0,120551,0
2000-01-13 09:16:15.83,ANON013.SH,7.78,100.0,120549,0
2000-01-13 09:16:15.83,ANON013.SH,7.78,100.0,120552,0
2000-01-13 09:16:15.83,ANON013.SH,7.78,100.0,120523,0
2000-01-13 09:16:15.83,ANON013.SH,7.78,100.0,120499,0
2000-01-13 09:16:15.84,ANON013.SH,7.78,100.0,120503,0
2000-01-13 09:16:15.84,ANON013.SH,7.78,100.0,120504,0
2000-01-13 09:16:15.84,ANON013.SH,7.78,100.0,120554,0
2000-01-13 09:16:15.86,ANON013.SH,7.78,100.0,120478,0
2000-01-13 09:16:15.86,ANON013.SH,7.78,100.0,120489,0
2000-01-13 09:16:15.86,ANON013.SH,7.78,100.0,120522,0
2000-01-13 09:16:15.87,ANON013.SH,7.78,100.0,120494,0
2000-01-13 09:16:15.87,ANON013.SH,7.78,100.0,120526,0
2000-01-13 09:16:15.87,ANON013.SH,7.78,100.0,120495,0
2000-01-13 09:16:15.88,ANON013.SH,7.78,100.0,120536,0
2000-01-13 09:16:15.88,ANON013.SH,7.78,100.0,120510,0
2000-01-13 09:16:15.88,ANON013.SH,7.78,100.0,120492,0
2000-01-13 09:16:15.88,ANON013.SH,7.78,100.0,120511,0
2000-01-13 09:16:15.88,ANON013.SH,7.78,100.0,120509,0
2000-01-13 09:16:15.88,ANON013.SH,7.78,100.0,120528,0
2000-01-13 09:16:15.88,ANON013.SH,7.78,100.0,120542,0
2000-01-13 09:16:15.88,ANON013.SH,7.78,100.0,120539,0
2000-01-13 09:16:15.88,ANON013.SH,7.78,100.0,120532,0
2000-01-13 09:16:15.88,ANON013.SH,7.78,100.0,120535,0
2000-01-13 09:16:15.88,ANON013.SH,7.78,100.0,120533,0
2000-01-13 09:16:15.88,ANON013.SH,7.78,100.0,120537,0
2000-01-13 09:16:15.89,ANON013.SH,7.78,100.0,120531,0
2000-01-13 09:16:15.89,ANON013.SH,7.78,100.0,120529,0
2000-01-13 09:16:15.9,ANON013.SH,7.78,100.0,120596,0
2000-01-13 09:16:15.9,ANON013.SH,7.78,100.0,120559,0
2000-01-13 09:16:15.9,ANON013.SH,7.78,100.0,120521,0
2000-01-13 09:16:15.9,ANON013.SH,7.78,100.0,120567,0
2000-01-13 09:16:15.9,ANON013.SH,7.78,100.0,120507,0
2000-01-13 09:16:15.9,ANON013.SH,7.78,100.0,120556,0
2000-01-13 09:16:15.9,ANON013.SH,7.78,100.0,120520,0
2000-01-13 09:16:15.9,ANON013.SH,7.78,100.0,120558,0
2000-01-13 09:16:15.9,ANON013.SH,7.78,100.0,120506,0
2000-01-13 09:16:15.9,ANON013.SH,7.78,100.0,120518,0
2000-01-13 09:16:15.91,ANON013.SH,7.78,100.0,120555,0
2000-01-13 09:16:15.91,ANON013.SH,7.78,100.0,120550,0
2000-01-13 09:16:15.91,ANON013.SH,7.78,100.0,120519,0
2000-01-13 09:16:15.91,ANON013.SH,7.78,100.0,120553,0
2000-01-13 09:16:15.91,ANON013.SH,7.78,100.0,120548,0
2000-01-13 09:16:15.91,ANON013.SH,7.78,100.0,120517,0
2000-01-13 09:16:15.91,ANON013.SH,7.78,100.0,120833,0
2000-01-13 09:16:15.94,ANON013.SH,7.78,100.0,120496,0
2000-01-13 09:16:15.97,ANON013.SH,7.78,100.0,120493,0
2000-01-13 09:16:15.97,ANON013.SH,7.78,100.0,120512,0
2000-01-13 09:16:15.97,ANON013.SH,7.78,100.0,120501,0
2000-01-13 09:16:15.97,ANON013.SH,7.78,100.0,120515,0
2000-01-13 09:16:15.97,ANON013.SH,7.78,100.0,120498,0
2000-01-13 09:16:15.97,ANON013.SH,7.78,100.0,120500,0
2000-01-13 09:16:15.97,ANON013.SH,7.78,100.0,120508,0
2000-01-13 09:16:15.97,ANON013.SH,7.78,100.0,120514,0
2000-01-13 09:16:15.97,ANON013.SH,7.78,100.0,120505,0
2000-01-13 09:16:15.97,ANON013.SH,7.78,100.0,120513,0
2000-01-13 09:16:15.99,ANON013.SH,7.78,100.0,120502,0
2000-01-13 09:16:16.53,ANON013.SH,7.78,100.0,121002,0
2000-01-13 09:16:16.53,ANON013.SH,7.78,100.0,121000,0
2000-01-13 09:16:16.53,ANON013.SH,7.78,100.0,121001,0
2000-01-13 09:16:16.53,ANON013.SH,7.78,100.0,120999,0
2000-01-13 09:16:16.53,ANON013.SH,7.78,100.0,121021,0
2000-01-13 09:16:16.53,ANON013.SH,7.78,100.0,121014,0
2000-01-13 09:16:16.55,ANON013.SH,7.78,100.0,120997,0
2000-01-13 09:16:16.55,ANON013.SH,7.78,100.0,120986,0
2000-01-13 09:16:16.55,ANON013.SH,7.78,100.0,120998,0
2000-01-13 09:16:16.55,ANON013.SH,7.78,100.0,120957,0
2000-01-13 09:16:16.55,ANON013.SH,7.78,100.0,120956,0
2000-01-13 09:16:16.55,ANON013.SH,7.78,100.0,121017,0
2000-01-13 09:16:16.55,ANON013.SH,7.78,100.0,121016,0
2000-01-13 09:16:16.55,ANON013.SH,7.78,100.0,120960,0
2000-01-13 09:16:16.55,ANON013.SH,7.78,100.0,120955,0
2000-01-13 09:16:16.55,ANON013.SH,7.78,100.0,120995,0
2000-01-13 09:16:16.55,ANON013.SH,7.78,100.0,121022,0
2000-01-13 09:16:16.55,ANON013.SH,7.78,100.0,121029,0
2000-01-13 09:16:16.55,ANON013.SH,7.78,100.0,120962,0
2000-01-13 09:16:16.55,ANON013.SH,7.78,100.0,120987,0
2000-01-13 09:16:16.56,ANON013.SH,7.78,100.0,121020,0
2000-01-13 09:16:16.56,ANON013.SH,7.78,100.0,120988,0
2000-01-13 09:16:16.56,ANON013.SH,7.78,100.0,120984,0
2000-01-13 09:16:16.56,ANON013.SH,7.78,100.0,120958,0
2000-01-13 09:16:16.56,ANON013.SH,7.78,100.0,120985,0
2000-01-13 09:16:16.56,ANON013.SH,7.78,100.0,120943,0
2000-01-13 09:16:16.56,ANON013.SH,7.78,100.0,120983,0
2000-01-13 09:16:16.56,ANON013.SH,7.78,100.0,120959,0
2000-01-13 09:16:16.56,ANON013.SH,7.78,100.0,120961,0
2000-01-13 09:16:16.57,ANON013.SH,7.78,100.0,121005,0
2000-01-13 09:16:16.57,ANON013.SH,7.78,100.0,120976,0
2000-01-13 09:16:16.58,ANON013.SH,7.78,100.0,120996,0
2000-01-13 09:16:16.58,ANON013.SH,7.78,100.0,121025,0
2000-01-13 09:16:16.58,ANON013.SH,7.78,100.0,120970,0
2000-01-13 09:16:16.58,ANON013.SH,7.78,100.0,120975,0
2000-01-13 09:16:16.58,ANON013.SH,7.78,100.0,120974,0
2000-01-13 09:16:16.58,ANON013.SH,7.78,100.0,121023,0
2000-01-13 09:16:16.58,ANON013.SH,7.78,100.0,120980,0
2000-01-13 09:16:16.6,ANON013.SH,7.78,100.0,120991,0
2000-01-13 09:16:16.6,ANON013.SH,7.78,100.0,120927,0
2000-01-13 09:16:16.6,ANON013.SH,7.78,100.0,120990,0
2000-01-13 09:16:16.61,ANON013.SH,7.78,100.0,120989,0
2000-01-13 09:16:16.61,ANON013.SH,7.78,100.0,121008,0
2000-01-13 09:16:16.64,ANON013.SH,7.78,100.0,120994,0
2000-01-13 09:16:16.64,ANON013.SH,7.78,100.0,120951,0
2000-01-13 09:16:16.66,ANON013.SH,7.78,100.0,121027,0
2000-01-13 09:16:16.67,ANON013.SH,7.78,100.0,120952,0
2000-01-13 09:16:16.68,ANON013.SH,7.78,100.0,121007,0
2000-01-13 09:16:16.71,ANON013.SH,7.78,100.0,121068,0
2000-01-13 09:16:16.72,ANON013.SH,7.78,100.0,121069,0
2000-01-13 09:16:16.72,ANON013.SH,7.78,100.0,121064,0
2000-01-13 09:16:16.72,ANON013.SH,7.78,100.0,121063,0
2000-01-13 09:16:16.72,ANON013.SH,7.78,100.0,121061,0
2000-01-13 09:16:16.72,ANON013.SH,7.78,100.0,121062,0
2000-01-13 09:16:16.72,ANON013.SH,7.78,100.0,121041,0
2000-01-13 09:16:16.72,ANON013.SH,7.78,100.0,121060,0
2000-01-13 09:16:16.72,ANON013.SH,7.78,100.0,121065,0
2000-01-13 09:16:16.72,ANON013.SH,7.78,100.0,121066,0
2000-01-13 09:16:16.73,ANON013.SH,7.78,100.0,121047,0
2000-01-13 09:16:16.73,ANON013.SH,7.78,100.0,121038,0
2000-01-13 09:16:16.73,ANON013.SH,7.78,100.0,121051,0
2000-01-13 09:16:16.73,ANON013.SH,7.78,100.0,121050,0
2000-01-13 09:16:16.73,ANON013.SH,7.78,100.0,121037,0
2000-01-13 09:16:16.73,ANON013.SH,7.78,100.0,121036,0
2000-01-13 09:16:16.76,ANON013.SH,7.78,100.0,121067,0
2000-01-13 09:16:16.76,ANON013.SH,7.78,100.0,121044,0
2000-01-13 09:16:17.02,ANON013.SH,7.78,100.0,121046,0
2000-01-13 09:16:17.02,ANON013.SH,7.78,100.0,121040,0
2000-01-13 09:16:17.02,ANON013.SH,7.78,100.0,121043,0
2000-01-13 09:16:17.02,ANON013.SH,7.78,100.0,121039,0
2000-01-13 09:16:17.02,ANON013.SH,7.78,100.0,121049,0
2000-01-13 09:16:17.02,ANON013.SH,7.78,100.0,121048,0
2000-01-13 09:16:17.02,ANON013.SH,7.78,100.0,121052,0
2000-01-13 09:16:17.02,ANON013.SH,7.78,100.0,121042,0
2000-01-13 09:16:17.02,ANON013.SH,7.78,100.0,121045,0
2000-01-13 09:16:17.33,ANON013.SH,7.79,100.0,125547,0
2000-01-13 09:16:17.4,ANON013.SH,7.78,100.0,120973,0
2000-01-13 09:16:20.33,ANON013.SH,7.79,100.0,125747,0
2000-01-13 09:16:23.33,ANON013.SH,7.79,100.0,125984,0
2000-01-13 09:16:26.33,ANON013.SH,7.79,100.0,126193,0
2000-01-13 09:16:29.33,ANON013.SH,7.79,100.0,126393,0
2000-01-13 09:16:30.23,ANON013.SH,7.79,100.0,123925,0
2000-01-13 09:16:30.37,ANON013.SH,7.79,100.0,123958,0
2000-01-13 09:16:32.33,ANON013.SH,7.79,100.0,126623,0
2000-01-13 09:16:33.72,ANON013.SH,7.78,100.0,126829,0
2000-01-13 09:16:35.33,ANON013.SH,7.79,100.0,126803,0
2000-01-13 09:16:38.33,ANON013.SH,7.79,100.0,127018,0
2000-01-13 09:16:41.33,ANON013.SH,7.79,100.0,127211,0
2000-01-13 09:16:43.78,ANON013.SH,7.78,100.0,126834,0
2000-01-13 09:16:44.34,ANON013.SH,7.79,100.0,127443,0
2000-01-13 09:16:47.34,ANON013.SH,7.79,100.0,127653,0
2000-01-13 09:16:48.12,ANON013.SH,7.79,100.0,124392,0
2000-01-13 09:16:48.12,ANON013.SH,7.79,100.0,124396,0
2000-01-13 09:16:48.12,ANON013.SH,7.79,100.0,125108,0
2000-01-13 09:16:48.14,ANON013.SH,7.79,100.0,125078,0
2000-01-13 09:16:48.19,ANON013.SH,7.79,100.0,124948,0
2000-01-13 09:16:48.19,ANON013.SH,7.79,100.0,124963,0
2000-01-13 09:16:50.34,ANON013.SH,7.79,100.0,127889,0
2000-01-13 09:16:53.34,ANON013.SH,7.79,100.0,128132,0
2000-01-13 09:16:56.34,ANON013.SH,7.79,100.0,128343,0
2000-01-13 09:16:59.34,ANON013.SH,7.79,100.0,128570,0
2000-01-13 09:17:00.93,ANON013.SH,8.51,200.0,15600,0
2000-01-13 09:17:06.73,ANON013.SH,8.54,100.0,129373,0
2000-01-13 09:17:07.12,ANON013.SH,8.54,100.0,129408,0
2000-01-13 09:17:33.73,ANON013.SH,7.78,100.0,131508,0
2000-01-13 09:17:43.74,ANON013.SH,7.78,100.0,131513,0
2000-01-13 09:18:02.33,ANON013.SH,7.78,100.0,1457,0
2000-01-13 09:18:02.33,ANON013.SH,7.78,100.0,130621,0
2000-01-13 09:18:02.33,ANON013.SH,7.78,100.0,1272,0
2000-01-13 09:18:02.33,ANON013.SH,7.78,100.0,445,0
2000-01-13 09:18:02.33,ANON013.SH,7.78,100.0,1266,0
2000-01-13 09:18:02.33,ANON013.SH,7.78,100.0,221,0
2000-01-13 09:18:02.33,ANON013.SH,7.78,100.0,91656,0
2000-01-13 09:18:02.35,ANON013.SH,7.78,100.0,1118,0
2000-01-13 09:18:02.35,ANON013.SH,7.78,100.0,292,0
2000-01-13 09:18:02.35,ANON013.SH,7.78,100.0,1123,0
2000-01-13 09:18:05.01,ANON013.SH,7.78,100.0,133689,0
2000-01-13 09:18:05.01,ANON013.SH,7.78,100.0,133690,0
2000-01-13 09:18:07.41,ANON013.SH,8.54,100.0,134325,0
2000-01-13 09:18:12.24,ANON013.SH,8.0,9900.0,134038,0
2000-01-13 09:18:22.63,ANON013.SH,7.79,100.0,132092,0
2000-01-13 09:18:33.37,ANON013.SH,7.79,100.0,136620,0
2000-01-13 09:18:33.76,ANON013.SH,7.78,100.0,136674,0
2000-01-13 09:18:33.88,ANON013.SH,7.79,100.0,136670,0
2000-01-13 09:18:34.46,ANON013.SH,7.79,100.0,136729,0
2000-01-13 09:18:38.48,ANON013.SH,7.79,100.0,136637,0
2000-01-13 09:18:38.48,ANON013.SH,7.79,100.0,136647,0
2000-01-13 09:18:38.57,ANON013.SH,7.79,100.0,136636,0
2000-01-13 09:18:38.57,ANON013.SH,7.79,100.0,136638,0
2000-01-13 09:18:38.57,ANON013.SH,7.79,100.0,136639,0
2000-01-13 09:18:43.77,ANON013.SH,7.78,100.0,136681,0
2000-01-13 09:18:50.74,ANON013.SH,8.0,100.0,134833,0
2000-01-13 09:18:50.74,ANON013.SH,8.0,100.0,134835,0
2000-01-13 09:18:50.74,ANON013.SH,8.0,100.0,134831,0
2000-01-13 09:18:50.74,ANON013.SH,8.0,100.0,134832,0
2000-01-13 09:18:50.76,ANON013.SH,8.0,100.0,134834,0
2000-01-13 09:19:02.4,ANON013.SH,7.78,100.0,129929,0
2000-01-13 09:19:22.68,ANON013.SH,9.1,10000.0,0,135566
2000-01-13 09:19:40.56,ANON013.SH,8.64,1000.0,54852,0
2000-01-13 09:19:46.44,ANON013.SH,7.78,100.0,142986,0
2000-01-13 09:25:00,ANON013.SH,8.64,100.0,159198,146200
2000-01-13 09:25:00,ANON013.SH,8.64,100.0,159198,146215
2000-01-13 09:25:00,ANON013.SH,8.64,100.0,159198,146219
2000-01-13 09:25:00,ANON013.SH,8.64,100.0,162096,144758
2000-01-13 09:25:00,ANON013.SH,8.64,100.0,162096,144759
2000-01-13 09:25:00,ANON013.SH,8.64,700.0,192332,144759
2000-01-13 09:25:00,ANON013.SH,8.64,700.0,192332,144766
2000-01-13 09:25:00,ANON013.SH,8.64,500.0,196800,144766
2000-01-13 09:25:00,ANON013.SH,8.64,200.0,196800,144768
2000-01-13 09:25:00,ANON013.SH,8.64,300.0,196800,144775
2000-01-13 09:25:00,ANON013.SH,8.64,1100.0,196800,144776
2000-01-13 09:25:00,ANON013.SH,8.64,1800.0,175971,144776
2000-01-13 09:25:00,ANON013.SH,8.64,300.0,175971,144777
2000-01-13 09:25:00,ANON013.SH,8.64,100.0,175971,144778
2000-01-13 09:25:00,ANON013.SH,8.64,100.0,175971,154719
2000-01-13 09:25:00,ANON013.SH,8.64,7000.0,175971,176582
2000-01-13 09:25:00,ANON013.SH,8.64,100.0,143303,176582
2000-01-13 09:25:00,ANON013.SH,8.64,200.0,192922,176582
2000-01-13 09:25:00,ANON013.SH,8.64,600.0,176583,176582
2000-01-13 09:25:00,ANON013.SH,8.64,300.0,176638,176582
2000-01-13 09:25:00,ANON013.SH,8.64,100.0,177690,176582
2000-01-13 09:25:00,ANON013.SH,8.64,100.0,188667,176582
2000-01-13 09:25:00,ANON013.SH,8.64,100.0,197804,176582
2000-01-13 09:25:00,ANON013.SH,8.64,1200.0,108213,176582
2000-01-13 09:25:00,ANON013.SH,8.64,100.0,143988,176582
2000-01-13 09:25:00,ANON013.SH,8.64,100.0,143988,183871
2000-01-13 09:25:00,ANON013.SH,8.64,100.0,143988,183877
2000-01-13 09:25:00,ANON013.SH,8.64,100.0,143988,187334
2000-01-13 09:25:00,ANON013.SH,8.64,200.0,143988,108044
2000-01-13 09:25:00,ANON013.SH,8.64,300.0,143988,122044
2000-01-13 09:25:00,ANON013.SH,8.64,500.0,143988,194471
2000-01-13 09:25:00,ANON013.SH,8.64,300.0,143988,194965
2000-01-13 09:25:00,ANON013.SH,8.64,1500.0,143988,195100
2000-01-13 09:25:00,ANON013.SH,8.64,2200.0,143988,185090
2000-01-13 09:25:00,ANON013.SH,8.64,100.0,144420,185090
2000-01-13 09:25:00,ANON013.SH,8.64,5800.0,162624,185090
2000-01-13 09:25:00,ANON013.SH,8.64,4100.0,187163,185090
2000-01-13 09:25:00,ANON013.SH,8.64,500.0,191153,185090
2000-01-13 09:25:00,ANON013.SH,8.64,4500.0,193569,185090
2000-01-13 09:25:00,ANON013.SH,8.64,1100.0,195482,185090
2000-01-13 09:25:00,ANON013.SH,8.64,200.0,195482,138311
2000-01-13 09:25:00,ANON013.SH,8.64,1100.0,198916,138311
2000-01-13 09:25:00,ANON013.SH,8.64,600.0,198916,191500
2000-01-13 09:25:00,ANON013.SH,8.64,200.0,198916,191528
2000-01-13 09:25:00,ANON013.SH,8.64,1300.0,198916,41885
2000-01-13 09:25:00,ANON013.SH,8.64,800.0,198916,50769
2000-01-13 09:25:00,ANON013.SH,8.64,500.0,198916,154843
2000-01-13 09:25:00,ANON013.SH,8.64,2900.0,198916,191876
2000-01-13 09:25:00,ANON013.SH,8.64,300.0,198916,197746
2000-01-13 09:25:00,ANON013.SH,8.64,1200.0,198916,58520
2000-01-13 09:25:00,ANON013.SH,8.64,1000.0,198916,159065
2000-01-13 09:25:00,ANON013.SH,8.64,700.0,198916,194006
2000-01-13 09:25:00,ANON013.SH,8.64,5700.0,198916,195076
2000-01-13 09:25:00,ANON013.SH,8.64,100.0,198916,195341
2000-01-13 09:25:00,ANON013.SH,8.64,1000.0,193784,195341
2000-01-13 09:25:00,ANON013.SH,8.64,900.0,45583,195341
2000-01-13 09:25:00,ANON013.SH,8.64,300.0,45583,195548
2000-01-13 09:25:00,ANON013.SH,8.64,1500.0,165902,195548
2000-01-13 09:25:00,ANON013.SH,8.64,3100.0,198405,195548
2000-01-13 09:25:00,ANON013.SH,8.64,200.0,198566,195548
2000-01-13 09:25:00,ANON013.SH,8.64,500.0,198566,197343
2000-01-13 09:25:00,ANON013.SH,8.64,1800.0,198583,198209
2000-01-13 09:25:00,ANON013.SH,8.64,1800.0,198681,198209
2000-01-13 09:25:00,ANON013.SH,8.64,800.0,198708,11024
2000-01-13 09:25:00,ANON013.SH,8.64,1300.0,3450,11024
2000-01-13 09:25:00,ANON013.SH,8.64,100.0,10527,11024
2000-01-13 09:25:00,ANON013.SH,8.64,4700.0,15876,11024
2000-01-13 09:25:00,ANON013.SH,8.64,500.0,28581,11024
2000-01-13 09:25:00,ANON013.SH,8.64,500.0,59722,20331
2000-01-13 09:25:00,ANON013.SH,8.64,8400.0,59722,31151
2000-01-13 09:25:00,ANON013.SH,8.64,100.0,104857,31151
2000-01-13 09:25:00,ANON013.SH,8.64,17700.0,111392,31151
2000-01-13 09:25:00,ANON013.SH,8.64,300.0,111392,72551
2000-01-13 09:25:00,ANON013.SH,8.64,100.0,111392,148115
2000-01-13 09:25:00,ANON013.SH,8.64,1000.0,111392,155066
2000-01-13 09:25:00,ANON013.SH,8.64,3100.0,111392,190130
2000-01-13 09:25:00,ANON013.SH,8.64,2500.0,111392,190269
2000-01-13 09:25:00,ANON013.SH,8.64,2400.0,111392,190505
2000-01-13 09:25:00,ANON013.SH,8.64,500.0,111392,193672
2000-01-13 09:25:00,ANON013.SH,8.64,200.0,111392,194643
2000-01-13 09:25:00,ANON013.SH,8.64,100.0,111392,194788
2000-01-13 09:25:00,ANON013.SH,8.64,1000.0,111392,11025
2000-01-13 09:25:00,ANON013.SH,8.64,200.0,131759,11025
2000-01-13 09:25:00,ANON013.SH,8.64,1900.0,160004,11025
2000-01-13 09:25:00,ANON013.SH,8.64,400.0,160004,31688
2000-01-13 09:25:00,ANON013.SH,8.64,200.0,160004,37108
2000-01-13 09:25:00,ANON013.SH,8.64,2500.0,160004,126598
2000-01-13 09:25:00,ANON013.SH,8.64,1400.0,176186,126598
2000-01-13 09:30:00.18,ANON013.SH,8.64,1100.0,200184,126598
2000-01-13 09:30:00.18,ANON013.SH,8.64,100.0,200184,141360
2000-01-13 09:30:00.18,ANON013.SH,8.64,1200.0,200184,144258
2000-01-13 09:30:00.72,ANON013.SH,8.64,5000.0,0,150528
2000-01-13 09:30:00.86,ANON013.SH,8.39,300.0,122045,0
2000-01-13 09:30:01.54,ANON013.SH,8.64,300.0,203083,144258
2000-01-13 09:30:01.75,ANON013.SH,8.64,500.0,204970,144258
2000-01-13 09:30:02,ANON013.SH,8.63,3300.0,193713,206150
2000-01-13 09:30:02.54,ANON013.SH,8.63,200.0,193713,212694
2000-01-13 09:30:02.54,ANON013.SH,8.63,10000.0,193713,212799
2000-01-13 09:30:02.54,ANON013.SH,8.66,400.0,0,197344
2000-01-13 09:30:02.97,ANON013.SH,8.63,100.0,193713,217618
2000-01-13 09:30:03.26,ANON013.SH,8.63,600.0,193713,221403
2000-01-13 09:30:03.26,ANON013.SH,8.64,100.0,222132,144258
2000-01-13 09:30:03.44,ANON013.SH,8.63,400.0,193713,224435
2000-01-13 09:30:03.44,ANON013.SH,7.78,100.0,143192,0
2000-01-13 09:30:03.56,ANON013.SH,8.64,400.0,225136,144258
2000-01-13 09:30:03.56,ANON013.SH,8.64,300.0,225136,156652
2000-01-13 09:30:03.56,ANON013.SH,8.64,100.0,225136,158364
2000-01-13 09:30:03.56,ANON013.SH,8.64,600.0,225136,167867
2000-01-13 09:30:03.56,ANON013.SH,8.64,500.0,225136,171260
2000-01-13 09:30:03.56,ANON013.SH,8.64,2000.0,225136,188215
2000-01-13 09:30:03.56,ANON013.SH,8.64,59.0,225136,202597
2000-01-13 09:30:03.56,ANON013.SH,8.64,100.0,225136,203654
2000-01-13 09:30:03.56,ANON013.SH,8.64,2000.0,225136,204925
2000-01-13 09:30:03.56,ANON013.SH,8.64,300.0,225136,206950
2000-01-13 09:30:03.56,ANON013.SH,8.64,200.0,225136,211727
2000-01-13 09:30:03.56,ANON013.SH,8.64,241.0,225136,213381
2000-01-13 09:30:03.71,ANON013.SH,8.64,16100.0,226803,213381
2000-01-13 09:30:03.71,ANON013.SH,8.63,4400.0,193713,227293
2000-01-13 09:30:03.88,ANON013.SH,8.63,200.0,193713,228534
2000-01-13 09:30:04.03,ANON013.SH,8.64,100.0,231153,213381
2000-01-13 09:30:04.03,ANON013.SH,8.63,200.0,193713,231209
2000-01-13 09:30:04.16,ANON013.SH,8.64,300.0,233307,213381
2000-01-13 09:30:04.32,ANON013.SH,8.63,4800.0,193713,234466
2000-01-13 09:30:04.32,ANON013.SH,8.63,1000.0,193713,235167
2000-01-13 09:30:04.32,ANON013.SH,8.63,5700.0,193713,235214
2000-01-13 09:30:04.32,ANON013.SH,8.63,100.0,206087,235214
2000-01-13 09:30:04.32,ANON013.SH,8.63,100.0,206291,235214
2000-01-13 09:30:04.32,ANON013.SH,8.63,600.0,218585,235214
2000-01-13 09:30:04.32,ANON013.SH,8.63,1200.0,223437,235214
2000-01-13 09:30:04.32,ANON013.SH,8.63,100.0,230237,235214
2000-01-13 09:30:04.32,ANON013.SH,8.63,100.0,230446,235214
2000-01-13 09:30:04.32,ANON013.SH,8.63,100.0,232011,235214
2000-01-13 09:30:04.32,ANON013.SH,8.63,11500.0,232057,235214
2000-01-13 09:30:04.32,ANON013.SH,8.63,6100.0,234487,235214
2000-01-13 09:30:04.46,ANON013.SH,8.44,2400.0,4888,0
2000-01-13 09:30:04.77,ANON013.SH,8.62,100.0,56118,238965
2000-01-13 09:30:04.77,ANON013.SH,8.63,100.0,239411,235214
2000-01-13 09:30:04.77,ANON013.SH,8.63,100.0,240228,235214
2000-01-13 09:30:04.91,ANON013.SH,8.63,500.0,241773,235214
2000-01-13 09:30:04.91,ANON013.SH,8.63,200.0,242338,235214
2000-01-13 09:30:05.23,ANON013.SH,8.63,100.0,245071,235214
2000-01-13 09:30:05.23,ANON013.SH,8.63,100.0,245977,235214
2000-01-13 09:30:05.38,ANON013.SH,8.63,100.0,246920,235214
2000-01-13 09:30:05.38,ANON013.SH,8.63,200.0,247621,235214
2000-01-13 09:30:05.38,ANON013.SH,8.63,100.0,247621,235621
2000-01-13 09:30:05.38,ANON013.SH,8.63,3400.0,247621,238465
2000-01-13 09:30:05.38,ANON013.SH,8.64,5300.0,247621,213381
2000-01-13 09:30:05.51,ANON013.SH,8.64,400.0,248727,213381
2000-01-13 09:30:05.66,ANON013.SH,8.63,500.0,251002,249104
2000-01-13 09:30:05.66,ANON013.SH,8.63,700.0,251002,250874
2000-01-13 09:30:05.66,ANON013.SH,8.63,3800.0,251002,250942
2000-01-13 09:30:05.66,ANON013.SH,8.64,300.0,0,250806
2000-01-13 09:30:06.07,ANON013.SH,8.63,100.0,256548,250942
2000-01-13 09:30:06.07,ANON013.SH,8.63,4000.0,256555,250942
2000-01-13 09:30:06.07,ANON013.SH,8.63,3000.0,256555,255786
2000-01-13 09:30:06.07,ANON013.SH,8.63,100.0,256680,255786
2000-01-13 09:30:06.07,ANON013.SH,8.63,800.0,256680,256174
2000-01-13 09:30:06.07,ANON013.SH,8.63,3600.0,256970,256180
2000-01-13 09:30:06.07,ANON013.SH,7.78,100.0,199476,0
2000-01-13 09:30:06.22,ANON013.SH,8.63,200.0,257345,256180
2000-01-13 09:30:06.22,ANON013.SH,8.63,900.0,257780,256180
2000-01-13 09:30:06.61,ANON013.SH,8.63,3800.0,263473,256180
2000-01-13 09:30:06.61,ANON013.SH,8.63,400.0,263473,256187
2000-01-13 09:30:06.61,ANON013.SH,8.63,200.0,263473,256188
2000-01-13 09:30:06.61,ANON013.SH,8.63,100.0,263473,256189
2000-01-13 09:30:06.61,ANON013.SH,8.63,200.0,263473,256190
2000-01-13 09:30:06.61,ANON013.SH,8.63,400.0,263473,256191
2000-01-13 09:30:06.61,ANON013.SH,8.63,1400.0,263473,256192
2000-01-13 09:30:06.61,ANON013.SH,8.63,200.0,263473,256193
2000-01-13 09:30:06.61,ANON013.SH,8.63,200.0,263473,256194
2000-01-13 09:30:06.61,ANON013.SH,8.63,300.0,263473,256195
2000-01-13 09:30:06.61,ANON013.SH,8.77,1000.0,0,131837
2000-01-13 09:30:06.76,ANON013.SH,8.63,100.0,264004,256195
2000-01-13 09:30:06.76,ANON013.SH,8.63,100.0,264125,256195
2000-01-13 09:30:06.76,ANON013.SH,8.63,200.0,264125,256200
2000-01-13 09:30:06.76,ANON013.SH,8.63,600.0,264125,256201
2000-01-13 09:30:06.76,ANON013.SH,8.63,400.0,264125,256202
2000-01-13 09:30:06.76,ANON013.SH,8.63,300.0,264125,256203
2000-01-13 09:30:06.76,ANON013.SH,8.63,300.0,264125,256204
2000-01-13 09:30:06.76,ANON013.SH,8.63,200.0,264125,256206
2000-01-13 09:30:06.76,ANON013.SH,8.63,100.0,264318,256206
2000-01-13 09:30:06.76,ANON013.SH,8.63,600.0,264318,256212
2000-01-13 09:30:06.76,ANON013.SH,8.63,200.0,264318,256213
2000-01-13 09:30:06.76,ANON013.SH,8.63,200.0,264318,256214
2000-01-13 09:30:06.76,ANON013.SH,8.63,100.0,264318,256221
2000-01-13 09:30:06.76,ANON013.SH,8.63,300.0,264318,256224
2000-01-13 09:30:06.93,ANON013.SH,8.63,600.0,265905,256224
2000-01-13 09:30:06.93,ANON013.SH,8.63,100.0,266619,256224
2000-01-13 09:30:06.93,ANON013.SH,8.63,200.0,266929,256224
2000-01-13 09:30:06.93,ANON013.SH,8.63,300.0,266929,256230
2000-01-13 09:30:06.93,ANON013.SH,8.63,500.0,266929,256233
2000-01-13 09:30:06.93,ANON013.SH,8.63,600.0,266929,256236
2000-01-13 09:30:06.93,ANON013.SH,8.63,400.0,266929,256237
2000-01-13 09:30:06.93,ANON013.SH,8.63,200.0,266929,256238
2000-01-13 09:30:06.93,ANON013.SH,8.63,300.0,266929,256241
2000-01-13 09:30:06.93,ANON013.SH,8.63,500.0,266929,256244
2000-01-13 09:30:06.93,ANON013.SH,8.63,200.0,266929,256245
2000-01-13 09:30:06.93,ANON013.SH,8.63,1700.0,266929,256247
2000-01-13 09:30:06.93,ANON013.SH,8.48,10000.0,43677,0
2000-01-13 09:30:07.07,ANON013.SH,8.63,2100.0,267906,256247
2000-01-13 09:30:07.07,ANON013.SH,8.63,200.0,268759,256247
2000-01-13 09:30:07.07,ANON013.SH,8.63,2100.0,268786,256247
2000-01-13 09:30:07.37,ANON013.SH,8.63,1800.0,271195,256247
2000-01-13 09:30:07.37,ANON013.SH,8.63,300.0,271195,256251
2000-01-13 09:30:07.51,ANON013.SH,8.63,500.0,273777,256251
2000-01-13 09:30:07.66,ANON013.SH,8.63,100.0,275487,256252
2000-01-13 09:30:07.66,ANON013.SH,8.63,500.0,275487,256253
2000-01-13 09:30:07.66,ANON013.SH,8.63,1900.0,275487,256254
2000-01-13 09:30:07.66,ANON013.SH,8.63,400.0,275487,256255
2000-01-13 09:30:07.66,ANON013.SH,8.63,600.0,275487,256256
2000-01-13 09:30:07.83,ANON013.SH,8.63,700.0,277026,256256
2000-01-13 09:30:07.83,ANON013.SH,8.63,900.0,277026,256257
2000-01-13 09:30:07.83,ANON013.SH,8.63,200.0,277026,256258
2000-01-13 09:30:07.83,ANON013.SH,8.63,300.0,277026,256259
2000-01-13 09:30:07.83,ANON013.SH,8.63,800.0,277026,256261
2000-01-13 09:30:07.83,ANON013.SH,8.63,200.0,277026,256262
2000-01-13 09:30:07.83,ANON013.SH,8.63,300.0,277026,256263
2000-01-13 09:30:07.83,ANON013.SH,8.63,500.0,277026,256264
2000-01-13 09:30:07.83,ANON013.SH,8.63,200.0,277026,256267
2000-01-13 09:30:07.83,ANON013.SH,8.63,200.0,277026,256269
2000-01-13 09:30:07.83,ANON013.SH,8.63,300.0,277026,256270
2000-01-13 09:30:07.83,ANON013.SH,8.63,100.0,277026,256273
2000-01-13 09:30:07.83,ANON013.SH,8.63,100.0,277379,256273
2000-01-13 09:30:07.98,ANON013.SH,8.63,100.0,278244,256273
2000-01-13 09:30:07.98,ANON013.SH,8.63,200.0,278244,256276
2000-01-13 09:30:07.98,ANON013.SH,8.63,400.0,278244,256277
2000-01-13 09:30:07.98,ANON013.SH,8.63,100.0,278244,256281
2000-01-13 09:30:07.98,ANON013.SH,8.63,300.0,278244,256283
2000-01-13 09:30:07.98,ANON013.SH,8.63,200.0,278244,256288
2000-01-13 09:30:07.98,ANON013.SH,8.63,1400.0,278244,256291
2000-01-13 09:30:07.98,ANON013.SH,8.63,200.0,278244,256292
2000-01-13 09:30:07.98,ANON013.SH,8.63,200.0,278244,256293
2000-01-13 09:30:07.98,ANON013.SH,8.63,300.0,278244,256296
2000-01-13 09:30:07.98,ANON013.SH,7.79,100.0,138423,0
2000-01-13 09:30:08.16,ANON013.SH,8.62,500.0,56118,280450
2000-01-13 09:30:08.16,ANON013.SH,8.62,300.0,60463,280450
2000-01-13 09:30:08.16,ANON013.SH,8.62,1100.0,261916,280450
2000-01-13 09:30:08.3,ANON013.SH,8.62,200.0,282246,280450
2000-01-13 09:30:08.3,ANON013.SH,8.63,500.0,282246,256296
2000-01-13 09:30:08.3,ANON013.SH,8.63,800.0,282246,256299
2000-01-13 09:30:08.3,ANON013.SH,8.63,500.0,282246,256301
2000-01-13 09:30:08.3,ANON013.SH,8.63,400.0,282246,256304
2000-01-13 09:30:08.3,ANON013.SH,8.63,200.0,282246,256307
2000-01-13 09:30:08.3,ANON013.SH,8.63,300.0,282246,256311
2000-01-13 09:30:08.3,ANON013.SH,8.63,400.0,282246,256315
2000-01-13 09:30:08.57,ANON013.SH,8.61,1400.0,80622,286406
2000-01-13 09:30:08.72,ANON013.SH,8.62,400.0,287839,287837
2000-01-13 09:30:08.72,ANON013.SH,8.63,800.0,288062,256315
2000-01-13 09:30:08.72,ANON013.SH,8.63,900.0,288062,256320
2000-01-13 09:30:08.72,ANON013.SH,8.63,300.0,288062,256322
2000-01-13 09:30:08.72,ANON013.SH,8.63,400.0,288062,256341
2000-01-13 09:30:08.72,ANON013.SH,8.63,200.0,288062,256345
2000-01-13 09:30:08.72,ANON013.SH,8.63,100.0,288062,256352
2000-01-13 09:30:08.72,ANON013.SH,8.63,100.0,288062,256355
2000-01-13 09:30:08.72,ANON013.SH,8.63,200.0,288062,256365
2000-01-13 09:30:08.72,ANON013.SH,8.63,400.0,288193,256365
2000-01-13 09:30:08.72,ANON013.SH,7.78,100.0,199620,0
2000-01-13 09:30:08.86,ANON013.SH,8.63,4600.0,290017,256365
2000-01-13 09:30:08.86,ANON013.SH,8.63,200.0,290017,256368
2000-01-13 09:30:08.86,ANON013.SH,8.63,200.0,290017,256377
2000-01-13 09:30:08.86,ANON013.SH,8.63,500.0,290017,256379
2000-01-13 09:30:08.86,ANON013.SH,8.63,200.0,290017,256543
2000-01-13 09:30:08.86,ANON013.SH,8.63,600.0,290017,256558
2000-01-13 09:30:08.86,ANON013.SH,8.63,900.0,290017,256933
2000-01-13 09:30:08.86,ANON013.SH,8.63,4500.0,290017,257060
2000-01-13 09:30:09.14,ANON013.SH,8.63,800.0,292951,257060
2000-01-13 09:30:09.14,ANON013.SH,8.63,6000.0,294146,257060
2000-01-13 09:30:09.42,ANON013.SH,8.63,600.0,297275,257060
2000-01-13 09:30:09.42,ANON013.SH,8.63,400.0,297275,257104
2000-01-13 09:30:09.42,ANON013.SH,8.63,5100.0,297275,257689
2000-01-13 09:30:09.42,ANON013.SH,8.63,100.0,297275,257927
2000-01-13 09:30:09.42,ANON013.SH,8.63,800.0,297275,259533
2000-01-13 09:30:09.42,ANON013.SH,8.63,1800.0,297275,261834
2000-01-13 09:30:09.42,ANON013.SH,8.63,100.0,297275,262870
2000-01-13 09:30:09.42,ANON013.SH,8.63,200.0,297275,262872
2000-01-13 09:30:09.42,ANON013.SH,8.63,7100.0,297275,263600
2000-01-13 09:30:09.42,ANON013.SH,8.63,300.0,297275,264055
2000-01-13 09:30:09.42,ANON013.SH,8.63,300.0,297275,264056
2000-01-13 09:30:09.42,ANON013.SH,8.63,400.0,297275,264059
2000-01-13 09:30:09.42,ANON013.SH,8.63,200.0,297275,264061
2000-01-13 09:30:09.42,ANON013.SH,8.63,300.0,297275,264062
2000-01-13 09:30:09.42,ANON013.SH,8.63,1700.0,297275,264108
2000-01-13 09:30:09.56,ANON013.SH,8.62,200.0,287839,297738
2000-01-13 09:30:09.56,ANON013.SH,8.62,400.0,287839,297775
2000-01-13 09:30:09.56,ANON013.SH,8.64,300.0,0,256679
2000-01-13 09:30:09.69,ANON013.SH,8.63,4300.0,300260,264108
2000-01-13 09:30:09.69,ANON013.SH,8.63,900.0,300260,266816
2000-01-13 09:30:09.69,ANON013.SH,8.63,900.0,300260,266817
2000-01-13 09:30:09.69,ANON013.SH,8.63,200.0,300260,268493
2000-01-13 09:30:09.69,ANON013.SH,8.63,300.0,300260,268494
2000-01-13 09:30:09.69,ANON013.SH,8.62,300.0,287839,301124
2000-01-13 09:30:09.69,ANON013.SH,8.64,300.0,0,285273
2000-01-13 09:30:09.84,ANON013.SH,8.63,100.0,301438,268495
2000-01-13 09:30:09.84,ANON013.SH,8.63,200.0,301438,268499
2000-01-13 09:30:09.84,ANON013.SH,8.63,600.0,301438,268602
2000-01-13 09:30:09.84,ANON013.SH,8.63,3200.0,301438,270306
2000-01-13 09:30:09.84,ANON013.SH,8.63,200.0,301438,270903
2000-01-13 09:30:09.84,ANON013.SH,8.63,100.0,301438,271337
2000-01-13 09:30:09.84,ANON013.SH,8.63,200.0,301438,274431
2000-01-13 09:30:09.84,ANON013.SH,8.63,600.0,301438,275115
2000-01-13 09:30:09.84,ANON013.SH,8.63,100.0,301438,277538
2000-01-13 09:30:09.84,ANON013.SH,8.63,100.0,301438,277573
2000-01-13 09:30:09.84,ANON013.SH,8.63,400.0,301438,277692
2000-01-13 09:30:09.84,ANON013.SH,8.63,100.0,301438,278369
2000-01-13 09:30:09.84,ANON013.SH,8.63,200.0,301438,278510
2000-01-13 09:30:09.84,ANON013.SH,8.63,100.0,301438,279914
2000-01-13 09:30:09.84,ANON013.SH,8.63,100.0,301438,281657
2000-01-13 09:30:09.84,ANON013.SH,8.63,200.0,301439,281657
2000-01-13 09:30:09.84,ANON013.SH,8.63,400.0,301439,281821
2000-01-13 09:30:09.84,ANON013.SH,8.63,200.0,301439,284614
2000-01-13 09:30:09.84,ANON013.SH,8.63,200.0,301439,284740
2000-01-13 09:30:09.84,ANON013.SH,8.63,500.0,301439,284747
2000-01-13 09:30:09.84,ANON013.SH,8.63,200.0,301439,284750
2000-01-13 09:30:09.84,ANON013.SH,8.63,200.0,301439,284753
2000-01-13 09:30:09.84,ANON013.SH,8.63,600.0,301439,284787
2000-01-13 09:30:09.84,ANON013.SH,8.63,400.0,301439,285999
2000-01-13 09:30:09.84,ANON013.SH,8.63,700.0,301439,287046
2000-01-13 09:30:09.84,ANON013.SH,8.63,600.0,301439,288708
2000-01-13 09:30:09.84,ANON013.SH,8.63,600.0,301439,289015
2000-01-13 09:30:09.84,ANON013.SH,8.63,1700.0,301439,290478
2000-01-13 09:30:09.84,ANON013.SH,8.63,1700.0,301439,290556
2000-01-13 09:30:09.84,ANON013.SH,8.63,300.0,301439,293579
2000-01-13 09:30:09.84,ANON013.SH,8.63,900.0,301439,301032
2000-01-13 09:30:09.84,ANON013.SH,8.63,200.0,301439,301416
2000-01-13 09:30:09.84,ANON013.SH,8.64,3900.0,301439,213381
2000-01-13 09:30:09.84,ANON013.SH,8.63,100.0,301440,301964
2000-01-13 09:30:09.84,ANON013.SH,8.63,600.0,301440,302014
2000-01-13 09:30:09.84,ANON013.SH,8.63,300.0,301440,302455
2000-01-13 09:30:09.84,ANON013.SH,8.63,400.0,301440,302513
2000-01-13 09:30:09.84,ANON013.SH,8.63,700.0,301440,302592
2000-01-13 09:30:10.03,ANON013.SH,8.63,100.0,301440,304278
2000-01-13 09:30:10.03,ANON013.SH,8.63,300.0,301440,304353
2000-01-13 09:30:10.03,ANON013.SH,8.63,100.0,301440,304583
2000-01-13 09:30:10.03,ANON013.SH,8.63,200.0,301440,304922
2000-01-13 09:30:10.24,ANON013.SH,8.63,200.0,301440,306555
2000-01-13 09:30:10.24,ANON013.SH,8.63,200.0,301440,307501
2000-01-13 09:30:10.38,ANON013.SH,8.62,2000.0,287839,307637
2000-01-13 09:30:10.38,ANON013.SH,8.63,100.0,308073,307776
2000-01-13 09:30:10.38,ANON013.SH,8.62,700.0,287839,308800
2000-01-13 09:30:10.8,ANON013.SH,8.62,200.0,287839,313940
2000-01-13 09:30:10.8,ANON013.SH,8.63,100.0,314294,307776
2000-01-13 09:30:10.8,ANON013.SH,7.79,100.0,312453,0
2000-01-13 09:30:10.8,ANON013.SH,7.79,100.0,311678,0
2000-01-13 09:30:10.8,ANON013.SH,8.6,1100.0,174698,0
2000-01-13 09:30:10.8,ANON013.SH,8.64,700.0,0,255431
2000-01-13 09:30:10.94,ANON013.SH,8.63,600.0,314609,307776
2000-01-13 09:30:10.94,ANON013.SH,8.63,300.0,314609,307842
2000-01-13 09:30:10.94,ANON013.SH,8.63,300.0,314609,307935
2000-01-13 09:30:10.94,ANON013.SH,8.63,300.0,314609,308239
2000-01-13 09:30:10.94,ANON013.SH,8.63,200.0,314609,309138
2000-01-13 09:30:10.94,ANON013.SH,8.63,1200.0,314609,311420
2000-01-13 09:30:10.94,ANON013.SH,8.63,100.0,314609,311998
2000-01-13 09:30:10.94,ANON013.SH,8.63,100.0,314609,313406
2000-01-13 09:30:10.94,ANON013.SH,8.63,600.0,314609,313514
2000-01-13 09:30:10.94,ANON013.SH,8.63,100.0,314609,313516
2000-01-13 09:30:10.94,ANON013.SH,8.63,1200.0,314609,313595
2000-01-13 09:30:10.94,ANON013.SH,8.63,2100.0,314609,313646
2000-01-13 09:30:10.94,ANON013.SH,8.64,2900.0,314609,213381
2000-01-13 09:30:10.94,ANON013.SH,8.62,100.0,287839,314979
2000-01-13 09:30:11.09,ANON013.SH,8.63,100.0,317569,315562
2000-01-13 09:30:11.09,ANON013.SH,8.64,7100.0,317569,213381
2000-01-13 09:30:11.09,ANON013.SH,7.79,100.0,316186,0
2000-01-13 09:30:11.09,ANON013.SH,7.79,100.0,316457,0
2000-01-13 09:30:11.22,ANON013.SH,8.63,200.0,318005,318692
2000-01-13 09:30:11.22,ANON013.SH,8.63,200.0,318005,318818
2000-01-13 09:30:11.54,ANON013.SH,8.63,100.0,318005,321873
2000-01-13 09:30:11.54,ANON013.SH,8.64,21959.0,322613,213381
2000-01-13 09:30:11.54,ANON013.SH,8.64,11300.0,322613,214667
2000-01-13 09:30:11.54,ANON013.SH,8.64,1000.0,322613,218880
2000-01-13 09:30:11.54,ANON013.SH,8.64,100.0,322613,220820
2000-01-13 09:30:11.54,ANON013.SH,8.64,100.0,322613,224357
2000-01-13 09:30:11.54,ANON013.SH,8.64,100.0,322613,225140
2000-01-13 09:30:11.54,ANON013.SH,8.64,100.0,322613,227214
2000-01-13 09:30:11.54,ANON013.SH,8.64,100.0,322613,229786
2000-01-13 09:30:11.54,ANON013.SH,8.64,100.0,322613,235825
2000-01-13 09:30:11.54,ANON013.SH,8.64,20000.0,322613,236782
2000-01-13 09:30:11.54,ANON013.SH,8.64,2000.0,322613,237962
2000-01-13 09:30:11.54,ANON013.SH,8.64,500.0,322613,239643
2000-01-13 09:30:11.54,ANON013.SH,8.64,100.0,322613,239812
2000-01-13 09:30:11.54,ANON013.SH,8.64,13300.0,322613,242294
2000-01-13 09:30:11.54,ANON013.SH,8.64,900.0,322613,244049
2000-01-13 09:30:11.54,ANON013.SH,8.64,1000.0,322613,253595
2000-01-13 09:30:11.54,ANON013.SH,8.64,200.0,322613,256117
2000-01-13 09:30:11.54,ANON013.SH,8.64,100.0,322613,256128
2000-01-13 09:30:11.54,ANON013.SH,8.64,100.0,322613,257761
2000-01-13 09:30:11.54,ANON013.SH,8.64,100.0,322613,257949
2000-01-13 09:30:11.54,ANON013.SH,8.64,600.0,322613,258540
2000-01-13 09:30:11.54,ANON013.SH,8.64,400.0,322613,259780
2000-01-13 09:30:11.54,ANON013.SH,8.64,1741.0,322613,261246
2000-01-13 09:30:11.54,ANON013.SH,8.63,300.0,318005,323299
2000-01-13 09:30:11.54,ANON013.SH,9.0,23000.0,0,257067
2000-01-13 09:30:11.67,ANON013.SH,8.63,900.0,318005,323532
2000-01-13 09:30:11.67,ANON013.SH,8.63,700.0,318005,323553
2000-01-13 09:30:11.67,ANON013.SH,8.63,300.0,318005,324279
2000-01-13 09:30:11.67,ANON013.SH,8.63,400.0,318005,324420
2000-01-13 09:30:11.67,ANON013.SH,8.63,100.0,323249,324420
2000-01-13 09:30:11.8,ANON013.SH,8.63,200.0,323249,326528
2000-01-13 09:30:11.94,ANON013.SH,8.63,300.0,323249,327375
2000-01-13 09:30:11.94,ANON013.SH,8.63,1500.0,323249,327856
2000-01-13 09:30:12.22,ANON013.SH,8.63,400.0,323249,330100
2000-01-13 09:30:12.36,ANON013.SH,8.63,200.0,323249,331967
2000-01-13 09:30:12.66,ANON013.SH,8.64,100.0,335403,261246
2000-01-13 09:30:12.66,ANON013.SH,8.63,100.0,323249,335727
2000-01-13 09:30:12.66,ANON013.SH,8.64,1659.0,336172,261246
2000-01-13 09:30:12.66,ANON013.SH,8.64,5000.0,336172,262199
2000-01-13 09:30:12.66,ANON013.SH,8.64,200.0,336172,262807
2000-01-13 09:30:12.66,ANON013.SH,8.64,200.0,336172,265774
2000-01-13 09:30:12.66,ANON013.SH,8.64,241.0,336172,271798
2000-01-13 09:30:12.66,ANON013.SH,8.63,100.0,323249,336252
2000-01-13 09:30:12.66,ANON013.SH,8.63,100.0,323249,336286
2000-01-13 09:30:12.66,ANON013.SH,8.63,100.0,323249,336414
2000-01-13 09:30:12.8,ANON013.SH,8.63,1700.0,323249,337327
2000-01-13 09:30:12.8,ANON013.SH,8.63,200.0,323249,338216
2000-01-13 09:30:13.07,ANON013.SH,8.63,900.0,323249,341015
2000-01-13 09:30:13.23,ANON013.SH,8.63,100.0,323249,341683
2000-01-13 09:30:13.23,ANON013.SH,8.63,100.0,323249,342660
2000-01-13 09:30:13.23,ANON013.SH,8.64,5400.0,0,332574
2000-01-13 09:30:13.37,ANON013.SH,8.63,4000.0,323249,344220
2000-01-13 09:30:13.37,ANON013.SH,8.64,159.0,344331,271798
2000-01-13 09:30:13.37,ANON013.SH,8.64,300.0,344331,274299
2000-01-13 09:30:13.37,ANON013.SH,8.64,1600.0,344331,275478
2000-01-13 09:30:13.37,ANON013.SH,8.64,1900.0,344331,277586
2000-01-13 09:30:13.37,ANON013.SH,8.64,500.0,344331,281916
2000-01-13 09:30:13.37,ANON013.SH,8.64,300.0,344331,282722
2000-01-13 09:30:13.37,ANON013.SH,8.64,1000.0,344331,282738
2000-01-13 09:30:13.37,ANON013.SH,8.64,100.0,344331,282982
2000-01-13 09:30:13.37,ANON013.SH,8.64,300.0,344331,286039
2000-01-13 09:30:13.37,ANON013.SH,8.64,100.0,344331,286623
2000-01-13 09:30:13.37,ANON013.SH,8.64,100.0,344331,289258
2000-01-13 09:30:13.37,ANON013.SH,8.64,100.0,344331,292962
2000-01-13 09:30:13.37,ANON013.SH,8.64,10000.0,344331,293233
2000-01-13 09:30:13.37,ANON013.SH,8.64,3000.0,344331,296204
2000-01-13 09:30:13.37,ANON013.SH,8.64,200.0,344331,308886
2000-01-13 09:30:13.37,ANON013.SH,8.64,200.0,344331,322719
2000-01-13 09:30:13.37,ANON013.SH,8.64,600.0,344331,330313
2000-01-13 09:30:13.37,ANON013.SH,8.64,100.0,344331,333108
2000-01-13 09:30:13.37,ANON013.SH,8.64,1400.0,344331,335311
2000-01-13 09:30:13.37,ANON013.SH,8.64,1300.0,344331,335312
2000-01-13 09:30:13.37,ANON013.SH,8.64,700.0,344331,335322
2000-01-13 09:30:13.37,ANON013.SH,8.64,200.0,344331,335323
2000-01-13 09:30:13.37,ANON013.SH,8.64,700.0,344331,335494
2000-01-13 09:30:13.37,ANON013.SH,8.64,2000.0,344331,336728
2000-01-13 09:30:13.37,ANON013.SH,8.64,200.0,344331,337409
2000-01-13 09:30:13.37,ANON013.SH,8.64,200.0,344331,340618
2000-01-13 09:30:13.37,ANON013.SH,8.64,300.0,344331,344519
2000-01-13 09:30:13.51,ANON013.SH,8.64,100.0,344331,346139
2000-01-13 09:30:13.64,ANON013.SH,8.64,100.0,344331,347663
2000-01-13 09:30:13.64,ANON013.SH,8.64,600.0,344331,347706
2000-01-13 09:30:13.78,ANON013.SH,8.64,22741.0,344331,347992
2000-01-13 09:30:13.78,ANON013.SH,8.64,11959.0,347848,347992
2000-01-13 09:30:13.92,ANON013.SH,8.64,400.0,347848,349599
2000-01-13 09:30:13.92,ANON013.SH,8.64,300.0,347848,349603
2000-01-13 09:30:13.92,ANON013.SH,8.64,2641.0,347848,349765
2000-01-13 09:30:13.92,ANON013.SH,8.63,5700.0,323249,349765
2000-01-13 09:30:13.92,ANON013.SH,8.63,259.0,323567,349765
2000-01-13 09:30:14.06,ANON013.SH,8.63,500.0,323567,351261
2000-01-13 09:30:14.06,ANON013.SH,8.63,800.0,323567,351368
2000-01-13 09:30:14.06,ANON013.SH,8.63,100.0,323567,352258
2000-01-13 09:30:14.18,ANON013.SH,8.63,200.0,323567,352846
2000-01-13 09:30:14.18,ANON013.SH,8.63,300.0,323567,353097
2000-01-13 09:30:14.32,ANON013.SH,8.63,1841.0,323567,354019
2000-01-13 09:30:14.32,ANON013.SH,8.63,200.0,338496,354019
2000-01-13 09:30:14.32,ANON013.SH,8.63,2000.0,343420,354019
2000-01-13 09:30:14.32,ANON013.SH,8.63,700.0,343828,354019
2000-01-13 09:30:14.32,ANON013.SH,8.63,1000.0,348022,354019
2000-01-13 09:30:14.32,ANON013.SH,8.63,700.0,350234,354019
2000-01-13 09:30:14.63,ANON013.SH,8.63,400.0,356436,354019
2000-01-13 09:30:14.63,ANON013.SH,8.62,100.0,335019,0
2000-01-13 09:30:14.73,ANON013.SH,8.63,600.0,357313,354019
2000-01-13 09:30:14.73,ANON013.SH,8.62,2400.0,287839,357928
2000-01-13 09:30:14.87,ANON013.SH,8.63,1000.0,358615,354019
2000-01-13 09:30:14.87,ANON013.SH,8.63,100.0,358751,354019
2000-01-13 09:30:14.87,ANON013.SH,8.63,700.0,359495,354019
2000-01-13 09:30:14.87,ANON013.SH,8.63,1200.0,359508,354019
2000-01-13 09:30:15,ANON013.SH,8.63,300.0,360206,354019
2000-01-13 09:30:15,ANON013.SH,8.62,700.0,287839,360517
2000-01-13 09:30:15,ANON013.SH,8.63,2300.0,361097,354019
2000-01-13 09:30:15.13,ANON013.SH,8.63,4559.0,0,354019
2000-01-13 09:30:15.25,ANON013.SH,7.78,100.0,305317,0
2000-01-13 09:30:15.33,ANON013.SH,8.63,100.0,363204,356969
2000-01-13 09:30:15.33,ANON013.SH,8.63,3300.0,363204,359020
2000-01-13 09:30:15.36,ANON013.SH,8.63,700.0,363352,359020
2000-01-13 09:30:15.36,ANON013.SH,8.63,2100.0,363371,359020
2000-01-13 09:30:15.45,ANON013.SH,8.63,700.0,363607,359020
2000-01-13 09:30:15.55,ANON013.SH,8.63,100.0,364609,359020
2000-01-13 09:30:15.6,ANON013.SH,8.63,300.0,365209,359020
2000-01-13 09:30:15.6,ANON013.SH,8.63,200.0,365217,359020
2000-01-13 09:30:15.78,ANON013.SH,8.63,3000.0,366287,359020
2000-01-13 09:30:15.78,ANON013.SH,8.63,2200.0,366419,359020
2000-01-13 09:30:15.83,ANON013.SH,8.62,2500.0,287839,366675
2000-01-13 09:30:15.83,ANON013.SH,8.63,800.0,366713,359020
2000-01-13 09:30:15.83,ANON013.SH,8.63,1200.0,366713,359026
2000-01-13 09:30:15.89,ANON013.SH,8.63,1000.0,367307,359026
2000-01-13 09:30:16.04,ANON013.SH,8.63,200.0,368180,359026
2000-01-13 09:30:16.08,ANON013.SH,8.63,100.0,368337,359026
2000-01-13 09:30:16.11,ANON013.SH,8.62,100.0,287839,368703
2000-01-13 09:30:16.11,ANON013.SH,8.62,2100.0,356846,0
2000-01-13 09:30:16.17,ANON013.SH,8.63,400.0,369197,359026
2000-01-13 09:30:16.26,ANON013.SH,8.63,1200.0,369445,359026
2000-01-13 09:30:16.26,ANON013.SH,8.63,600.0,369445,359613
2000-01-13 09:30:16.26,ANON013.SH,8.63,800.0,369552,359613
2000-01-13 09:30:16.26,ANON013.SH,8.63,800.0,369552,360596
2000-01-13 09:30:16.26,ANON013.SH,8.63,1600.0,369552,364288
2000-01-13 09:30:16.26,ANON013.SH,8.63,600.0,369552,366482
2000-01-13 09:30:16.26,ANON013.SH,8.63,100.0,369552,368696
2000-01-13 09:30:16.26,ANON013.SH,8.64,100.0,369552,353272
2000-01-13 09:30:16.26,ANON013.SH,8.64,300.0,369552,356760
2000-01-13 09:30:16.26,ANON013.SH,8.64,100.0,369552,361954
2000-01-13 09:30:16.26,ANON013.SH,8.64,1700.0,369552,364191
2000-01-13 09:30:16.26,ANON013.SH,8.64,100.0,369552,365891
2000-01-13 09:30:16.26,ANON013.SH,8.64,300.0,369552,366483
2000-01-13 09:30:16.43,ANON013.SH,8.63,500.0,370653,370757
2000-01-13 09:30:16.51,ANON013.SH,8.63,2500.0,370653,371238
2000-01-13 09:30:16.77,ANON013.SH,8.63,32100.0,370653,372834
2000-01-13 09:30:16.77,ANON013.SH,8.63,800.0,371924,372834
2000-01-13 09:30:16.77,ANON013.SH,8.63,5300.0,372098,372834
2000-01-13 09:30:16.77,ANON013.SH,8.62,100.0,287839,372834
2000-01-13 09:30:16.81,ANON013.SH,8.62,1400.0,287839,373176
2000-01-13 09:30:16.81,ANON013.SH,8.62,400.0,288040,373176
2000-01-13 09:30:16.81,ANON013.SH,8.62,400.0,296133,373176
2000-01-13 09:30:16.81,ANON013.SH,8.62,1200.0,303663,373176
2000-01-13 09:30:17,ANON013.SH,8.64,400.0,373978,366483
2000-01-13 09:30:17,ANON013.SH,8.64,100.0,373978,367512
2000-01-13 09:30:17.4,ANON013.SH,8.63,1300.0,373802,376572
2000-01-13 09:30:17.4,ANON013.SH,8.63,1300.0,373802,376661
2000-01-13 09:30:17.4,ANON013.SH,8.64,600.0,376700,367512
2000-01-13 09:30:17.4,ANON013.SH,8.64,100.0,376700,369345
2000-01-13 09:30:17.4,ANON013.SH,8.64,100.0,376700,370718
2000-01-13 09:30:17.42,ANON013.SH,8.64,300.0,376700,376905
2000-01-13 09:30:17.42,ANON013.SH,8.64,200.0,376700,376913
2000-01-13 09:30:17.42,ANON013.SH,8.64,100.0,376700,376915
2000-01-13 09:30:17.42,ANON013.SH,8.64,100.0,376700,376920
2000-01-13 09:30:17.42,ANON013.SH,8.64,100.0,376700,376925
2000-01-13 09:30:17.42,ANON013.SH,8.64,100.0,376700,376929
2000-01-13 09:30:17.42,ANON013.SH,8.64,100.0,376700,376931
2000-01-13 09:30:17.42,ANON013.SH,8.64,200.0,376700,376934
2000-01-13 09:30:17.42,ANON013.SH,8.64,200.0,376700,376940
2000-01-13 09:30:17.42,ANON013.SH,8.64,200.0,376700,376942
2000-01-13 09:30:17.42,ANON013.SH,8.64,100.0,376705,376955
2000-01-13 09:30:17.42,ANON013.SH,8.64,200.0,376705,376962
2000-01-13 09:30:17.42,ANON013.SH,8.64,100.0,376705,376969
2000-01-13 09:30:17.42,ANON013.SH,8.64,300.0,376705,376972
2000-01-13 09:30:17.42,ANON013.SH,8.64,200.0,376705,376982
2000-01-13 09:30:17.42,ANON013.SH,8.64,100.0,376705,376992
2000-01-13 09:30:17.42,ANON013.SH,8.64,200.0,376705,377000
2000-01-13 09:30:17.42,ANON013.SH,8.64,100.0,376705,377101
2000-01-13 09:30:17.42,ANON013.SH,8.64,100.0,376705,377111
2000-01-13 09:30:17.42,ANON013.SH,8.64,100.0,376705,377187
2000-01-13 09:30:17.42,ANON013.SH,8.64,200.0,376705,377188
2000-01-13 09:30:17.42,ANON013.SH,8.64,100.0,376705,377189
2000-01-13 09:30:17.42,ANON013.SH,8.64,100.0,376705,377194
2000-01-13 09:30:17.42,ANON013.SH,8.64,100.0,376705,377195
2000-01-13 09:30:17.42,ANON013.SH,8.64,100.0,376705,377196
2000-01-13 09:30:17.42,ANON013.SH,8.64,100.0,376705,377197
2000-01-13 09:30:17.42,ANON013.SH,8.64,100.0,376705,377198
2000-01-13 09:30:17.42,ANON013.SH,8.64,200.0,376705,377199
2000-01-13 09:30:17.42,ANON013.SH,8.64,200.0,376705,377200
2000-01-13 09:30:17.42,ANON013.SH,8.64,100.0,376705,377201
2000-01-13 09:30:17.42,ANON013.SH,8.64,100.0,376705,377202
2000-01-13 09:30:17.42,ANON013.SH,8.64,100.0,376705,377203
2000-01-13 09:30:17.42,ANON013.SH,8.64,100.0,376705,377204
2000-01-13 09:30:17.42,ANON013.SH,8.64,100.0,376705,377206
2000-01-13 09:30:17.42,ANON013.SH,8.64,100.0,376705,377207
2000-01-13 09:30:17.42,ANON013.SH,8.64,100.0,376705,377209
2000-01-13 09:30:17.42,ANON013.SH,8.64,100.0,376706,377210
2000-01-13 09:30:17.42,ANON013.SH,8.64,100.0,376718,377211
2000-01-13 09:30:17.42,ANON013.SH,8.64,100.0,376718,377212
2000-01-13 09:30:17.42,ANON013.SH,8.64,100.0,376722,377214
2000-01-13 09:30:17.42,ANON013.SH,8.64,200.0,376722,377251
2000-01-13 09:30:17.42,ANON013.SH,8.64,100.0,376722,377252
2000-01-13 09:30:17.42,ANON013.SH,8.64,100.0,376730,377252
2000-01-13 09:30:17.42,ANON013.SH,8.64,100.0,376737,377253
2000-01-13 09:30:17.46,ANON013.SH,8.64,200.0,376737,377258
2000-01-13 09:30:17.46,ANON013.SH,8.64,100.0,376737,377267
2000-01-13 09:30:17.46,ANON013.SH,8.64,100.0,376749,377285
2000-01-13 09:30:17.46,ANON013.SH,8.64,100.0,376755,377285
2000-01-13 09:30:17.46,ANON013.SH,8.64,200.0,376761,377286
2000-01-13 09:30:17.46,ANON013.SH,8.64,200.0,376793,377291
2000-01-13 09:30:17.5,ANON013.SH,8.64,200.0,376793,377630
2000-01-13 09:30:17.5,ANON013.SH,8.64,300.0,376874,377630
2000-01-13 09:30:17.5,ANON013.SH,8.64,100.0,377034,377630
2000-01-13 09:30:17.5,ANON013.SH,8.64,300.0,377034,377632
2000-01-13 09:30:17.5,ANON013.SH,8.63,400.0,373802,377632
2000-01-13 09:30:17.61,ANON013.SH,8.63,1000.0,373802,378388
2000-01-13 09:30:17.77,ANON013.SH,8.65,200.0,379134,44567
2000-01-13 09:30:17.77,ANON013.SH,8.65,300.0,379134,55501
2000-01-13 09:30:17.77,ANON013.SH,8.62,300.0,374064,0
2000-01-13 09:30:17.82,ANON013.SH,8.65,200.0,379284,55501
2000-01-13 09:30:17.89,ANON013.SH,8.64,400.0,378749,379614
2000-01-13 09:30:17.89,ANON013.SH,8.64,200.0,378749,379677
2000-01-13 09:30:17.89,ANON013.SH,8.64,100.0,378749,379679
2000-01-13 09:30:17.97,ANON013.SH,8.63,900.0,373802,379858
2000-01-13 09:30:18,ANON013.SH,8.64,100.0,380314,379679
2000-01-13 09:30:18,ANON013.SH,8.64,100.0,380314,379680
2000-01-13 09:30:18,ANON013.SH,8.64,100.0,380314,379683
2000-01-13 09:30:18,ANON013.SH,8.64,100.0,380314,379684
2000-01-13 09:30:18,ANON013.SH,8.64,100.0,380314,379685
2000-01-13 09:30:18.13,ANON013.SH,8.64,1300.0,380314,381091
2000-01-13 09:30:18.13,ANON013.SH,8.63,200.0,373802,381091
2000-01-13 09:30:18.24,ANON013.SH,8.64,1100.0,381664,381201
2000-01-13 09:30:18.24,ANON013.SH,8.64,200.0,381664,381407
2000-01-13 09:30:18.37,ANON013.SH,8.64,400.0,381664,382268
2000-01-13 09:30:18.37,ANON013.SH,8.64,23700.0,382042,0
2000-01-13 09:30:18.43,ANON013.SH,8.64,2800.0,382294,0
2000-01-13 09:30:18.46,ANON013.SH,8.64,4200.0,381664,382487
2000-01-13 09:30:18.46,ANON013.SH,8.64,8100.0,381965,382487
2000-01-13 09:30:18.46,ANON013.SH,8.64,4900.0,381965,382491
2000-01-13 09:30:18.46,ANON013.SH,8.64,12400.0,381965,0
2000-01-13 09:30:18.91,ANON013.SH,8.64,700.0,383763,384886
2000-01-13 09:30:18.91,ANON013.SH,8.61,1200.0,369882,0
2000-01-13 09:30:18.99,ANON013.SH,8.65,500.0,0,358535
2000-01-13 09:30:19.06,ANON013.SH,8.64,800.0,383763,385631
2000-01-13 09:30:19.14,ANON013.SH,8.63,6800.0,376349,0
2000-01-13 09:30:19.2,ANON013.SH,8.64,700.0,383763,386465
2000-01-13 09:30:19.22,ANON013.SH,8.64,200.0,383763,386590
2000-01-13 09:30:19.26,ANON013.SH,8.63,3500.0,378809,0
2000-01-13 09:30:19.28,ANON013.SH,8.61,9300.0,379992,0
2000-01-13 09:30:19.44,ANON013.SH,8.64,1100.0,383763,387420
2000-01-13 09:30:19.44,ANON013.SH,8.64,800.0,385859,387420
2000-01-13 09:30:19.44,ANON013.SH,8.64,700.0,385861,387420
2000-01-13 09:30:19.44,ANON013.SH,8.64,600.0,386552,387420
2000-01-13 09:30:19.67,ANON013.SH,8.62,9100.0,381457,0
2000-01-13 09:30:19.7,ANON013.SH,8.9,1000.0,0,224946
2000-01-13 09:30:20.03,ANON013.SH,8.64,800.0,390291,387420
2000-01-13 09:30:20.07,ANON013.SH,8.64,500.0,390291,390624
2000-01-13 09:30:20.15,ANON013.SH,8.64,100.0,390291,390932
2000-01-13 09:30:20.26,ANON013.SH,8.62,2300.0,350482,0
2000-01-13 09:30:20.3,ANON013.SH,8.62,2100.0,350476,0
2000-01-13 09:30:20.41,ANON013.SH,8.64,300.0,390291,392017
2000-01-13 09:30:20.41,ANON013.SH,8.63,67200.0,375666,0
2000-01-13 09:30:20.59,ANON013.SH,8.65,300.0,392976,55501
2000-01-13 09:30:20.65,ANON013.SH,8.65,100.0,393204,55501
2000-01-13 09:30:20.89,ANON013.SH,8.63,3600.0,391436,0
2000-01-13 09:30:21.07,ANON013.SH,8.64,12000.0,390291,0
2000-01-13 09:30:21.14,ANON013.SH,8.62,400.0,353380,0
2000-01-13 09:30:21.19,ANON013.SH,8.61,100.0,306347,0
2000-01-13 09:30:21.31,ANON013.SH,8.65,4800.0,395694,55501
2000-01-13 09:30:21.41,ANON013.SH,8.65,15400.0,396064,55501
2000-01-13 09:30:21.48,ANON013.SH,8.65,100.0,396250,55501
2000-01-13 09:30:21.54,ANON013.SH,8.65,200.0,396484,55501
2000-01-13 09:30:21.54,ANON013.SH,8.65,200.0,396485,55501
2000-01-13 09:30:21.54,ANON013.SH,8.61,1600.0,368527,0
2000-01-13 09:30:21.54,ANON013.SH,8.64,200.0,395806,0
2000-01-13 09:30:21.54,ANON013.SH,8.64,200.0,395778,0
2000-01-13 09:30:21.74,ANON013.SH,8.63,3400.0,389351,0
2000-01-13 09:30:22.22,ANON013.SH,8.65,3400.0,399162,55501
2000-01-13 09:30:23.02,ANON013.SH,8.64,300.0,392665,402186
2000-01-13 09:30:23.02,ANON013.SH,8.64,1100.0,395834,402186
2000-01-13 09:30:23.11,ANON013.SH,8.65,3500.0,402702,55501
2000-01-13 09:30:23.19,ANON013.SH,8.61,200.0,319566,0
2000-01-13 09:30:23.36,ANON013.SH,8.65,100.0,403820,55501
2000-01-13 09:30:23.43,ANON013.SH,8.65,200.0,404189,55501
2000-01-13 09:30:23.46,ANON013.SH,8.65,2100.0,404242,55501
2000-01-13 09:30:23.73,ANON013.SH,8.64,2300.0,395834,405521
2000-01-13 09:30:23.85,ANON013.SH,8.64,100.0,396721,405976
2000-01-13 09:30:23.85,ANON013.SH,8.64,3100.0,398273,405976
2000-01-13 09:30:23.99,ANON013.SH,8.65,200.0,0,362775
2000-01-13 09:30:24.04,ANON013.SH,8.63,13700.0,381323,0
2000-01-13 09:30:24.14,ANON013.SH,8.65,400.0,0,394696
2000-01-13 09:30:24.45,ANON013.SH,8.65,2600.0,408193,55501
2000-01-13 09:30:25.02,ANON013.SH,8.63,11100.0,394885,0
2000-01-13 09:30:25.62,ANON013.SH,8.63,13600.0,399981,0
2000-01-13 09:30:25.62,ANON013.SH,8.63,1100.0,400992,0
2000-01-13 09:30:25.72,ANON013.SH,8.65,2100.0,412710,55501
2000-01-13 09:30:26.04,ANON013.SH,8.65,1300.0,413992,55501
2000-01-13 09:30:26.13,ANON013.SH,8.65,1300.0,414412,55501
2000-01-13 09:30:26.44,ANON013.SH,8.65,200.0,415695,55501
2000-01-13 09:30:26.62,ANON013.SH,8.65,100.0,0,357653
2000-01-13 09:30:26.62,ANON013.SH,8.65,100.0,0,366172
2000-01-13 09:30:26.62,ANON013.SH,8.65,200.0,0,357673
2000-01-13 09:30:26.62,ANON013.SH,8.65,100.0,0,357660
2000-01-13 09:30:26.62,ANON013.SH,8.65,200.0,0,357661
2000-01-13 09:30:26.62,ANON013.SH,8.65,100.0,0,365407
2000-01-13 09:30:26.62,ANON013.SH,8.65,300.0,0,357659
2000-01-13 09:30:26.62,ANON013.SH,8.65,100.0,0,357701
2000-01-13 09:30:26.62,ANON013.SH,8.65,300.0,0,357666
2000-01-13 09:30:26.62,ANON013.SH,8.65,100.0,0,357667
2000-01-13 09:30:26.62,ANON013.SH,8.65,300.0,0,368786
2000-01-13 09:30:26.62,ANON013.SH,8.65,100.0,0,372073
2000-01-13 09:30:26.62,ANON013.SH,8.65,100.0,0,372072
2000-01-13 09:30:26.62,ANON013.SH,8.65,100.0,0,376283
2000-01-13 09:30:26.62,ANON013.SH,8.65,100.0,0,376282
2000-01-13 09:30:26.62,ANON013.SH,8.65,100.0,0,357668
2000-01-13 09:30:26.62,ANON013.SH,8.65,100.0,0,376299
2000-01-13 09:30:26.62,ANON013.SH,8.65,100.0,0,371865
2000-01-13 09:30:26.62,ANON013.SH,8.65,100.0,0,371869
2000-01-13 09:30:26.62,ANON013.SH,8.65,100.0,0,371871
2000-01-13 09:30:26.62,ANON013.SH,8.65,100.0,0,371872
2000-01-13 09:30:26.62,ANON013.SH,8.65,300.0,0,357690
2000-01-13 09:30:26.62,ANON013.SH,8.65,100.0,0,357691
2000-01-13 09:30:26.62,ANON013.SH,8.65,100.0,0,371873
2000-01-13 09:30:26.62,ANON013.SH,8.65,300.0,0,357692
2000-01-13 09:30:26.62,ANON013.SH,8.65,100.0,0,371864
2000-01-13 09:30:26.62,ANON013.SH,8.65,100.0,0,371866
2000-01-13 09:30:26.72,ANON013.SH,8.64,500.0,398273,417049
2000-01-13 09:30:26.8,ANON013.SH,8.65,5700.0,417370,55501
2000-01-13 09:30:26.97,ANON013.SH,8.64,400.0,398824,418152
2000-01-13 09:30:26.97,ANON013.SH,8.64,600.0,403818,418152
2000-01-13 09:30:27.04,ANON013.SH,8.65,3400.0,418342,55501
2000-01-13 09:30:27.04,ANON013.SH,8.65,800.0,418343,55501
2000-01-13 09:30:27.12,ANON013.SH,8.65,1700.0,418584,55501
2000-01-13 09:30:27.12,ANON013.SH,8.65,400.0,418584,105706
2000-01-13 09:30:27.12,ANON013.SH,8.65,1100.0,418584,131575
2000-01-13 09:30:27.12,ANON013.SH,8.64,600.0,403818,418615
2000-01-13 09:30:27.12,ANON013.SH,8.64,1200.0,403826,418615
2000-01-13 09:30:27.19,ANON013.SH,8.64,500.0,403826,419028
2000-01-13 09:30:27.26,ANON013.SH,8.65,600.0,419269,131575
2000-01-13 09:30:27.33,ANON013.SH,8.64,2600.0,403826,419706
2000-01-13 09:30:27.33,ANON013.SH,8.64,2300.0,403826,419709
2000-01-13 09:30:28.06,ANON013.SH,8.64,800.0,406462,0
2000-01-13 09:30:28.1,ANON013.SH,8.65,4200.0,422612,131575
2000-01-13 09:30:28.24,ANON013.SH,8.65,100.0,423146,131575
2000-01-13 09:30:28.51,ANON013.SH,8.64,600.0,403826,424159
2000-01-13 09:30:28.62,ANON013.SH,8.64,600.0,403826,424631
2000-01-13 09:30:28.66,ANON013.SH,8.65,800.0,424836,131575
2000-01-13 09:30:28.83,ANON013.SH,8.65,100.0,425423,131575
2000-01-13 09:30:29.1,ANON013.SH,8.65,500.0,426359,131575
2000-01-13 09:30:29.34,ANON013.SH,8.65,900.0,427170,131575
2000-01-13 09:30:29.34,ANON013.SH,8.64,3700.0,403826,427221
2000-01-13 09:30:29.34,ANON013.SH,8.64,22500.0,412246,427221
2000-01-13 09:30:29.34,ANON013.SH,8.65,100.0,427251,131575
2000-01-13 09:30:29.36,ANON013.SH,8.65,100.0,427468,131575
2000-01-13 09:30:29.42,ANON013.SH,8.65,400.0,0,410643
2000-01-13 09:30:29.74,ANON013.SH,8.64,100.0,417546,0
2000-01-13 09:30:30.05,ANON013.SH,8.65,300.0,429775,131575
2000-01-13 09:30:30.09,ANON013.SH,8.64,100.0,412246,429933
2000-01-13 09:30:30.19,ANON013.SH,8.65,100.0,430295,131575
2000-01-13 09:30:30.19,ANON013.SH,8.65,100.0,430482,131575
2000-01-13 09:30:30.19,ANON013.SH,8.65,300.0,430482,132439
2000-01-13 09:30:30.42,ANON013.SH,8.64,400.0,412246,431394
2000-01-13 09:30:30.42,ANON013.SH,8.64,300.0,412246,431433
2000-01-13 09:30:30.8,ANON013.SH,8.64,1400.0,412246,432905
2000-01-13 09:30:30.8,ANON013.SH,8.64,400.0,412995,432905
2000-01-13 09:30:32.05,ANON013.SH,8.64,100.0,412995,437725
2000-01-13 09:30:32.05,ANON013.SH,8.64,200.0,412995,437728
2000-01-13 09:30:32.33,ANON013.SH,8.65,1100.0,439106,132439
2000-01-13 09:30:32.34,ANON013.SH,8.64,500.0,412995,439287
2000-01-13 09:30:32.34,ANON013.SH,8.64,900.0,418480,439287
2000-01-13 09:30:32.34,ANON013.SH,8.64,2500.0,418480,439297
2000-01-13 09:30:32.34,ANON013.SH,8.64,700.0,428788,439297
2000-01-13 09:30:32.34,ANON013.SH,8.64,3300.0,437978,439297
2000-01-13 09:30:32.36,ANON013.SH,8.64,300.0,437978,439446
2000-01-13 09:30:32.73,ANON013.SH,8.64,700.0,441054,439446
2000-01-13 09:30:32.73,ANON013.SH,8.64,500.0,441067,439446
2000-01-13 09:30:32.73,ANON013.SH,8.64,500.0,441067,439460
2000-01-13 09:30:32.99,ANON013.SH,8.65,200.0,0,415605
2000-01-13 09:30:33.03,ANON013.SH,8.63,100.0,373802,442200
2000-01-13 09:30:34,ANON013.SH,7.78,100.0,446142,0
2000-01-13 09:30:34.42,ANON013.SH,8.63,1000.0,373802,448115
2000-01-13 09:30:34.69,ANON013.SH,8.65,400.0,0,431475
2000-01-13 09:30:34.77,ANON013.SH,8.64,7000.0,0,449256
2000-01-13 09:30:34.81,ANON013.SH,8.64,5400.0,0,449244
2000-01-13 09:30:34.81,ANON013.SH,8.64,2600.0,0,449248
2000-01-13 09:30:34.85,ANON013.SH,8.64,8200.0,0,449235
2000-01-13 09:30:34.88,ANON013.SH,8.64,2400.0,0,449251
2000-01-13 09:30:34.91,ANON013.SH,8.64,2700.0,0,449243
2000-01-13 09:30:34.92,ANON013.SH,8.64,2600.0,0,449232
2000-01-13 09:30:34.92,ANON013.SH,8.64,4700.0,0,449234
2000-01-13 09:30:34.92,ANON013.SH,8.64,6600.0,0,449237
2000-01-13 09:30:34.92,ANON013.SH,8.64,4200.0,0,449221
2000-01-13 09:30:34.94,ANON013.SH,8.64,800.0,0,439460
2000-01-13 09:30:34.98,ANON013.SH,8.64,5215.0,0,449216
2000-01-13 09:30:34.98,ANON013.SH,8.64,5000.0,0,449224
2000-01-13 09:30:34.98,ANON013.SH,8.64,6500.0,0,449241
2000-01-13 09:30:35.04,ANON013.SH,8.65,400.0,0,442600
2000-01-13 09:30:35.08,ANON013.SH,8.63,1100.0,373802,451421
2000-01-13 09:30:35.37,ANON013.SH,8.63,20400.0,373802,452795
2000-01-13 09:30:35.37,ANON013.SH,8.63,14900.0,373802,452827
2000-01-13 09:30:35.37,ANON013.SH,8.63,4000.0,376495,452827
2000-01-13 09:30:35.37,ANON013.SH,8.63,3600.0,378993,452827
2000-01-13 09:30:35.37,ANON013.SH,8.63,13100.0,381028,452827
2000-01-13 09:30:35.37,ANON013.SH,8.63,5000.0,387595,452827
2000-01-13 09:30:35.37,ANON013.SH,8.63,50000.0,392601,452827
2000-01-13 09:30:35.37,ANON013.SH,8.63,9700.0,406498,452827
2000-01-13 09:30:35.37,ANON013.SH,8.63,600.0,406498,452883
2000-01-13 09:30:35.37,ANON013.SH,8.65,100.0,0,427390
2000-01-13 09:30:35.39,ANON013.SH,8.63,600.0,406498,453030
2000-01-13 09:30:35.39,ANON013.SH,8.65,300.0,0,413389
2000-01-13 09:30:35.39,ANON013.SH,8.65,300.0,0,413805
2000-01-13 09:30:35.39,ANON013.SH,8.65,300.0,0,391782
2000-01-13 09:30:35.53,ANON013.SH,8.63,100.0,406498,453605
2000-01-13 09:30:35.53,ANON013.SH,8.64,200.0,453628,439490
2000-01-13 09:30:36.26,ANON013.SH,8.63,100.0,406498,458696
2000-01-13 09:30:36.26,ANON013.SH,8.63,1100.0,429560,458696
2000-01-13 09:30:36.43,ANON013.SH,8.63,1300.0,429560,459495
2000-01-13 09:30:36.5,ANON013.SH,8.63,300.0,429560,459904
2000-01-13 09:30:36.5,ANON013.SH,8.63,100.0,429560,460071
2000-01-13 09:30:36.5,ANON013.SH,8.63,500.0,429560,460216
2000-01-13 09:30:36.84,ANON013.SH,8.63,500.0,451476,461668
2000-01-13 09:30:36.84,ANON013.SH,8.63,1000.0,451671,461668
2000-01-13 09:30:36.84,ANON013.SH,8.63,100.0,459429,461668
2000-01-13 09:30:37.03,ANON013.SH,8.63,3600.0,462505,461668
2000-01-13 09:30:37.21,ANON013.SH,8.65,5400.0,0,430071
2000-01-13 09:30:37.26,ANON013.SH,8.63,100.0,463421,461668
2000-01-13 09:30:37.39,ANON013.SH,8.62,200.0,303663,464435
2000-01-13 09:30:37.53,ANON013.SH,8.63,500.0,464990,461668
2000-01-13 09:30:37.53,ANON013.SH,8.63,2700.0,465008,461668
2000-01-13 09:30:37.58,ANON013.SH,8.63,300.0,465333,461668
2000-01-13 09:30:37.6,ANON013.SH,8.63,1000.0,465348,461668
2000-01-13 09:30:37.6,ANON013.SH,8.65,100.0,0,439444
2000-01-13 09:30:37.77,ANON013.SH,8.63,300.0,466120,461668
2000-01-13 09:30:37.77,ANON013.SH,8.63,300.0,466121,461668
2000-01-13 09:30:37.77,ANON013.SH,8.63,400.0,466122,461668
2000-01-13 09:30:37.77,ANON013.SH,8.63,100.0,466123,461668
2000-01-13 09:30:37.77,ANON013.SH,8.63,100.0,466124,461668
2000-01-13 09:30:37.77,ANON013.SH,8.63,800.0,466125,461668
2000-01-13 09:30:37.77,ANON013.SH,8.63,800.0,466126,461668
2000-01-13 09:30:37.77,ANON013.SH,8.63,100.0,466127,461668
2000-01-13 09:30:38.01,ANON013.SH,8.63,1900.0,0,461867
2000-01-13 09:30:38.01,ANON013.SH,8.63,5600.0,0,461844
2000-01-13 09:30:38.01,ANON013.SH,8.66,100.0,0,391913
2000-01-13 09:30:38.01,ANON013.SH,8.66,300.0,0,391917
2000-01-13 09:30:38.12,ANON013.SH,8.62,3500.0,303663,467570
2000-01-13 09:30:38.12,ANON013.SH,8.62,2300.0,303663,467577
2000-01-13 09:30:38.12,ANON013.SH,8.62,700.0,304874,467577
2000-01-13 09:30:38.12,ANON013.SH,8.62,11500.0,308290,467577
2000-01-13 09:30:38.12,ANON013.SH,8.62,2900.0,308320,467577
2000-01-13 09:30:38.12,ANON013.SH,8.62,3500.0,308320,467579
2000-01-13 09:30:38.15,ANON013.SH,8.62,1400.0,308320,467621
2000-01-13 09:30:38.15,ANON013.SH,8.63,5000.0,0,462021
2000-01-13 09:30:38.18,ANON013.SH,8.63,2700.0,0,462080
2000-01-13 09:30:38.18,ANON013.SH,8.63,2600.0,0,462073
2000-01-13 09:30:38.18,ANON013.SH,8.63,5000.0,0,462130
2000-01-13 09:30:38.18,ANON013.SH,8.63,2500.0,0,462023
2000-01-13 09:30:38.18,ANON013.SH,8.63,4200.0,0,462079
2000-01-13 09:30:38.18,ANON013.SH,8.63,2800.0,0,462858
2000-01-13 09:30:38.18,ANON013.SH,8.65,100.0,0,391949
2000-01-13 09:30:38.2,ANON013.SH,8.63,1600.0,0,462131
2000-01-13 09:30:38.2,ANON013.SH,8.63,5000.0,0,462077
2000-01-13 09:30:38.24,ANON013.SH,8.63,5000.0,0,462081
2000-01-13 09:30:38.24,ANON013.SH,8.63,5000.0,0,462087
2000-01-13 09:30:38.24,ANON013.SH,8.63,2800.0,0,462880
2000-01-13 09:30:38.24,ANON013.SH,8.63,1300.0,0,462037
2000-01-13 09:30:38.24,ANON013.SH,8.64,200.0,0,447118
2000-01-13 09:30:38.24,ANON013.SH,8.64,100.0,0,447072
2000-01-13 09:30:38.24,ANON013.SH,8.63,5000.0,0,462074
2000-01-13 09:30:38.24,ANON013.SH,8.63,4700.0,0,462072
2000-01-13 09:30:38.27,ANON013.SH,8.63,5000.0,0,462132
2000-01-13 09:30:38.27,ANON013.SH,8.63,2400.0,0,462094
2000-01-13 09:30:38.27,ANON013.SH,8.63,2700.0,0,462795
2000-01-13 09:30:38.27,ANON013.SH,8.63,2200.0,0,462145
2000-01-13 09:30:38.3,ANON013.SH,8.63,4900.0,0,462849
2000-01-13 09:30:38.3,ANON013.SH,8.63,2700.0,0,462020
2000-01-13 09:30:38.3,ANON013.SH,8.63,5000.0,0,462025
2000-01-13 09:30:38.3,ANON013.SH,8.63,5000.0,0,462078
2000-01-13 09:30:38.33,ANON013.SH,8.63,2600.0,0,462086
2000-01-13 09:30:38.36,ANON013.SH,8.62,3700.0,308320,468598
2000-01-13 09:30:38.36,ANON013.SH,8.62,200.0,308676,468598
2000-01-13 09:30:38.36,ANON013.SH,8.62,700.0,327797,468598
2000-01-13 09:30:38.36,ANON013.SH,8.62,100.0,335217,468598
2000-01-13 09:30:38.36,ANON013.SH,8.62,100.0,353130,468598
2000-01-13 09:30:38.36,ANON013.SH,8.62,1300.0,368319,468598
2000-01-13 09:30:38.36,ANON013.SH,8.62,200.0,369879,468598
2000-01-13 09:30:38.36,ANON013.SH,8.62,100.0,394985,468598
2000-01-13 09:30:38.36,ANON013.SH,8.62,1700.0,467658,468598
2000-01-13 09:30:38.36,ANON013.SH,8.62,1000.0,468048,468598
2000-01-13 09:30:38.36,ANON013.SH,8.62,100.0,468048,468600
2000-01-13 09:30:38.36,ANON013.SH,8.62,300.0,468054,468600
2000-01-13 09:30:38.36,ANON013.SH,8.63,5000.0,0,462076
2000-01-13 09:30:38.36,ANON013.SH,8.63,2600.0,0,462883
2000-01-13 09:30:38.36,ANON013.SH,8.63,1500.0,0,462026
2000-01-13 09:30:38.36,ANON013.SH,8.63,5000.0,0,462089
2000-01-13 09:30:38.4,ANON013.SH,8.63,4900.0,0,462884
2000-01-13 09:30:38.4,ANON013.SH,8.62,6400.0,0,468963
2000-01-13 09:30:38.42,ANON013.SH,8.63,100.0,0,464602
2000-01-13 09:30:38.42,ANON013.SH,8.64,300.0,0,453451
2000-01-13 09:30:38.44,ANON013.SH,8.63,100.0,0,464709
2000-01-13 09:30:38.44,ANON013.SH,8.64,200.0,0,439490
2000-01-13 09:30:38.44,ANON013.SH,8.64,300.0,0,453504
2000-01-13 09:30:38.44,ANON013.SH,8.64,300.0,0,453645
2000-01-13 09:30:38.51,ANON013.SH,8.62,2100.0,469318,468600
2000-01-13 09:30:38.51,ANON013.SH,8.62,1400.0,469318,468715
2000-01-13 09:30:38.51,ANON013.SH,8.63,200.0,0,464723
2000-01-13 09:30:38.51,ANON013.SH,8.63,200.0,0,464716
2000-01-13 09:30:38.56,ANON013.SH,8.64,5400.0,0,463375
2000-01-13 09:30:38.58,ANON013.SH,8.61,100.0,80622,469728
2000-01-13 09:30:38.65,ANON013.SH,8.65,200.0,0,444460
2000-01-13 09:30:38.68,ANON013.SH,8.61,300.0,80622,470066
2000-01-13 09:30:38.68,ANON013.SH,8.62,200.0,0,469729
2000-01-13 09:30:38.68,ANON013.SH,8.63,200.0,0,466062
2000-01-13 09:30:38.68,ANON013.SH,8.63,200.0,0,466058
2000-01-13 09:30:38.68,ANON013.SH,8.63,200.0,0,466061
2000-01-13 09:30:38.76,ANON013.SH,8.61,200.0,80622,470538
2000-01-13 09:30:38.81,ANON013.SH,8.64,300.0,0,458822
2000-01-13 09:30:38.87,ANON013.SH,8.64,100.0,0,448763
2000-01-13 09:30:38.96,ANON013.SH,8.65,400.0,0,447113
2000-01-13 09:30:39.03,ANON013.SH,8.62,800.0,471558,468715
2000-01-13 09:30:39.03,ANON013.SH,8.62,300.0,471558,468733
2000-01-13 09:30:39.12,ANON013.SH,8.62,100.0,471809,468733
2000-01-13 09:30:39.28,ANON013.SH,8.61,2500.0,80622,472583
2000-01-13 09:30:39.28,ANON013.SH,8.61,1000.0,111213,472583
2000-01-13 09:30:39.28,ANON013.SH,8.61,100.0,292644,472583
2000-01-13 09:30:39.28,ANON013.SH,8.61,100.0,295795,472583
2000-01-13 09:30:39.28,ANON013.SH,8.61,100.0,304926,472583
2000-01-13 09:30:39.28,ANON013.SH,8.61,100.0,332143,472583
2000-01-13 09:30:39.28,ANON013.SH,8.61,1000.0,350425,472583
2000-01-13 09:30:39.28,ANON013.SH,8.61,1200.0,351877,472583
2000-01-13 09:30:39.28,ANON013.SH,8.61,500.0,352992,472583
2000-01-13 09:30:39.28,ANON013.SH,8.61,100.0,361816,472583
2000-01-13 09:30:39.28,ANON013.SH,8.61,1000.0,367875,472583
2000-01-13 09:30:39.28,ANON013.SH,8.61,900.0,397082,472583
2000-01-13 09:30:39.28,ANON013.SH,8.61,900.0,397087,472583
2000-01-13 09:30:39.28,ANON013.SH,8.61,1400.0,472594,472583
2000-01-13 09:30:39.28,ANON013.SH,8.61,600.0,472620,472583
2000-01-13 09:30:39.28,ANON013.SH,8.63,23100.0,0,461918
2000-01-13 09:30:39.28,ANON013.SH,8.63,34700.0,0,461919
2000-01-13 09:30:39.28,ANON013.SH,8.63,40500.0,0,461917
2000-01-13 09:30:39.28,ANON013.SH,8.63,3400.0,0,461913
2000-01-13 09:30:39.28,ANON013.SH,8.63,800.0,0,461912
2000-01-13 09:30:39.28,ANON013.SH,8.63,15000.0,0,461922
2000-01-13 09:30:39.28,ANON013.SH,8.62,1300.0,0,469433
2000-01-13 09:30:39.28,ANON013.SH,8.64,22000.0,0,441708
2000-01-13 09:30:39.33,ANON013.SH,8.62,19600.0,0,468843
2000-01-13 09:30:39.33,ANON013.SH,8.65,300.0,0,356677
2000-01-13 09:30:39.33,ANON013.SH,8.65,200.0,0,356676
2000-01-13 09:30:39.33,ANON013.SH,8.65,300.0,0,356678
2000-01-13 09:30:39.33,ANON013.SH,8.62,5400.0,0,468878
2000-01-13 09:30:39.33,ANON013.SH,8.65,100.0,0,356735
2000-01-13 09:30:39.33,ANON013.SH,8.62,2600.0,0,469086
2000-01-13 09:30:39.36,ANON013.SH,8.62,2400.0,0,468880
2000-01-13 09:30:39.36,ANON013.SH,8.62,5215.0,0,468875
2000-01-13 09:30:39.36,ANON013.SH,8.62,4200.0,0,468876
2000-01-13 09:30:39.36,ANON013.SH,8.62,9200.0,0,472088
2000-01-13 09:30:39.36,ANON013.SH,8.62,1500.0,0,472065
2000-01-13 09:30:39.36,ANON013.SH,8.62,900.0,0,468733
2000-01-13 09:30:39.36,ANON013.SH,8.62,7600.0,0,472092
2000-01-13 09:30:39.42,ANON013.SH,8.61,100.0,473069,472583
2000-01-13 09:30:39.42,ANON013.SH,8.62,300.0,0,469091
2000-01-13 09:30:39.42,ANON013.SH,8.65,1100.0,0,415714
2000-01-13 09:30:39.42,ANON013.SH,8.62,2600.0,0,468863
2000-01-13 09:30:39.42,ANON013.SH,8.62,10100.0,0,468882
2000-01-13 09:30:39.42,ANON013.SH,8.62,2800.0,0,469018
2000-01-13 09:30:39.47,ANON013.SH,8.61,300.0,473302,472583
2000-01-13 09:30:39.47,ANON013.SH,8.65,1600.0,0,415891
2000-01-13 09:30:39.47,ANON013.SH,8.62,1600.0,0,468864
2000-01-13 09:30:39.47,ANON013.SH,8.62,5000.0,0,468868
2000-01-13 09:30:39.47,ANON013.SH,8.64,1300.0,0,451224
2000-01-13 09:30:39.47,ANON013.SH,8.68,4000.0,0,163479
2000-01-13 09:30:39.47,ANON013.SH,8.64,1200.0,0,451225
2000-01-13 09:30:39.49,ANON013.SH,8.62,6500.0,0,468865
2000-01-13 09:30:39.49,ANON013.SH,8.65,100.0,0,416048
2000-01-13 09:30:39.49,ANON013.SH,8.62,4700.0,0,468877
2000-01-13 09:30:39.51,ANON013.SH,8.65,100.0,0,416825
2000-01-13 09:30:39.51,ANON013.SH,8.62,2700.0,0,468927
2000-01-13 09:30:39.55,ANON013.SH,8.65,900.0,0,416805
2000-01-13 09:30:39.55,ANON013.SH,8.62,2700.0,0,468873
2000-01-13 09:30:39.58,ANON013.SH,8.65,300.0,0,416975
2000-01-13 09:30:39.58,ANON013.SH,8.62,17500.0,0,469127
2000-01-13 09:30:39.58,ANON013.SH,8.65,600.0,0,416742
2000-01-13 09:30:39.58,ANON013.SH,8.62,6600.0,0,468874
2000-01-13 09:30:39.58,ANON013.SH,8.65,700.0,0,416715
2000-01-13 09:30:39.58,ANON013.SH,8.65,100.0,0,416573
2000-01-13 09:30:39.58,ANON013.SH,8.65,1000.0,0,416643
2000-01-13 09:30:39.58,ANON013.SH,8.65,100.0,0,416752
2000-01-13 09:30:39.62,ANON013.SH,8.62,2600.0,0,469699
2000-01-13 09:30:39.62,ANON013.SH,8.65,100.0,0,417044
2000-01-13 09:30:39.62,ANON013.SH,8.65,200.0,0,417000
2000-01-13 09:30:39.62,ANON013.SH,8.62,2700.0,0,468841
2000-01-13 09:30:39.62,ANON013.SH,8.65,400.0,0,417501
2000-01-13 09:30:39.65,ANON013.SH,8.61,3400.0,473914,472583
2000-01-13 09:30:39.68,ANON013.SH,8.62,10300.0,0,469697
2000-01-13 09:30:39.71,ANON013.SH,8.64,400.0,0,454485
2000-01-13 09:30:39.71,ANON013.SH,8.65,100.0,0,417126
2000-01-13 09:30:39.71,ANON013.SH,8.62,2800.0,0,469168
2000-01-13 09:30:39.73,ANON013.SH,8.61,1100.0,474390,472583
2000-01-13 09:30:39.73,ANON013.SH,8.63,200.0,0,466065
2000-01-13 09:30:39.73,ANON013.SH,8.63,400.0,0,466053
2000-01-13 09:30:39.73,ANON013.SH,8.62,200.0,0,470034
2000-01-13 09:30:39.73,ANON013.SH,8.63,200.0,0,466054
2000-01-13 09:30:39.73,ANON013.SH,8.63,400.0,0,466057
2000-01-13 09:30:39.73,ANON013.SH,8.62,200.0,0,470026
2000-01-13 09:30:39.73,ANON013.SH,8.63,200.0,0,466048
2000-01-13 09:30:39.73,ANON013.SH,8.63,200.0,0,466052
2000-01-13 09:30:39.73,ANON013.SH,8.62,200.0,0,470063
2000-01-13 09:30:39.73,ANON013.SH,8.63,300.0,0,466060
2000-01-13 09:30:39.73,ANON013.SH,8.63,200.0,0,466056
2000-01-13 09:30:39.73,ANON013.SH,8.63,600.0,0,466095
2000-01-13 09:30:39.73,ANON013.SH,8.63,200.0,0,466074
2000-01-13 09:30:39.77,ANON013.SH,8.63,600.0,0,466072
2000-01-13 09:30:39.8,ANON013.SH,8.61,6700.0,474639,472583
2000-01-13 09:30:39.8,ANON013.SH,8.61,9300.0,474639,472597
2000-01-13 09:30:39.8,ANON013.SH,8.61,6900.0,474639,472612
2000-01-13 09:30:39.8,ANON013.SH,8.61,800.0,474639,473088
2000-01-13 09:30:39.8,ANON013.SH,8.61,3400.0,474639,473092
2000-01-13 09:30:39.8,ANON013.SH,8.61,12100.0,474639,473095
2000-01-13 09:30:39.8,ANON013.SH,8.61,12200.0,474640,473095
2000-01-13 09:30:39.8,ANON013.SH,8.63,800.0,0,466066
2000-01-13 09:30:39.8,ANON013.SH,8.65,600.0,0,417490
2000-01-13 09:30:39.83,ANON013.SH,8.61,1400.0,474728,473095
2000-01-13 09:30:39.83,ANON013.SH,8.61,600.0,474734,473095
2000-01-13 09:30:39.83,ANON013.SH,8.61,6200.0,474798,473095
2000-01-13 09:30:39.83,ANON013.SH,8.63,28900.0,0,466045
2000-01-13 09:30:39.86,ANON013.SH,8.61,2200.0,474841,473095
2000-01-13 09:30:39.86,ANON013.SH,8.61,11400.0,474841,473108
2000-01-13 09:30:39.86,ANON013.SH,8.61,3600.0,474844,473108
2000-01-13 09:30:39.86,ANON013.SH,8.61,5700.0,474844,473156
2000-01-13 09:30:39.86,ANON013.SH,8.61,4300.0,474845,473156
2000-01-13 09:30:39.86,ANON013.SH,8.61,2600.0,474845,473181
2000-01-13 09:30:39.86,ANON013.SH,8.61,1600.0,474938,473181
2000-01-13 09:30:39.86,ANON013.SH,8.61,4800.0,474938,473182
2000-01-13 09:30:39.86,ANON013.SH,8.62,600.0,0,469088
2000-01-13 09:30:39.89,ANON013.SH,8.61,400.0,475114,473182
2000-01-13 09:30:39.89,ANON013.SH,8.61,2400.0,0,473191
2000-01-13 09:30:39.91,ANON013.SH,8.65,700.0,0,417867
2000-01-13 09:30:39.91,ANON013.SH,8.65,700.0,0,417876
2000-01-13 09:30:39.97,ANON013.SH,8.61,6600.0,0,474946
2000-01-13 09:30:39.97,ANON013.SH,8.61,6500.0,0,474945
2000-01-13 09:30:39.97,ANON013.SH,8.61,5000.0,0,474951
2000-01-13 09:30:39.97,ANON013.SH,8.61,4700.0,0,474947
2000-01-13 09:30:39.97,ANON013.SH,8.61,2700.0,0,474954
2000-01-13 09:30:39.97,ANON013.SH,8.61,2600.0,0,474961
2000-01-13 09:30:39.97,ANON013.SH,8.61,5215.0,0,473183
2000-01-13 09:30:39.99,ANON013.SH,8.65,100.0,0,418294
2000-01-13 09:30:39.99,ANON013.SH,8.61,2600.0,0,474357
2000-01-13 09:30:39.99,ANON013.SH,8.65,900.0,0,419538
2000-01-13 09:30:40.02,ANON013.SH,8.65,200.0,0,418590
2000-01-13 09:30:40.02,ANON013.SH,8.65,500.0,0,418492
2000-01-13 09:30:40.02,ANON013.SH,8.61,2700.0,0,474307
2000-01-13 09:30:40.02,ANON013.SH,8.65,100.0,0,418680
2000-01-13 09:30:40.02,ANON013.SH,8.65,100.0,0,418544
2000-01-13 09:30:40.05,ANON013.SH,8.61,800.0,475608,473182
2000-01-13 09:30:40.05,ANON013.SH,8.61,3400.0,475613,473182
2000-01-13 09:30:40.05,ANON013.SH,8.61,600.0,475616,473182
2000-01-13 09:30:40.05,ANON013.SH,8.61,7600.0,475616,473189
2000-01-13 09:30:40.05,ANON013.SH,8.61,2600.0,475616,473192
2000-01-13 09:30:40.05,ANON013.SH,8.61,17400.0,475616,473259
2000-01-13 09:30:40.05,ANON013.SH,8.61,6500.0,475616,473277
2000-01-13 09:30:40.05,ANON013.SH,8.61,15000.0,475617,473277
2000-01-13 09:30:40.05,ANON013.SH,8.61,1600.0,475618,473277
2000-01-13 09:30:40.05,ANON013.SH,8.61,8400.0,475618,473283
2000-01-13 09:30:40.05,ANON013.SH,8.65,100.0,0,418576
2000-01-13 09:30:40.05,ANON013.SH,8.65,500.0,0,418614
2000-01-13 09:30:40.05,ANON013.SH,8.65,100.0,0,419739
2000-01-13 09:30:40.05,ANON013.SH,8.65,600.0,0,418558
2000-01-13 09:30:40.05,ANON013.SH,8.65,100.0,0,418714
2000-01-13 09:30:40.05,ANON013.SH,8.61,5400.0,0,473188
2000-01-13 09:30:40.08,ANON013.SH,8.61,9000.0,475823,473283
2000-01-13 09:30:40.08,ANON013.SH,8.61,300.0,475823,474306
2000-01-13 09:30:40.08,ANON013.SH,8.61,5300.0,475823,474348
2000-01-13 09:30:40.1,ANON013.SH,8.63,400.0,0,463111
2000-01-13 09:30:40.1,ANON013.SH,8.63,400.0,0,463364
2000-01-13 09:30:40.1,ANON013.SH,8.61,2600.0,0,474372
2000-01-13 09:30:40.1,ANON013.SH,8.63,200.0,0,463251
2000-01-13 09:30:40.1,ANON013.SH,8.62,200.0,0,471849
2000-01-13 09:30:40.1,ANON013.SH,8.63,100.0,0,463144
2000-01-13 09:30:40.1,ANON013.SH,8.63,400.0,0,463124
2000-01-13 09:30:40.1,ANON013.SH,8.63,100.0,0,463115
2000-01-13 09:30:40.1,ANON013.SH,8.63,200.0,0,463130
2000-01-13 09:30:40.1,ANON013.SH,8.63,100.0,0,467496
2000-01-13 09:30:40.14,ANON013.SH,8.6,100.0,29798,475993
2000-01-13 09:30:40.14,ANON013.SH,8.63,300.0,0,464565
2000-01-13 09:30:40.17,ANON013.SH,8.61,200.0,476090,474405
2000-01-13 09:30:40.17,ANON013.SH,8.61,200.0,476090,474407
2000-01-13 09:30:40.17,ANON013.SH,8.61,200.0,476090,474410
2000-01-13 09:30:40.17,ANON013.SH,8.61,7100.0,476090,474731
2000-01-13 09:30:40.17,ANON013.SH,8.61,4200.0,0,474348
2000-01-13 09:30:40.17,ANON013.SH,8.65,100.0,0,418892
2000-01-13 09:30:40.17,ANON013.SH,8.65,1000.0,0,418947
2000-01-13 09:30:40.17,ANON013.SH,8.65,200.0,0,419090
2000-01-13 09:30:40.19,ANON013.SH,8.6,1500.0,29798,476213
2000-01-13 09:30:40.19,ANON013.SH,8.61,26900.0,476262,474731
2000-01-13 09:30:40.19,ANON013.SH,8.65,100.0,0,419163
2000-01-13 09:30:40.23,ANON013.SH,8.65,100.0,0,419270
2000-01-13 09:30:40.23,ANON013.SH,8.65,100.0,0,419305
2000-01-13 09:30:40.23,ANON013.SH,8.65,100.0,0,419376
2000-01-13 09:30:40.23,ANON013.SH,8.65,100.0,0,419366
2000-01-13 09:30:40.23,ANON013.SH,8.65,200.0,0,419367
2000-01-13 09:30:40.26,ANON013.SH,8.61,4700.0,476522,474731
2000-01-13 09:30:40.26,ANON013.SH,8.61,1800.0,476526,474731
2000-01-13 09:30:40.26,ANON013.SH,8.61,2700.0,476526,476570
2000-01-13 09:30:40.26,ANON013.SH,8.65,300.0,0,419229
2000-01-13 09:30:40.26,ANON013.SH,8.65,300.0,0,419380
2000-01-13 09:30:40.32,ANON013.SH,8.63,100.0,0,464570
2000-01-13 09:30:40.38,ANON013.SH,8.62,100.0,476968,468828
2000-01-13 09:30:40.38,ANON013.SH,8.62,5200.0,476968,468883
2000-01-13 09:30:40.38,ANON013.SH,8.62,500.0,477041,468883
2000-01-13 09:30:40.38,ANON013.SH,8.65,100.0,0,420108
2000-01-13 09:30:40.38,ANON013.SH,8.65,100.0,0,420082
2000-01-13 09:30:40.38,ANON013.SH,8.63,900.0,0,461932
2000-01-13 09:30:40.4,ANON013.SH,8.62,3100.0,477135,468883
2000-01-13 09:30:40.43,ANON013.SH,8.62,100.0,477201,468883
2000-01-13 09:30:40.46,ANON013.SH,8.62,200.0,477288,468883
2000-01-13 09:30:40.46,ANON013.SH,8.62,700.0,477320,468883
2000-01-13 09:30:40.46,ANON013.SH,8.62,700.0,477320,468957
2000-01-13 09:30:40.46,ANON013.SH,8.62,6200.0,477338,468957
2000-01-13 09:30:40.46,ANON013.SH,8.62,11700.0,477338,468958
2000-01-13 09:30:40.52,ANON013.SH,8.63,800.0,0,464691
2000-01-13 09:30:40.52,ANON013.SH,8.62,200.0,0,469074
2000-01-13 09:30:40.52,ANON013.SH,8.63,300.0,0,464639
2000-01-13 09:30:40.52,ANON013.SH,8.63,100.0,0,464630
2000-01-13 09:30:40.52,ANON013.SH,8.63,500.0,0,464813
2000-01-13 09:30:40.55,ANON013.SH,8.61,71200.0,476604,0
2000-01-13 09:30:40.55,ANON013.SH,8.61,7700.0,477105,0
2000-01-13 09:30:40.55,ANON013.SH,8.61,4700.0,477106,0
2000-01-13 09:30:40.55,ANON013.SH,8.61,5000.0,477107,0
2000-01-13 09:30:40.55,ANON013.SH,8.61,2700.0,477110,0
2000-01-13 09:30:40.55,ANON013.SH,8.61,2600.0,477111,0
2000-01-13 09:30:40.55,ANON013.SH,8.63,1200.0,0,464651
2000-01-13 09:30:40.57,ANON013.SH,8.63,400.0,0,467760
2000-01-13 09:30:40.57,ANON013.SH,8.63,400.0,0,464758
2000-01-13 09:30:40.57,ANON013.SH,8.62,11400.0,0,468958
2000-01-13 09:30:40.57,ANON013.SH,8.62,3500.0,0,468965
2000-01-13 09:30:40.57,ANON013.SH,8.62,6900.0,0,469003
2000-01-13 09:30:40.61,ANON013.SH,8.62,1600.0,477946,468989
2000-01-13 09:30:40.61,ANON013.SH,8.62,300.0,477946,468996
2000-01-13 09:30:40.61,ANON013.SH,8.62,7600.0,477946,468999
2000-01-13 09:30:40.61,ANON013.SH,8.62,600.0,477946,469014
2000-01-13 09:30:40.61,ANON013.SH,8.61,10100.0,477118,0
2000-01-13 09:30:40.62,ANON013.SH,8.62,100.0,478085,469014
2000-01-13 09:30:40.68,ANON013.SH,8.62,100.0,478175,469014
2000-01-13 09:30:40.78,ANON013.SH,8.62,2000.0,478643,469014
2000-01-13 09:30:40.78,ANON013.SH,8.62,1200.0,478643,469020
2000-01-13 09:30:40.78,ANON013.SH,8.62,500.0,478643,469024
2000-01-13 09:30:40.78,ANON013.SH,8.62,400.0,478643,469032
2000-01-13 09:30:40.78,ANON013.SH,8.62,500.0,478643,469057
2000-01-13 09:30:40.78,ANON013.SH,8.62,900.0,478643,469117
2000-01-13 09:30:40.78,ANON013.SH,8.62,200.0,478643,469123
2000-01-13 09:30:40.78,ANON013.SH,8.62,400.0,478643,469134
2000-01-13 09:30:40.78,ANON013.SH,8.62,300.0,478643,469143
2000-01-13 09:30:40.78,ANON013.SH,8.62,100.0,478643,469162
2000-01-13 09:30:40.78,ANON013.SH,8.62,100.0,478643,469237
2000-01-13 09:30:40.78,ANON013.SH,8.62,100.0,478659,469237
2000-01-13 09:30:40.78,ANON013.SH,8.62,200.0,478659,469258
2000-01-13 09:30:40.78,ANON013.SH,8.62,100.0,478659,469317
2000-01-13 09:30:40.78,ANON013.SH,8.62,200.0,478659,469531
2000-01-13 09:30:40.78,ANON013.SH,8.62,200.0,478659,470032
2000-01-13 09:30:40.78,ANON013.SH,8.62,200.0,478659,470666
2000-01-13 09:30:40.78,ANON013.SH,8.62,100.0,478659,470910
2000-01-13 09:30:40.78,ANON013.SH,8.62,100.0,478659,471870
2000-01-13 09:30:40.78,ANON013.SH,8.62,300.0,478659,472248
2000-01-13 09:30:40.78,ANON013.SH,8.62,100.0,478659,473207
2000-01-13 09:30:40.78,ANON013.SH,8.62,100.0,478659,473209
2000-01-13 09:30:40.78,ANON013.SH,8.62,200.0,478659,473213
2000-01-13 09:30:40.78,ANON013.SH,8.62,300.0,478659,473215
2000-01-13 09:30:40.78,ANON013.SH,8.62,200.0,478659,473232
2000-01-13 09:30:40.78,ANON013.SH,8.62,100.0,478659,473561
2000-01-13 09:30:40.78,ANON013.SH,8.62,200.0,478659,473570
2000-01-13 09:30:40.78,ANON013.SH,8.62,100.0,478659,473615
2000-01-13 09:30:40.78,ANON013.SH,8.62,200.0,478659,473675
2000-01-13 09:30:40.78,ANON013.SH,8.62,700.0,478659,475121
2000-01-13 09:30:40.78,ANON013.SH,8.62,1100.0,478659,477203
2000-01-13 09:30:40.78,ANON013.SH,8.62,1600.0,478659,477315
2000-01-13 09:30:40.78,ANON013.SH,8.62,100.0,478659,477316
2000-01-13 09:30:40.78,ANON013.SH,8.62,800.0,478659,477378
2000-01-13 09:30:40.78,ANON013.SH,8.62,100.0,478659,477400
2000-01-13 09:30:40.78,ANON013.SH,8.62,100.0,478659,477583
2000-01-13 09:30:40.78,ANON013.SH,8.62,600.0,478659,477658
2000-01-13 09:30:40.78,ANON013.SH,8.62,300.0,478659,477665
2000-01-13 09:30:40.78,ANON013.SH,8.62,700.0,478659,477797
2000-01-13 09:30:40.78,ANON013.SH,8.62,100.0,478659,477809
2000-01-13 09:30:40.78,ANON013.SH,8.62,900.0,478659,477855
2000-01-13 09:30:40.78,ANON013.SH,8.62,100.0,478659,477943
2000-01-13 09:30:40.78,ANON013.SH,8.62,1000.0,478659,477995
2000-01-13 09:30:40.78,ANON013.SH,8.62,100.0,478659,477998
2000-01-13 09:30:40.78,ANON013.SH,8.62,400.0,478659,478038
2000-01-13 09:30:40.78,ANON013.SH,8.62,200.0,478659,478160
2000-01-13 09:30:40.78,ANON013.SH,8.62,100.0,478659,478391
2000-01-13 09:30:40.78,ANON013.SH,8.62,600.0,478659,478418
2000-01-13 09:30:40.78,ANON013.SH,8.61,6600.0,477047,0
2000-01-13 09:30:40.78,ANON013.SH,8.63,1700.0,0,461668
2000-01-13 09:30:40.92,ANON013.SH,8.62,700.0,478659,479138
2000-01-13 09:30:40.92,ANON013.SH,8.62,700.0,478659,479151
2000-01-13 09:30:40.95,ANON013.SH,8.63,400.0,479369,461776
2000-01-13 09:30:40.95,ANON013.SH,8.63,100.0,479375,461776
2000-01-13 09:30:40.95,ANON013.SH,8.63,4500.0,479375,462035
2000-01-13 09:30:40.95,ANON013.SH,8.63,700.0,479375,462358
2000-01-13 09:30:40.95,ANON013.SH,8.63,300.0,479375,464145
2000-01-13 09:30:40.95,ANON013.SH,8.63,100.0,479375,464502
2000-01-13 09:30:40.98,ANON013.SH,8.63,100.0,479562,465312
2000-01-13 09:30:40.98,ANON013.SH,8.63,100.0,479562,465349
2000-01-13 09:30:40.98,ANON013.SH,8.63,100.0,479562,465608
2000-01-13 09:30:40.98,ANON013.SH,8.63,200.0,479562,465951
2000-01-13 09:30:40.98,ANON013.SH,8.63,300.0,479562,469558
2000-01-13 09:30:40.98,ANON013.SH,8.63,300.0,479562,473050
2000-01-13 09:30:40.98,ANON013.SH,8.63,100.0,479562,475535
2000-01-13 09:30:40.98,ANON013.SH,8.63,400.0,479562,478361
2000-01-13 09:30:40.98,ANON013.SH,8.63,100.0,479562,478874
2000-01-13 09:30:40.98,ANON013.SH,8.63,100.0,479562,478917
2000-01-13 09:30:40.98,ANON013.SH,8.63,200.0,479562,479054
2000-01-13 09:30:40.98,ANON013.SH,8.65,900.0,0,422254
2000-01-13 09:30:41.02,ANON013.SH,8.63,100.0,479562,479666
2000-01-13 09:30:41.02,ANON013.SH,8.63,500.0,479562,479683
2000-01-13 09:30:41.02,ANON013.SH,8.63,100.0,479562,479702
2000-01-13 09:30:41.02,ANON013.SH,8.63,200.0,479562,479717
2000-01-13 09:30:41.02,ANON013.SH,8.63,100.0,479562,479752
2000-01-13 09:30:41.02,ANON013.SH,8.65,100.0,0,422447
2000-01-13 09:30:41.02,ANON013.SH,8.65,100.0,0,422391
2000-01-13 09:30:41.02,ANON013.SH,8.65,200.0,0,422453
2000-01-13 09:30:41.06,ANON013.SH,8.63,600.0,479562,479779
2000-01-13 09:30:41.06,ANON013.SH,8.61,300.0,476528,0
2000-01-13 09:30:41.06,ANON013.SH,8.61,200.0,476533,0
2000-01-13 09:30:41.09,ANON013.SH,8.63,100.0,479562,479969
2000-01-13 09:30:41.09,ANON013.SH,8.65,1100.0,0,422551
2000-01-13 09:30:41.17,ANON013.SH,8.63,100.0,479562,480179
2000-01-13 09:30:41.17,ANON013.SH,8.63,200.0,479562,480195
2000-01-13 09:30:41.19,ANON013.SH,8.63,1700.0,479562,480328
2000-01-13 09:30:41.19,ANON013.SH,8.63,300.0,480118,480328
2000-01-13 09:30:41.19,ANON013.SH,8.6,1400.0,475496,0
2000-01-13 09:30:41.21,ANON013.SH,8.63,100.0,480433,480328
2000-01-13 09:30:41.21,ANON013.SH,8.6,4200.0,475554,0
2000-01-13 09:30:41.21,ANON013.SH,8.6,300.0,475582,0
2000-01-13 09:30:41.24,ANON013.SH,8.63,100.0,480433,480531
2000-01-13 09:30:41.24,ANON013.SH,8.63,300.0,480433,480541
2000-01-13 09:30:41.24,ANON013.SH,8.63,100.0,480433,480557
2000-01-13 09:30:41.24,ANON013.SH,8.63,100.0,480433,480568
2000-01-13 09:30:41.24,ANON013.SH,8.63,100.0,480433,480569
2000-01-13 09:30:41.24,ANON013.SH,8.63,200.0,480433,480572
2000-01-13 09:30:41.24,ANON013.SH,8.63,100.0,480433,480577
2000-01-13 09:30:41.24,ANON013.SH,8.63,100.0,480433,480613
2000-01-13 09:30:41.27,ANON013.SH,8.63,300.0,480433,480671
2000-01-13 09:30:41.3,ANON013.SH,8.63,1700.0,480433,480863
2000-01-13 09:30:41.3,ANON013.SH,8.62,3400.0,478659,480863
2000-01-13 09:30:41.3,ANON013.SH,8.62,300.0,478671,480863
2000-01-13 09:30:41.3,ANON013.SH,8.6,600.0,475604,0
2000-01-13 09:30:41.36,ANON013.SH,8.62,100.0,478671,481073
2000-01-13 09:30:41.36,ANON013.SH,8.6,100.0,476473,0
2000-01-13 09:30:41.41,ANON013.SH,8.63,200.0,481242,481168
2000-01-13 09:30:41.44,ANON013.SH,8.64,100.0,481431,439822
2000-01-13 09:30:41.44,ANON013.SH,8.64,100.0,481431,440091
2000-01-13 09:30:41.44,ANON013.SH,8.64,900.0,481431,441024
2000-01-13 09:30:41.44,ANON013.SH,8.64,100.0,481431,443036
2000-01-13 09:30:41.44,ANON013.SH,8.64,100.0,481431,443369
2000-01-13 09:30:41.44,ANON013.SH,8.64,100.0,481431,443370
2000-01-13 09:30:41.44,ANON013.SH,8.64,100.0,481431,446386
2000-01-13 09:30:41.44,ANON013.SH,8.64,200.0,481431,446420
2000-01-13 09:30:41.44,ANON013.SH,8.64,200.0,481431,447065
2000-01-13 09:30:41.44,ANON013.SH,8.64,300.0,481431,449315
2000-01-13 09:30:41.44,ANON013.SH,8.64,100.0,481431,449318
2000-01-13 09:30:41.44,ANON013.SH,8.64,100.0,481431,449321
2000-01-13 09:30:41.44,ANON013.SH,8.64,700.0,481431,449655
2000-01-13 09:30:41.44,ANON013.SH,8.64,100.0,481431,452289
2000-01-13 09:30:41.44,ANON013.SH,8.64,400.0,481431,452456
2000-01-13 09:30:41.44,ANON013.SH,8.64,500.0,481431,452529
2000-01-13 09:30:41.44,ANON013.SH,8.64,2900.0,481431,457580
2000-01-13 09:30:41.44,ANON013.SH,8.64,500.0,481431,460251
2000-01-13 09:30:41.44,ANON013.SH,8.64,1000.0,481431,460454
2000-01-13 09:30:41.44,ANON013.SH,8.64,100.0,481431,460889
2000-01-13 09:30:41.44,ANON013.SH,8.64,100.0,481431,461327
2000-01-13 09:30:41.44,ANON013.SH,8.64,1800.0,481431,466848
2000-01-13 09:30:41.44,ANON013.SH,8.64,3200.0,481431,469681
2000-01-13 09:30:41.44,ANON013.SH,8.64,100.0,481431,481195
2000-01-13 09:30:41.44,ANON013.SH,8.65,400.0,481431,132439
2000-01-13 09:30:41.46,ANON013.SH,8.63,700.0,481242,481583
2000-01-13 09:30:41.52,ANON013.SH,8.65,200.0,481673,132439
2000-01-13 09:30:41.52,ANON013.SH,8.63,500.0,481242,481698
2000-01-13 09:30:41.52,ANON013.SH,8.63,3600.0,481318,481698
2000-01-13 09:30:41.52,ANON013.SH,8.63,4200.0,481337,481698
2000-01-13 09:30:41.52,ANON013.SH,8.63,200.0,481349,481698
2000-01-13 09:30:41.54,ANON013.SH,8.63,100.0,481349,481773
2000-01-13 09:30:41.54,ANON013.SH,8.63,600.0,481440,481782
2000-01-13 09:30:41.54,ANON013.SH,8.63,100.0,481440,481783
2000-01-13 09:30:41.54,ANON013.SH,8.63,200.0,481440,481784
2000-01-13 09:30:41.54,ANON013.SH,8.63,300.0,481460,481788
2000-01-13 09:30:41.54,ANON013.SH,8.63,100.0,481460,481810
2000-01-13 09:30:41.66,ANON013.SH,8.63,1800.0,481460,482244
2000-01-13 09:30:41.66,ANON013.SH,8.63,1700.0,481460,482245
2000-01-13 09:30:41.72,ANON013.SH,8.64,300.0,482426,482404
2000-01-13 09:30:41.72,ANON013.SH,8.65,1500.0,482426,132439
2000-01-13 09:30:41.74,ANON013.SH,8.61,15300.0,477406,0
2000-01-13 09:30:42.06,ANON013.SH,8.63,1900.0,481460,483570
2000-01-13 09:30:42.06,ANON013.SH,8.63,600.0,481612,483570
2000-01-13 09:30:42.06,ANON013.SH,8.63,900.0,481647,483570
2000-01-13 09:30:42.06,ANON013.SH,8.63,5800.0,481723,483570
2000-01-13 09:30:42.06,ANON013.SH,8.63,100.0,482139,483570
2000-01-13 09:30:42.06,ANON013.SH,8.63,1100.0,482427,483570
2000-01-13 09:30:42.06,ANON013.SH,8.63,300.0,482808,483570
2000-01-13 09:30:42.06,ANON013.SH,8.63,1800.0,482844,483570
2000-01-13 09:30:42.06,ANON013.SH,8.62,2500.0,478671,483570
2000-01-13 09:30:42.09,ANON013.SH,8.62,1100.0,478671,483604
2000-01-13 09:30:42.27,ANON013.SH,8.63,2600.0,484247,483915
2000-01-13 09:30:42.33,ANON013.SH,8.63,2800.0,0,483915
2000-01-13 09:30:42.44,ANON013.SH,8.62,100.0,479503,0
2000-01-13 09:30:42.53,ANON013.SH,8.61,39200.0,476526,0
2000-01-13 09:30:42.63,ANON013.SH,8.64,900.0,485384,483261
2000-01-13 09:30:42.63,ANON013.SH,8.64,100.0,485384,483430
2000-01-13 09:30:42.63,ANON013.SH,8.64,200.0,485384,483434
2000-01-13 09:30:42.63,ANON013.SH,8.64,1000.0,485384,483885
2000-01-13 09:30:42.63,ANON013.SH,8.64,800.0,485384,484395
2000-01-13 09:30:42.63,ANON013.SH,8.64,100.0,485384,484762
2000-01-13 09:30:42.63,ANON013.SH,8.64,300.0,485384,485167
2000-01-13 09:30:42.65,ANON013.SH,8.61,17400.0,477751,0
2000-01-13 09:30:42.65,ANON013.SH,8.61,6900.0,477759,0
2000-01-13 09:30:42.65,ANON013.SH,8.61,17400.0,477758,0
2000-01-13 09:30:42.65,ANON013.SH,8.62,8800.0,478989,0
2000-01-13 09:30:42.65,ANON013.SH,8.61,3500.0,477761,0
2000-01-13 09:30:42.65,ANON013.SH,8.61,9300.0,477757,0
2000-01-13 09:30:42.92,ANON013.SH,8.63,2800.0,484714,0
2000-01-13 09:30:42.95,ANON013.SH,8.63,5400.0,484808,0
2000-01-13 09:30:43.03,ANON013.SH,8.64,1200.0,486644,485167
2000-01-13 09:30:43.03,ANON013.SH,8.64,900.0,486644,485222
2000-01-13 09:30:43.03,ANON013.SH,8.64,200.0,486644,485807
2000-01-13 09:30:43.03,ANON013.SH,8.64,100.0,486644,486625
2000-01-13 09:30:43.03,ANON013.SH,8.65,9500.0,486644,132439
2000-01-13 09:30:43.1,ANON013.SH,8.65,100.0,486865,132439
2000-01-13 09:30:43.27,ANON013.SH,8.63,800.0,484645,487383
2000-01-13 09:30:43.27,ANON013.SH,8.63,500.0,484706,487383
2000-01-13 09:30:43.27,ANON013.SH,8.65,2100.0,487486,132439
2000-01-13 09:30:43.87,ANON013.SH,8.63,500.0,484706,489314
2000-01-13 09:30:43.87,ANON013.SH,8.64,1200.0,489333,488546
2000-01-13 09:30:43.87,ANON013.SH,8.64,200.0,489333,489001
2000-01-13 09:30:43.87,ANON013.SH,8.65,700.0,489333,132439
2000-01-13 09:30:43.93,ANON013.SH,7.78,100.0,408034,0
2000-01-13 09:30:44.07,ANON013.SH,7.78,100.0,446341,0
2000-01-13 09:30:44.19,ANON013.SH,8.63,2600.0,484753,0
2000-01-13 09:30:44.19,ANON013.SH,8.63,2600.0,484752,0
2000-01-13 09:30:44.19,ANON013.SH,8.63,2600.0,484749,0
2000-01-13 09:30:44.19,ANON013.SH,8.63,2600.0,484747,0
2000-01-13 09:30:44.22,ANON013.SH,8.6,2400.0,167744,0
2000-01-13 09:30:44.33,ANON013.SH,8.64,100.0,490814,489793
2000-01-13 09:30:44.35,ANON013.SH,8.64,100.0,490828,489793
2000-01-13 09:30:44.35,ANON013.SH,8.64,100.0,490829,489793
2000-01-13 09:30:44.36,ANON013.SH,8.64,100.0,490830,489793
2000-01-13 09:30:44.36,ANON013.SH,8.64,100.0,490834,489793
2000-01-13 09:30:44.36,ANON013.SH,8.64,100.0,490835,490618
2000-01-13 09:30:44.36,ANON013.SH,8.65,100.0,490933,132439
2000-01-13 09:30:44.42,ANON013.SH,8.62,3600.0,483501,0
2000-01-13 09:30:44.44,ANON013.SH,8.64,200.0,490835,491218
2000-01-13 09:30:44.63,ANON013.SH,8.64,100.0,490837,491810
2000-01-13 09:30:44.63,ANON013.SH,8.64,100.0,490847,491810
2000-01-13 09:30:44.77,ANON013.SH,8.64,100.0,0,492137
2000-01-13 09:30:45.14,ANON013.SH,8.65,300.0,0,427969
2000-01-13 09:30:45.24,ANON013.SH,8.64,100.0,493773,491810
2000-01-13 09:30:45.35,ANON013.SH,8.63,100.0,484706,494084
2000-01-13 09:30:45.4,ANON013.SH,8.64,100.0,494189,491810
2000-01-13 09:30:45.4,ANON013.SH,8.64,100.0,494189,492091
2000-01-13 09:30:45.4,ANON013.SH,8.64,100.0,494189,492096
2000-01-13 09:30:45.4,ANON013.SH,8.64,100.0,494189,492103
2000-01-13 09:30:45.4,ANON013.SH,8.64,100.0,494189,492119
2000-01-13 09:30:45.4,ANON013.SH,8.64,300.0,494189,493851
2000-01-13 09:30:45.4,ANON013.SH,8.65,1300.0,494189,132439
2000-01-13 09:30:45.46,ANON013.SH,8.63,500.0,484706,494493
2000-01-13 09:30:45.58,ANON013.SH,8.64,200.0,494597,494783
2000-01-13 09:30:45.58,ANON013.SH,8.64,100.0,494598,494783
2000-01-13 09:30:45.58,ANON013.SH,8.64,100.0,494599,494783
2000-01-13 09:30:45.58,ANON013.SH,8.64,200.0,494748,494783
2000-01-13 09:30:45.58,ANON013.SH,8.64,100.0,494749,494783
2000-01-13 09:30:45.58,ANON013.SH,8.64,100.0,494750,494783
2000-01-13 09:30:45.58,ANON013.SH,8.61,6200.0,482891,0
2000-01-13 09:30:45.72,ANON013.SH,8.62,4200.0,482714,0
2000-01-13 09:30:45.72,ANON013.SH,8.61,300.0,477716,0
2000-01-13 09:30:46,ANON013.SH,8.64,800.0,496049,494783
2000-01-13 09:30:46.06,ANON013.SH,8.62,10300.0,479226,0
2000-01-13 09:30:47.1,ANON013.SH,8.63,5000.0,484706,499115
2000-01-13 09:30:47.22,ANON013.SH,8.64,300.0,499488,494783
2000-01-13 09:30:47.77,ANON013.SH,8.64,700.0,501145,494783
2000-01-13 09:30:47.99,ANON013.SH,8.64,3800.0,501692,494783
2000-01-13 09:30:47.99,ANON013.SH,8.64,100.0,501692,495431
2000-01-13 09:30:48.02,ANON013.SH,8.65,8500.0,0,493042
2000-01-13 09:30:48.15,ANON013.SH,8.64,200.0,501692,502204
2000-01-13 09:30:48.15,ANON013.SH,8.64,100.0,501692,502212
2000-01-13 09:30:48.18,ANON013.SH,8.63,200.0,484706,502373
2000-01-13 09:30:48.44,ANON013.SH,8.63,2600.0,484750,0
2000-01-13 09:30:48.44,ANON013.SH,8.63,2600.0,484745,0
2000-01-13 09:30:48.44,ANON013.SH,8.63,2600.0,484862,0
2000-01-13 09:30:49.55,ANON013.SH,8.64,300.0,0,502256
2000-01-13 09:30:49.57,ANON013.SH,8.64,1700.0,506364,502212
2000-01-13 09:30:49.57,ANON013.SH,8.64,100.0,506364,502392
2000-01-13 09:30:49.57,ANON013.SH,8.64,100.0,506364,502486
2000-01-13 09:30:49.57,ANON013.SH,8.64,100.0,506364,503209
2000-01-13 09:30:49.57,ANON013.SH,8.64,100.0,506364,503240
2000-01-13 09:30:49.78,ANON013.SH,8.64,100.0,0,503963
2000-01-13 09:30:50.13,ANON013.SH,8.63,100.0,484706,507862
2000-01-13 09:30:50.15,ANON013.SH,8.64,200.0,507919,503728
2000-01-13 09:30:50.15,ANON013.SH,8.64,100.0,507919,504774
2000-01-13 09:30:50.15,ANON013.SH,8.64,400.0,507919,506796
2000-01-13 09:30:50.33,ANON013.SH,8.64,500.0,507919,508427
2000-01-13 09:30:50.33,ANON013.SH,8.64,2200.0,507919,508431
2000-01-13 09:30:50.39,ANON013.SH,8.62,21400.0,481433,0
2000-01-13 09:30:50.42,ANON013.SH,8.64,2600.0,0,508490
2000-01-13 09:30:50.42,ANON013.SH,8.64,2700.0,0,508488
2000-01-13 09:30:50.42,ANON013.SH,8.64,2700.0,0,508489
2000-01-13 09:30:50.42,ANON013.SH,8.64,2700.0,0,508494
2000-01-13 09:30:50.42,ANON013.SH,8.64,2700.0,0,508491
2000-01-13 09:30:50.42,ANON013.SH,8.64,2700.0,0,508492
2000-01-13 09:30:50.42,ANON013.SH,8.64,2400.0,0,508496
2000-01-13 09:30:50.42,ANON013.SH,8.64,2700.0,0,508497
2000-01-13 09:30:50.44,ANON013.SH,8.63,3500.0,499814,0
2000-01-13 09:30:50.52,ANON013.SH,8.64,900.0,508881,508466
2000-01-13 09:30:50.61,ANON013.SH,8.64,100.0,509032,508466
2000-01-13 09:30:50.61,ANON013.SH,8.64,1700.0,509038,508466
2000-01-13 09:30:50.61,ANON013.SH,8.64,1600.0,509038,508493
2000-01-13 09:30:50.61,ANON013.SH,8.64,400.0,509038,508498
2000-01-13 09:30:50.69,ANON013.SH,8.64,2300.0,0,508498
2000-01-13 09:30:50.69,ANON013.SH,8.64,2700.0,0,508506
2000-01-13 09:30:50.72,ANON013.SH,8.64,2700.0,0,508509
2000-01-13 09:30:50.77,ANON013.SH,8.63,3400.0,491659,0
2000-01-13 09:30:50.85,ANON013.SH,8.64,2600.0,0,508510
2000-01-13 09:30:50.92,ANON013.SH,8.64,2700.0,0,508508
2000-01-13 09:30:50.94,ANON013.SH,8.64,400.0,509736,508519
2000-01-13 09:30:50.94,ANON013.SH,8.64,600.0,509736,508524
2000-01-13 09:30:50.94,ANON013.SH,8.64,100.0,509736,508553
2000-01-13 09:30:51.4,ANON013.SH,8.64,2300.0,509736,510886
2000-01-13 09:30:51.4,ANON013.SH,8.64,4200.0,509959,510886
2000-01-13 09:30:51.4,ANON013.SH,8.64,300.0,509959,510887
2000-01-13 09:30:51.43,ANON013.SH,8.64,3400.0,510931,510887
2000-01-13 09:30:51.43,ANON013.SH,8.64,2400.0,511005,510887
2000-01-13 09:30:51.57,ANON013.SH,8.64,500.0,511342,510887
2000-01-13 09:30:51.57,ANON013.SH,8.64,1600.0,511342,510888
2000-01-13 09:30:51.75,ANON013.SH,8.64,2800.0,0,510955
2000-01-13 09:30:51.85,ANON013.SH,8.64,2600.0,0,510956
2000-01-13 09:30:51.91,ANON013.SH,8.64,6800.0,0,510954
2000-01-13 09:30:51.93,ANON013.SH,8.64,2700.0,0,510891
2000-01-13 09:30:51.93,ANON013.SH,8.64,2600.0,0,510889
2000-01-13 09:30:51.96,ANON013.SH,8.64,2800.0,0,510930
2000-01-13 09:30:51.99,ANON013.SH,8.64,3100.0,0,510888
2000-01-13 09:30:51.99,ANON013.SH,8.64,2400.0,0,510890
2000-01-13 09:30:52.05,ANON013.SH,8.64,100.0,512414,511079
2000-01-13 09:30:52.05,ANON013.SH,8.64,400.0,512414,511105
2000-01-13 09:30:52.05,ANON013.SH,8.64,400.0,512414,511110
2000-01-13 09:30:52.05,ANON013.SH,8.64,200.0,512414,511115
2000-01-13 09:30:52.05,ANON013.SH,8.64,200.0,512414,511116
2000-01-13 09:30:52.05,ANON013.SH,8.64,600.0,512414,511166
2000-01-13 09:30:52.05,ANON013.SH,8.64,1200.0,512414,511625
2000-01-13 09:30:52.05,ANON013.SH,8.64,200.0,512414,511722
2000-01-13 09:30:52.05,ANON013.SH,8.64,200.0,512414,511724
2000-01-13 09:30:52.05,ANON013.SH,8.64,100.0,512414,511725
2000-01-13 09:30:52.13,ANON013.SH,8.63,100.0,484803,512567
2000-01-13 09:30:52.13,ANON013.SH,8.63,100.0,485105,512567
2000-01-13 09:30:52.87,ANON013.SH,8.64,100.0,514275,511725
2000-01-13 09:30:52.87,ANON013.SH,8.64,200.0,514275,511730
2000-01-13 09:30:52.87,ANON013.SH,8.64,200.0,514275,511731
2000-01-13 09:30:52.87,ANON013.SH,8.64,1600.0,514275,511776
2000-01-13 09:30:52.87,ANON013.SH,8.64,3500.0,514286,511776
2000-01-13 09:30:53.09,ANON013.SH,8.64,2100.0,514909,511776
2000-01-13 09:30:53.11,ANON013.SH,8.63,100.0,485105,514947
2000-01-13 09:30:53.36,ANON013.SH,8.64,2100.0,515606,511776
2000-01-13 09:30:53.44,ANON013.SH,8.63,200.0,485105,515919
2000-01-13 09:30:53.89,ANON013.SH,8.64,700.0,517065,511776
2000-01-13 09:30:53.89,ANON013.SH,8.64,200.0,517065,516949
2000-01-13 09:30:53.89,ANON013.SH,8.65,1200.0,517065,132439
2000-01-13 09:30:54.8,ANON013.SH,8.65,100.0,0,509462
2000-01-13 09:30:55.8,ANON013.SH,8.64,100.0,518460,521646
2000-01-13 09:30:56.38,ANON013.SH,8.64,100.0,518460,522996
2000-01-13 09:30:56.38,ANON013.SH,8.64,400.0,518472,522996
2000-01-13 09:30:56.38,ANON013.SH,8.64,2200.0,520214,522996
2000-01-13 09:30:56.38,ANON013.SH,8.64,1200.0,520214,522997
2000-01-13 09:30:56.38,ANON013.SH,8.64,1400.0,522919,522997
2000-01-13 09:30:56.38,ANON013.SH,8.64,2100.0,522919,522998
2000-01-13 09:30:56.43,ANON013.SH,8.63,9700.0,517758,0
2000-01-13 09:30:56.89,ANON013.SH,8.64,300.0,524250,522998
2000-01-13 09:30:57.81,ANON013.SH,8.65,3400.0,526312,132439
2000-01-13 09:30:58.25,ANON013.SH,8.65,100.0,0,422958
2000-01-13 09:30:59.08,ANON013.SH,8.64,100.0,524250,529069
2000-01-13 09:30:59.37,ANON013.SH,8.65,100.0,529855,132439
2000-01-13 09:30:59.6,ANON013.SH,8.65,3400.0,530400,132439
2000-01-13 09:30:59.82,ANON013.SH,8.65,100.0,0,524078
