datetime,sym,price,size,side,orderid
2000-01-11 09:15:00,ANON011.SZ,23.92,13800.0,-1,132
2000-01-11 09:15:00.03,ANON011.SZ,23.5,1000.0,-1,1241
2000-01-11 09:15:00.04,ANON011.SZ,22.74,100.0,-1,2734
2000-01-11 09:15:00.04,ANON011.SZ,19.05,2000.0,1,3208
2000-01-11 09:15:00.04,ANON011.SZ,18.55,5000.0,1,3209
2000-01-11 09:15:00.04,ANON011.SZ,18.2,10000.0,1,3248
2000-01-11 09:15:00.04,ANON011.SZ,20.25,100.0,-1,3770
2000-01-11 09:15:00.04,ANON011.SZ,20.3,100.0,-1,3771
2000-01-11 09:15:00.04,ANON011.SZ,20.35,100.0,-1,3772
2000-01-11 09:15:00.04,ANON011.SZ,20.4,100.0,-1,3773
2000-01-11 09:15:00.04,ANON011.SZ,20.45,100.0,-1,3774
2000-01-11 09:15:00.04,ANON011.SZ,20.5,100.0,-1,3775
2000-01-11 09:15:00.04,ANON011.SZ,20.55,100.0,-1,3776
2000-01-11 09:15:00.04,ANON011.SZ,20.6,100.0,-1,3777
2000-01-11 09:15:00.04,ANON011.SZ,20.65,100.0,-1,3778
2000-01-11 09:15:00.04,ANON011.SZ,20.7,100.0,-1,3779
2000-01-11 09:15:00.04,ANON011.SZ,20.75,100.0,-1,3780
2000-01-11 09:15:00.04,ANON011.SZ,20.8,100.0,-1,3781
2000-01-11 09:15:00.04,ANON011.SZ,20.85,100.0,-1,3782
2000-01-11 09:15:00.04,ANON011.SZ,20.9,100.0,-1,3783
2000-01-11 09:15:00.04,ANON011.SZ,21.88,100.0,-1,4338
2000-01-11 09:15:00.04,ANON011.SZ,20.99,12000.0,-1,4457
2000-01-11 09:15:00.04,ANON011.SZ,21.77,9500.0,-1,4589
2000-01-11 09:15:00.04,ANON011.SZ,21.94,1900.0,-1,4624
2000-01-11 09:15:00.04,ANON011.SZ,22.84,2000.0,-1,4626
2000-01-11 09:15:00.04,ANON011.SZ,22.22,1500.0,-1,5389
2000-01-11 09:15:00.04,ANON011.SZ,22.55,1500.0,-1,5390
2000-01-11 09:15:00.04,ANON011.SZ,22.88,1500.0,-1,5391
2000-01-11 09:15:00.05,ANON011.SZ,23.92,100.0,-1,6289
2000-01-11 09:15:00.05,ANON011.SZ,23.02,300.0,-1,6296
2000-01-11 09:15:00.05,ANON011.SZ,23.47,300.0,-1,6307
2000-01-11 09:15:00.05,ANON011.SZ,23.93,300.0,-1,6308
2000-01-11 09:15:00.05,ANON011.SZ,21.94,2000.0,-1,7059
2000-01-11 09:15:00.05,ANON011.SZ,22.94,2600.0,-1,7060
2000-01-11 09:15:00.05,ANON011.SZ,20.55,800.0,-1,7412
2000-01-11 09:15:00.05,ANON011.SZ,20.98,900.0,-1,7419
2000-01-11 09:15:00.05,ANON011.SZ,20.5,100.0,-1,8579
2000-01-11 09:15:00.05,ANON011.SZ,21.0,100.0,-1,8690
2000-01-11 09:15:00.05,ANON011.SZ,21.5,100.0,-1,8858
2000-01-11 09:15:00.05,ANON011.SZ,22.0,100.0,-1,8859
2000-01-11 09:15:00.05,ANON011.SZ,22.5,100.0,-1,8874
2000-01-11 09:15:00.05,ANON011.SZ,23.0,500.0,-1,8987
2000-01-11 09:15:00.05,ANON011.SZ,18.94,3000.0,1,10124
2000-01-11 09:15:00.05,ANON011.SZ,18.55,5000.0,1,10129
2000-01-11 09:15:00.06,ANON011.SZ,23.0,1000.0,-1,11721
2000-01-11 09:15:00.06,ANON011.SZ,23.93,100.0,-1,12224
2000-01-11 09:15:00.07,ANON011.SZ,18.02,100.0,1,14806
2000-01-11 09:15:00.08,ANON011.SZ,22.22,300.0,-1,16406
2000-01-11 09:15:00.08,ANON011.SZ,23.38,100.0,-1,16861
2000-01-11 09:15:00.09,ANON011.SZ,21.37,2000.0,-1,17980
2000-01-11 09:15:00.09,ANON011.SZ,19.31,600.0,1,18280
2000-01-11 09:15:00.1,ANON011.SZ,20.5,600.0,-1,22024
2000-01-11 09:15:00.1,ANON011.SZ,19.86,1300.0,1,22032
2000-01-11 09:15:00.11,ANON011.SZ,20.48,1000.0,-1,25381
2000-01-11 09:15:00.11,ANON011.SZ,20.55,500.0,-1,25593
2000-01-11 09:15:00.12,ANON011.SZ,22.33,300.0,-1,26282
2000-01-11 09:15:00.12,ANON011.SZ,23.93,28100.0,-1,27538
2000-01-11 09:15:00.12,ANON011.SZ,20.64,800.0,-1,27970
2000-01-11 09:15:00.12,ANON011.SZ,23.92,27900.0,-1,28600
2000-01-11 09:15:00.12,ANON011.SZ,20.18,600.0,-1,28653
2000-01-11 09:15:00.13,ANON011.SZ,20.68,500.0,-1,30028
2000-01-11 09:15:00.13,ANON011.SZ,20.8,9500.0,-1,30880
2000-01-11 09:15:00.13,ANON011.SZ,22.58,1000.0,-1,31213
2000-01-11 09:15:00.14,ANON011.SZ,21.88,200.0,-1,33381
2000-01-11 09:15:00.14,ANON011.SZ,19.41,600.0,1,33504
2000-01-11 09:15:00.14,ANON011.SZ,21.0,100.0,-1,33690
2000-01-11 09:15:00.15,ANON011.SZ,20.18,4400.0,-1,35470
2000-01-11 09:15:00.15,ANON011.SZ,20.92,500.0,-1,35819
2000-01-11 09:15:00.15,ANON011.SZ,20.25,500.0,-1,36098
2000-01-11 09:15:00.15,ANON011.SZ,19.5,600.0,1,36100
2000-01-11 09:15:00.16,ANON011.SZ,23.45,100.0,-1,37046
2000-01-11 09:15:00.16,ANON011.SZ,20.35,3700.0,-1,38947
2000-01-11 09:15:00.16,ANON011.SZ,20.35,4000.0,-1,38968
2000-01-11 09:15:00.17,ANON011.SZ,16.05,2000.0,1,39735
2000-01-11 09:15:00.17,ANON011.SZ,22.18,500.0,-1,40635
2000-01-11 09:15:00.17,ANON011.SZ,22.48,500.0,-1,40636
2000-01-11 09:15:00.18,ANON011.SZ,20.37,800.0,-1,41527
2000-01-11 09:15:00.18,ANON011.SZ,21.0,900.0,-1,42310
2000-01-11 09:15:00.18,ANON011.SZ,19.6,200.0,1,42815
2000-01-11 09:15:00.2,ANON011.SZ,19.31,600.0,1,45991
2000-01-11 09:15:00.21,ANON011.SZ,21.94,300.0,-1,47212
2000-01-11 09:15:00.21,ANON011.SZ,21.54,1000.0,-1,47216
2000-01-11 09:15:00.21,ANON011.SZ,21.23,4800.0,-1,48411
2000-01-11 09:15:00.21,ANON011.SZ,19.75,2400.0,1,48423
2000-01-11 09:15:00.22,ANON011.SZ,21.88,500.0,-1,49257
2000-01-11 09:15:00.22,ANON011.SZ,22.68,800.0,-1,49259
2000-01-11 09:15:00.22,ANON011.SZ,23.93,2200.0,-1,49292
2000-01-11 09:15:00.23,ANON011.SZ,23.45,2600.0,-1,50004
2000-01-11 09:15:00.23,ANON011.SZ,20.74,200.0,-1,50717
2000-01-11 09:15:00.24,ANON011.SZ,23.93,200.0,-1,51688
2000-01-11 09:15:00.25,ANON011.SZ,20.24,21400.0,-1,52307
2000-01-11 09:15:00.25,ANON011.SZ,21.34,500.0,-1,52753
2000-01-11 09:15:00.25,ANON011.SZ,20.34,500.0,-1,52754
2000-01-11 09:15:00.25,ANON011.SZ,20.38,1000.0,-1,52814
2000-01-11 09:15:00.26,ANON011.SZ,22.44,500.0,-1,53593
2000-01-11 09:15:00.26,ANON011.SZ,20.84,500.0,-1,53594
2000-01-11 09:15:00.29,ANON011.SZ,23.93,100.0,-1,55561
2000-01-11 09:15:00.31,ANON011.SZ,21.0,7900.0,-1,57625
2000-01-11 09:15:00.31,ANON011.SZ,18.8,4100.0,1,57732
2000-01-11 09:15:00.33,ANON011.SZ,19.51,300.0,1,59457
2000-01-11 09:15:00.33,ANON011.SZ,23.81,600.0,-1,59685
2000-01-11 09:15:00.34,ANON011.SZ,22.68,2800.0,-1,60559
2000-01-11 09:15:00.34,ANON011.SZ,18.06,1000.0,1,60565
2000-01-11 09:15:00.34,ANON011.SZ,19.5,500.0,1,60656
2000-01-11 09:15:00.34,ANON011.SZ,18.9,2000.0,1,60681
2000-01-11 09:15:00.34,ANON011.SZ,19.0,2000.0,1,60682
2000-01-11 09:15:00.34,ANON011.SZ,19.1,2000.0,1,60683
2000-01-11 09:15:00.34,ANON011.SZ,19.2,2000.0,1,60684
2000-01-11 09:15:00.34,ANON011.SZ,19.3,2000.0,1,60685
2000-01-11 09:15:00.34,ANON011.SZ,19.4,2000.0,1,60686
2000-01-11 09:15:00.34,ANON011.SZ,20.09,2000.0,-1,60693
2000-01-11 09:15:00.34,ANON011.SZ,20.19,2000.0,-1,60694
2000-01-11 09:15:00.34,ANON011.SZ,20.29,2000.0,-1,60695
2000-01-11 09:15:00.34,ANON011.SZ,20.39,2000.0,-1,60696
2000-01-11 09:15:00.34,ANON011.SZ,20.49,2000.0,-1,60699
2000-01-11 09:15:00.34,ANON011.SZ,20.59,2000.0,-1,60700
2000-01-11 09:15:00.34,ANON011.SZ,23.8,500.0,-1,60948
2000-01-11 09:15:00.35,ANON011.SZ,20.73,1600.0,-1,61625
2000-01-11 09:15:00.35,ANON011.SZ,19.41,200.0,1,61977
2000-01-11 09:15:00.35,ANON011.SZ,21.93,100.0,-1,62134
2000-01-11 09:15:00.37,ANON011.SZ,19.1,500.0,1,64337
2000-01-11 09:15:00.37,ANON011.SZ,19.23,2400.0,1,64606
2000-01-11 09:15:00.39,ANON011.SZ,23.92,260800.0,-1,65546
2000-01-11 09:15:00.39,ANON011.SZ,23.93,45200.0,-1,65547
2000-01-11 09:15:00.39,ANON011.SZ,19.21,1000.0,1,65605
2000-01-11 09:15:00.39,ANON011.SZ,18.3,1000.0,1,65611
2000-01-11 09:15:00.39,ANON011.SZ,19.65,10000.0,1,66010
2000-01-11 09:15:00.4,ANON011.SZ,19.66,3000.0,1,66486
2000-01-11 09:15:00.4,ANON011.SZ,19.35,100.0,1,66652
2000-01-11 09:15:00.42,ANON011.SZ,20.65,1000.0,-1,68486
2000-01-11 09:15:00.42,ANON011.SZ,23.93,2400.0,-1,68593
2000-01-11 09:15:00.42,ANON011.SZ,20.5,1000.0,-1,68785
2000-01-11 09:15:00.42,ANON011.SZ,20.97,1000.0,-1,68786
2000-01-11 09:15:00.43,ANON011.SZ,22.98,500.0,-1,69151
2000-01-11 09:15:00.43,ANON011.SZ,19.25,600.0,1,69152
2000-01-11 09:15:00.43,ANON011.SZ,19.01,600.0,1,69153
2000-01-11 09:15:00.45,ANON011.SZ,18.96,3000.0,1,70616
2000-01-11 09:15:00.46,ANON011.SZ,16.78,200.0,1,71338
2000-01-11 09:15:00.47,ANON011.SZ,23.9,1000.0,-1,71738
2000-01-11 09:15:00.48,ANON011.SZ,18.61,2000.0,1,72218
2000-01-11 09:15:00.48,ANON011.SZ,20.22,3000.0,-1,72220
2000-01-11 09:15:00.48,ANON011.SZ,20.86,2000.0,-1,72221
2000-01-11 09:15:00.49,ANON011.SZ,20.06,200.0,-1,72662
2000-01-11 09:15:00.5,ANON011.SZ,21.89,10000.0,-1,72984
2000-01-11 09:15:00.5,ANON011.SZ,23.93,3700.0,-1,72985
2000-01-11 09:15:00.5,ANON011.SZ,19.41,5200.0,1,72988
2000-01-11 09:15:00.53,ANON011.SZ,20.4,600.0,-1,74542
2000-01-11 09:15:00.53,ANON011.SZ,21.86,3700.0,-1,74847
2000-01-11 09:15:00.55,ANON011.SZ,21.0,200.0,-1,75926
2000-01-11 09:15:00.56,ANON011.SZ,19.37,5000.0,1,76517
2000-01-11 09:15:00.61,ANON011.SZ,21.93,100.0,-1,78961
2000-01-11 09:15:00.61,ANON011.SZ,23.93,100.0,-1,78962
2000-01-11 09:15:00.66,ANON011.SZ,19.49,1000.0,1,81524
2000-01-11 09:15:00.66,ANON011.SZ,20.52,500.0,-1,81527
2000-01-11 09:15:00.67,ANON011.SZ,22.89,1000.0,-1,82235
2000-01-11 09:15:00.7,ANON011.SZ,20.2,1000.0,-1,83788
2000-01-11 09:15:00.71,ANON011.SZ,19.58,300.0,1,83912
2000-01-11 09:15:00.72,ANON011.SZ,19.33,500.0,1,84359
2000-01-11 09:15:00.72,ANON011.SZ,19.53,300.0,1,84360
2000-01-11 09:15:00.72,ANON011.SZ,19.73,200.0,1,84361
2000-01-11 09:15:00.72,ANON011.SZ,19.93,100.0,1,84362
2000-01-11 09:15:00.74,ANON011.SZ,19.0,2000.0,-1,85431
2000-01-11 09:15:00.78,ANON011.SZ,21.0,5200.0,-1,87382
2000-01-11 09:15:00.82,ANON011.SZ,20.77,200.0,-1,89974
2000-01-11 09:15:00.84,ANON011.SZ,23.93,4300.0,-1,90616
2000-01-11 09:15:00.85,ANON011.SZ,19.81,4000.0,-1,91053
2000-01-11 09:15:00.86,ANON011.SZ,19.56,2300.0,1,91480
2000-01-11 09:15:00.86,ANON011.SZ,21.77,300.0,-1,91551
2000-01-11 09:15:00.86,ANON011.SZ,22.77,300.0,-1,91578
2000-01-11 09:15:00.86,ANON011.SZ,22.81,1000.0,-1,91675
2000-01-11 09:15:00.87,ANON011.SZ,22.91,1000.0,-1,91679
2000-01-11 09:15:00.87,ANON011.SZ,23.01,1000.0,-1,91694
2000-01-11 09:15:00.87,ANON011.SZ,23.11,1000.0,-1,91697
2000-01-11 09:15:00.87,ANON011.SZ,23.21,1000.0,-1,91698
2000-01-11 09:15:00.87,ANON011.SZ,23.31,1000.0,-1,91701
2000-01-11 09:15:00.87,ANON011.SZ,23.41,1000.0,-1,91702
2000-01-11 09:15:00.87,ANON011.SZ,23.51,1000.0,-1,91703
2000-01-11 09:15:00.87,ANON011.SZ,23.61,1000.0,-1,91705
2000-01-11 09:15:00.87,ANON011.SZ,23.71,1000.0,-1,91706
2000-01-11 09:15:00.87,ANON011.SZ,23.81,1000.0,-1,91707
2000-01-11 09:15:00.87,ANON011.SZ,23.91,1000.0,-1,91713
2000-01-11 09:15:00.87,ANON011.SZ,23.93,18100.0,-1,91755
2000-01-11 09:15:00.91,ANON011.SZ,17.22,100.0,1,93519
2000-01-11 09:15:00.93,ANON011.SZ,20.49,1000.0,-1,94390
2000-01-11 09:15:00.96,ANON011.SZ,20.98,3000.0,-1,95860
2000-01-11 09:15:00.96,ANON011.SZ,20.76,2800.0,-1,95893
2000-01-11 09:15:00.98,ANON011.SZ,20.24,200.0,-1,97006
2000-01-11 09:15:00.98,ANON011.SZ,20.34,200.0,-1,97024
2000-01-11 09:15:00.98,ANON011.SZ,20.44,200.0,-1,97025
2000-01-11 09:15:00.98,ANON011.SZ,20.54,200.0,-1,97026
2000-01-11 09:15:00.98,ANON011.SZ,19.3,500.0,1,97246
2000-01-11 09:15:00.98,ANON011.SZ,19.31,500.0,1,97250
2000-01-11 09:15:00.98,ANON011.SZ,23.87,200.0,-1,97638
2000-01-11 09:15:01,ANON011.SZ,21.29,1000.0,-1,98586
2000-01-11 09:15:01,ANON011.SZ,20.39,1100.0,-1,98587
2000-01-11 09:15:01,ANON011.SZ,18.9,200.0,1,98624
2000-01-11 09:15:01.03,ANON011.SZ,20.11,900.0,-1,100396
2000-01-11 09:15:01.03,ANON011.SZ,20.18,800.0,-1,100397
2000-01-11 09:15:01.03,ANON011.SZ,20.28,800.0,-1,100398
2000-01-11 09:15:01.06,ANON011.SZ,20.65,1300.0,-1,102055
2000-01-11 09:15:01.1,ANON011.SZ,20.56,300.0,-1,104455
2000-01-11 09:15:01.11,ANON011.SZ,23.2,2000.0,-1,104752
2000-01-11 09:15:01.11,ANON011.SZ,23.6,2000.0,-1,104753
2000-01-11 09:15:01.12,ANON011.SZ,23.9,500.0,-1,105552
2000-01-11 09:15:01.13,ANON011.SZ,20.5,300.0,-1,105833
2000-01-11 09:15:01.15,ANON011.SZ,23.0,2000.0,-1,106873
2000-01-11 09:15:01.15,ANON011.SZ,23.4,2000.0,-1,106874
2000-01-11 09:15:01.15,ANON011.SZ,23.8,2000.0,-1,106875
2000-01-11 09:15:01.16,ANON011.SZ,21.96,100.0,-1,107155
2000-01-11 09:15:01.16,ANON011.SZ,20.37,500.0,-1,107172
2000-01-11 09:15:01.17,ANON011.SZ,21.18,100.0,-1,107482
2000-01-11 09:15:01.17,ANON011.SZ,21.48,100.0,-1,107495
2000-01-11 09:15:01.17,ANON011.SZ,21.78,100.0,-1,107496
2000-01-11 09:15:01.18,ANON011.SZ,20.9,4800.0,-1,108050
2000-01-11 09:15:01.2,ANON011.SZ,21.94,100.0,-1,109010
2000-01-11 09:15:01.23,ANON011.SZ,20.33,500.0,1,110078
2000-01-11 09:15:01.25,ANON011.SZ,23.93,100.0,-1,110817
2000-01-11 09:15:01.28,ANON011.SZ,23.93,1000.0,-1,112120
2000-01-11 09:15:01.29,ANON011.SZ,17.0,100.0,1,112422
2000-01-11 09:15:01.31,ANON011.SZ,20.5,500.0,-1,113328
2000-01-11 09:15:01.32,ANON011.SZ,19.94,100.0,1,113472
2000-01-11 09:15:01.32,ANON011.SZ,15.95,1000.0,1,113671
2000-01-11 09:15:01.33,ANON011.SZ,21.58,100.0,-1,114177
2000-01-11 09:15:01.33,ANON011.SZ,22.98,100.0,-1,114179
2000-01-11 09:15:01.34,ANON011.SZ,20.0,3100.0,1,114415
2000-01-11 09:15:01.34,ANON011.SZ,19.0,6500.0,1,114419
2000-01-11 09:15:01.37,ANON011.SZ,20.56,1000.0,-1,115647
2000-01-11 09:15:01.37,ANON011.SZ,23.93,400.0,-1,115677
2000-01-11 09:15:01.37,ANON011.SZ,20.2,100.0,-1,115728
2000-01-11 09:15:01.37,ANON011.SZ,20.5,100.0,-1,115738
2000-01-11 09:15:01.37,ANON011.SZ,20.5,1500.0,-1,115833
2000-01-11 09:15:01.38,ANON011.SZ,19.2,200.0,1,115961
2000-01-11 09:15:01.39,ANON011.SZ,19.32,400.0,1,116485
2000-01-11 09:15:01.39,ANON011.SZ,19.8,1100.0,1,116609
2000-01-11 09:15:01.41,ANON011.SZ,20.68,100.0,-1,117092
2000-01-11 09:15:01.42,ANON011.SZ,20.27,1100.0,-1,117440
2000-01-11 09:15:01.43,ANON011.SZ,23.93,200.0,-1,117635
2000-01-11 09:15:01.57,ANON011.SZ,22.25,300.0,-1,120446
2000-01-11 09:15:01.61,ANON011.SZ,21.57,100.0,-1,121278
2000-01-11 09:15:01.62,ANON011.SZ,21.54,200.0,1,121514
2000-01-11 09:15:01.63,ANON011.SZ,21.0,500.0,-1,121879
2000-01-11 09:15:01.67,ANON011.SZ,19.2,100.0,1,122540
2000-01-11 09:15:01.69,ANON011.SZ,23.7,9100.0,-1,122780
2000-01-11 09:15:01.69,ANON011.SZ,23.9,600.0,-1,122785
2000-01-11 09:15:01.76,ANON011.SZ,22.96,500.0,-1,124321
2000-01-11 09:15:01.76,ANON011.SZ,23.39,500.0,-1,124322
2000-01-11 09:15:01.8,ANON011.SZ,20.5,700.0,-1,125349
2000-01-11 09:15:01.85,ANON011.SZ,23.93,300.0,-1,126387
2000-01-11 09:15:01.85,ANON011.SZ,21.88,200.0,-1,126389
2000-01-11 09:15:01.88,ANON011.SZ,19.37,3000.0,1,126962
2000-01-11 09:15:01.92,ANON011.SZ,19.01,200.0,1,127762
2000-01-11 09:15:01.92,ANON011.SZ,20.59,200.0,-1,127763
2000-01-11 09:15:01.93,ANON011.SZ,23.93,800.0,-1,128125
2000-01-11 09:15:01.94,ANON011.SZ,23.9,100.0,-1,128331
2000-01-11 09:15:01.95,ANON011.SZ,19.0,500.0,1,128532
2000-01-11 09:15:01.98,ANON011.SZ,20.34,1000.0,-1,129273
2000-01-11 09:15:01.98,ANON011.SZ,19.55,200.0,1,129575
2000-01-11 09:15:02.01,ANON011.SZ,20.66,500.0,-1,130476
2000-01-11 09:15:02.01,ANON011.SZ,23.93,500.0,-1,130478
2000-01-11 09:15:02.06,ANON011.SZ,19.56,400.0,-1,132248
2000-01-11 09:15:02.13,ANON011.SZ,23.18,100.0,-1,134581
2000-01-11 09:15:02.13,ANON011.SZ,23.73,100.0,-1,134582
2000-01-11 09:15:02.18,ANON011.SZ,23.69,500.0,-1,135980
2000-01-11 09:15:02.18,ANON011.SZ,23.92,500.0,-1,135981
2000-01-11 09:15:02.18,ANON011.SZ,20.33,200.0,1,135989
2000-01-11 09:15:02.18,ANON011.SZ,19.54,1300.0,1,136032
2000-01-11 09:15:02.27,ANON011.SZ,19.94,400.0,1,137603
2000-01-11 09:15:02.29,ANON011.SZ,23.0,400.0,-1,138128
2000-01-11 09:15:02.3,ANON011.SZ,20.33,200.0,1,138350
2000-01-11 09:15:02.38,ANON011.SZ,19.95,200.0,1,140189
2000-01-11 09:15:02.39,ANON011.SZ,20.37,200.0,-1,140290
2000-01-11 09:15:02.41,ANON011.SZ,19.6,3000.0,1,140853
2000-01-11 09:15:02.42,ANON011.SZ,19.53,2500.0,1,140945
2000-01-11 09:15:02.48,ANON011.SZ,19.3,300.0,1,141829
2000-01-11 09:15:02.59,ANON011.SZ,23.93,1100.0,-1,143223
2000-01-11 09:15:02.68,ANON011.SZ,23.92,100.0,-1,144283
2000-01-11 09:15:02.68,ANON011.SZ,21.94,100.0,-1,144285
2000-01-11 09:15:02.7,ANON011.SZ,19.5,2000.0,1,144676
2000-01-11 09:15:02.78,ANON011.SZ,23.33,600.0,-1,145394
2000-01-11 09:15:02.8,ANON011.SZ,20.5,1000.0,-1,145547
2000-01-11 09:15:02.9,ANON011.SZ,19.34,3000.0,1,146558
2000-01-11 09:15:02.97,ANON011.SZ,23.93,100.0,-1,147719
2000-01-11 09:15:03.14,ANON011.SZ,19.31,3000.0,1,150953
2000-01-11 09:15:03.16,ANON011.SZ,19.25,300.0,1,151175
2000-01-11 09:15:03.3,ANON011.SZ,23.75,1500.0,-1,152508
2000-01-11 09:15:03.68,ANON011.SZ,22.95,400.0,-1,154529
2000-01-11 09:15:03.68,ANON011.SZ,23.93,500.0,-1,154530
2000-01-11 09:15:03.96,ANON011.SZ,20.46,200.0,-1,155372
2000-01-11 09:15:03.98,ANON011.SZ,20.33,100.0,-1,155588
2000-01-11 09:15:04.02,ANON011.SZ,21.5,2000.0,-1,156002
2000-01-11 09:15:04.03,ANON011.SZ,19.48,1000.0,1,156046
2000-01-11 09:15:04.09,ANON011.SZ,21.55,500.0,-1,156424
2000-01-11 09:15:04.09,ANON011.SZ,22.33,500.0,-1,156425
2000-01-11 09:15:05,ANON011.SZ,20.33,100.0,-1,157770
2000-01-11 09:15:05.08,ANON011.SZ,23.91,100.0,-1,158183
2000-01-11 09:15:05.42,ANON011.SZ,22.0,1000.0,-1,158660
2000-01-11 09:15:05.42,ANON011.SZ,23.0,1000.0,-1,158663
2000-01-11 09:15:06.13,ANON011.SZ,20.3,500.0,-1,159856
2000-01-11 09:15:06.27,ANON011.SZ,19.4,300.0,1,159998
2000-01-11 09:15:07.41,ANON011.SZ,21.0,2000.0,-1,161077
2000-01-11 09:15:07.52,ANON011.SZ,20.3,500.0,-1,161118
2000-01-11 09:15:07.98,ANON011.SZ,23.88,200.0,-1,161419
2000-01-11 09:15:08.38,ANON011.SZ,20.43,1000.0,-1,161749
2000-01-11 09:15:08.4,ANON011.SZ,19.56,2000.0,1,161765
2000-01-11 09:15:10.06,ANON011.SZ,20.33,200.0,1,162689
2000-01-11 09:15:10.08,ANON011.SZ,18.95,100.0,-1,162704
2000-01-11 09:15:10.12,ANON011.SZ,18.29,600.0,1,162782
2000-01-11 09:15:10.12,ANON011.SZ,21.91,600.0,-1,162784
2000-01-11 09:15:10.41,ANON011.SZ,23.33,100.0,-1,162846
2000-01-11 09:15:12.22,ANON011.SZ,21.0,500.0,-1,163462
2000-01-11 09:15:15.74,ANON011.SZ,22.7,3300.0,-1,164587
2000-01-11 09:15:15.74,ANON011.SZ,20.5,100.0,-1,164588
2000-01-11 09:15:18.39,ANON011.SZ,19.38,1000.0,1,165168
2000-01-11 09:15:18.4,ANON011.SZ,20.3,900.0,-1,165183
2000-01-11 09:15:18.4,ANON011.SZ,20.8,1000.0,-1,165190
2000-01-11 09:15:22.24,ANON011.SZ,18.82,100.0,-1,165829
2000-01-11 09:15:24.12,ANON011.SZ,20.14,100.0,-1,166112
2000-01-11 09:15:24.12,ANON011.SZ,19.74,100.0,1,166114
2000-01-11 09:15:24.91,ANON011.SZ,20.21,800.0,-1,166229
2000-01-11 09:15:25.54,ANON011.SZ,18.52,100.0,1,166306
2000-01-11 09:15:42.8,ANON011.SZ,20.35,1000.0,-1,169198
2000-01-11 09:15:54.87,ANON011.SZ,20.55,1000.0,-1,171156
2000-01-11 09:15:56.99,ANON011.SZ,19.81,2000.0,1,171475
2000-01-11 09:16:04.29,ANON011.SZ,19.6,1000.0,1,172622
2000-01-11 09:16:04.84,ANON011.SZ,20.95,1900.0,-1,172697
2000-01-11 09:16:14.55,ANON011.SZ,19.82,2000.0,1,174040
2000-01-11 09:16:16.47,ANON011.SZ,21.5,2000.0,-1,174356
2000-01-11 09:16:22.63,ANON011.SZ,23.93,200.0,1,175328
2000-01-11 09:16:28.67,ANON011.SZ,15.95,6000.0,-1,176170
2000-01-11 09:16:37.27,ANON011.SZ,18.82,100.0,-1,177443
2000-01-11 09:16:37.88,ANON011.SZ,16.0,2000.0,1,177524
2000-01-11 09:16:50.26,ANON011.SZ,19.76,2000.0,1,179419
2000-01-11 09:16:54.01,ANON011.SZ,23.93,600.0,-1,180007
2000-01-11 09:17:05.69,ANON011.SZ,19.77,400.0,1,182042
2000-01-11 09:17:06.47,ANON011.SZ,21.97,700.0,-1,182152
2000-01-11 09:17:11.81,ANON011.SZ,19.75,800.0,1,183024
2000-01-11 09:17:16.71,ANON011.SZ,19.51,2000.0,1,183908
2000-01-11 09:17:23.04,ANON011.SZ,19.69,900.0,1,184977
2000-01-11 09:17:25.64,ANON011.SZ,15.95,100.0,1,185422
2000-01-11 09:17:27.38,ANON011.SZ,19.03,1400.0,1,185718
2000-01-11 09:17:49.32,ANON011.SZ,20.49,2000.0,-1,189608
2000-01-11 09:17:53.62,ANON011.SZ,23.88,3400.0,-1,190374
2000-01-11 09:17:56.73,ANON011.SZ,20.28,1800.0,-1,190909
2000-01-11 09:17:57.76,ANON011.SZ,19.61,1000.0,1,191118
2000-01-11 09:18:09.91,ANON011.SZ,22.0,1000.0,-1,193266
2000-01-11 09:18:35.04,ANON011.SZ,19.55,1000.0,1,197999
2000-01-11 09:18:35.29,ANON011.SZ,23.93,300.0,-1,198060
2000-01-11 09:18:57.98,ANON011.SZ,15.95,100.0,1,202446
2000-01-11 09:19:01.92,ANON011.SZ,19.58,1000.0,1,203265
2000-01-11 09:19:03.38,ANON011.SZ,21.1,300.0,-1,203565
2000-01-11 09:19:04.95,ANON011.SZ,19.0,2400.0,-1,203915
2000-01-11 09:19:08.92,ANON011.SZ,20.98,2000.0,-1,204727
2000-01-11 09:19:13.83,ANON011.SZ,20.05,400.0,-1,205712
2000-01-11 09:19:15.09,ANON011.SZ,19.81,100.0,-1,205966
2000-01-11 09:19:18.1,ANON011.SZ,19.86,200.0,-1,206584
2000-01-11 09:19:20.25,ANON011.SZ,19.81,300.0,1,206997
2000-01-11 09:19:22.42,ANON011.SZ,18.82,100.0,-1,207414
2000-01-11 09:19:27.45,ANON011.SZ,19.81,2000.0,1,208401
2000-01-11 09:19:31.07,ANON011.SZ,20.33,100.0,1,209101
2000-01-11 09:19:34.39,ANON011.SZ,19.1,200.0,1,209762
2000-01-11 09:19:34.91,ANON011.SZ,20.2,1000.0,-1,209866
2000-01-11 09:19:40.77,ANON011.SZ,18.1,200.0,1,211013
2000-01-11 09:19:43.18,ANON011.SZ,20.6,500.0,-1,211468
2000-01-11 09:19:44.72,ANON011.SZ,19.41,900.0,1,211771
2000-01-11 09:19:44.97,ANON011.SZ,19.41,1000.0,1,211826
2000-01-11 09:19:47,ANON011.SZ,19.82,2000.0,1,212221
2000-01-11 09:19:49.13,ANON011.SZ,19.99,13000.0,1,212716
2000-01-11 09:19:51.3,ANON011.SZ,20.33,900.0,1,213184
2000-01-11 09:20:00.2,ANON011.SZ,23.93,100.0,1,215028
2000-01-11 09:20:00.45,ANON011.SZ,19.61,1600.0,1,215194
2000-01-11 09:20:02.15,ANON011.SZ,19.55,100.0,-1,215718
2000-01-11 09:20:09.5,ANON011.SZ,19.39,100.0,1,217200
2000-01-11 09:20:10.33,ANON011.SZ,19.53,10000.0,1,217383
2000-01-11 09:20:11.19,ANON011.SZ,23.93,100.0,1,217596
2000-01-11 09:20:11.82,ANON011.SZ,19.48,100.0,1,217772
2000-01-11 09:20:21.14,ANON011.SZ,19.7,500.0,1,219434
2000-01-11 09:20:31.05,ANON011.SZ,20.29,500.0,-1,221275
2000-01-11 09:20:35.63,ANON011.SZ,21.0,500.0,-1,222104
2000-01-11 09:20:35.89,ANON011.SZ,19.61,4000.0,1,222153
2000-01-11 09:20:41.25,ANON011.SZ,19.69,500.0,1,223130
2000-01-11 09:20:43.11,ANON011.SZ,21.89,300.0,-1,223463
2000-01-11 09:20:43.54,ANON011.SZ,23.93,2000.0,-1,223544
2000-01-11 09:20:45.17,ANON011.SZ,19.99,400.0,1,223837
2000-01-11 09:20:46.41,ANON011.SZ,20.24,400.0,-1,224068
2000-01-11 09:20:47.29,ANON011.SZ,21.2,100.0,-1,224229
2000-01-11 09:20:47.86,ANON011.SZ,20.6,800.0,-1,224340
2000-01-11 09:20:51.42,ANON011.SZ,20.8,200.0,-1,224987
2000-01-11 09:20:52.79,ANON011.SZ,19.99,200.0,1,225247
2000-01-11 09:20:55.18,ANON011.SZ,19.93,100.0,1,225678
2000-01-11 09:20:58.44,ANON011.SZ,20.05,2000.0,-1,226330
2000-01-11 09:20:58.72,ANON011.SZ,19.99,1000.0,-1,226387
2000-01-11 09:20:59.75,ANON011.SZ,19.5,1200.0,1,226610
2000-01-11 09:21:10.04,ANON011.SZ,19.5,4000.0,1,228562
2000-01-11 09:21:10.54,ANON011.SZ,20.1,4100.0,-1,228650
2000-01-11 09:21:12,ANON011.SZ,20.59,500.0,-1,228956
2000-01-11 09:21:12.04,ANON011.SZ,20.0,300.0,1,228965
2000-01-11 09:21:12.88,ANON011.SZ,19.82,3000.0,1,229136
2000-01-11 09:21:14.21,ANON011.SZ,20.5,20000.0,-1,229440
2000-01-11 09:21:18.8,ANON011.SZ,23.93,5700.0,-1,230332
2000-01-11 09:21:19.59,ANON011.SZ,22.51,36300.0,-1,230510
2000-01-11 09:21:21.1,ANON011.SZ,20.3,1000.0,-1,230823
2000-01-11 09:21:24.45,ANON011.SZ,20.05,1000.0,-1,231521
2000-01-11 09:21:24.78,ANON011.SZ,20.79,500.0,-1,231604
2000-01-11 09:21:26.08,ANON011.SZ,23.0,1000.0,-1,231859
2000-01-11 09:21:31.53,ANON011.SZ,19.54,600.0,1,232938
2000-01-11 09:21:31.55,ANON011.SZ,20.38,500.0,-1,232942
2000-01-11 09:21:32.26,ANON011.SZ,20.15,2000.0,-1,233081
2000-01-11 09:21:33.02,ANON011.SZ,23.93,5200.0,-1,233226
2000-01-11 09:21:38.69,ANON011.SZ,20.29,1000.0,-1,234404
2000-01-11 09:21:39.23,ANON011.SZ,20.3,3000.0,-1,234509
2000-01-11 09:21:42.3,ANON011.SZ,22.7,7000.0,-1,235207
2000-01-11 09:21:43.06,ANON011.SZ,19.93,600.0,1,235361
2000-01-11 09:21:45.41,ANON011.SZ,19.99,3400.0,-1,235864
2000-01-11 09:21:49.08,ANON011.SZ,18.95,100.0,-1,236696
2000-01-11 09:21:54.98,ANON011.SZ,20.3,400.0,-1,238006
2000-01-11 09:21:59.89,ANON011.SZ,23.9,500.0,-1,239102
2000-01-11 09:22:01.19,ANON011.SZ,20.12,100.0,-1,239389
2000-01-11 09:22:01.21,ANON011.SZ,18.82,100.0,-1,239394
2000-01-11 09:22:03.63,ANON011.SZ,20.0,1000.0,1,239924
2000-01-11 09:22:06.58,ANON011.SZ,19.99,1000.0,1,240533
2000-01-11 09:22:12.39,ANON011.SZ,19.99,1000.0,1,241768
2000-01-11 09:22:13.76,ANON011.SZ,19.4,200.0,1,242091
2000-01-11 09:22:18.93,ANON011.SZ,19.99,600.0,-1,243264
2000-01-11 09:22:25.93,ANON011.SZ,19.93,200.0,1,244918
2000-01-11 09:22:31.48,ANON011.SZ,22.8,100.0,-1,246271
2000-01-11 09:22:33.24,ANON011.SZ,20.0,1000.0,-1,246664
2000-01-11 09:22:39.83,ANON011.SZ,19.99,1300.0,-1,248247
2000-01-11 09:22:40.41,ANON011.SZ,22.9,300.0,-1,248390
2000-01-11 09:22:42.37,ANON011.SZ,19.75,800.0,1,248877
2000-01-11 09:22:42.52,ANON011.SZ,19.81,300.0,1,248924
2000-01-11 09:22:43.4,ANON011.SZ,20.48,200.0,-1,249179
2000-01-11 09:22:47.12,ANON011.SZ,23.93,300.0,-1,250102
2000-01-11 09:22:48.6,ANON011.SZ,20.28,1000.0,-1,250502
2000-01-11 09:22:49.07,ANON011.SZ,20.65,500.0,-1,250623
2000-01-11 09:22:49.26,ANON011.SZ,20.99,2000.0,-1,250680
2000-01-11 09:22:53.99,ANON011.SZ,19.5,200.0,1,251849
2000-01-11 09:22:57.15,ANON011.SZ,20.39,1000.0,-1,252616
2000-01-11 09:22:58.11,ANON011.SZ,20.18,200.0,-1,252851
2000-01-11 09:22:59.53,ANON011.SZ,21.46,10000.0,-1,253231
2000-01-11 09:23:01.3,ANON011.SZ,20.3,900.0,-1,253715
2000-01-11 09:23:04.91,ANON011.SZ,23.93,10000.0,-1,254699
2000-01-11 09:23:05.15,ANON011.SZ,20.14,300.0,1,254754
2000-01-11 09:23:05.98,ANON011.SZ,23.93,900.0,1,254970
2000-01-11 09:23:13.02,ANON011.SZ,19.99,1200.0,-1,256801
2000-01-11 09:23:13.4,ANON011.SZ,19.72,600.0,-1,256897
2000-01-11 09:23:14.75,ANON011.SZ,23.93,8300.0,-1,257281
2000-01-11 09:23:17.28,ANON011.SZ,19.99,7000.0,-1,257920
2000-01-11 09:23:19.07,ANON011.SZ,18.95,200.0,-1,258411
2000-01-11 09:23:20.03,ANON011.SZ,19.8,1300.0,1,258692
2000-01-11 09:23:22.53,ANON011.SZ,19.9,200.0,-1,259374
2000-01-11 09:23:23.33,ANON011.SZ,22.58,1000.0,-1,259590
2000-01-11 09:23:26.24,ANON011.SZ,20.39,1500.0,-1,260402
2000-01-11 09:23:28.88,ANON011.SZ,19.75,1000.0,1,261191
2000-01-11 09:23:29.78,ANON011.SZ,19.78,2000.0,1,261461
2000-01-11 09:23:30.77,ANON011.SZ,20.88,300.0,-1,261761
2000-01-11 09:23:31.47,ANON011.SZ,21.2,56000.0,-1,261985
2000-01-11 09:23:31.99,ANON011.SZ,18.82,100.0,-1,262201
2000-01-11 09:23:32.66,ANON011.SZ,20.33,1000.0,-1,262408
2000-01-11 09:23:34.04,ANON011.SZ,22.99,3500.0,-1,262841
2000-01-11 09:23:34.07,ANON011.SZ,20.99,25000.0,-1,262851
2000-01-11 09:23:34.64,ANON011.SZ,20.59,1500.0,-1,263041
2000-01-11 09:23:39.95,ANON011.SZ,21.0,200.0,1,264586
2000-01-11 09:23:42.09,ANON011.SZ,23.87,2000.0,-1,265279
2000-01-11 09:23:45.19,ANON011.SZ,19.99,3000.0,-1,266217
2000-01-11 09:23:45.55,ANON011.SZ,19.98,200.0,-1,266337
2000-01-11 09:23:47.65,ANON011.SZ,19.98,1100.0,-1,266985
2000-01-11 09:23:47.8,ANON011.SZ,20.0,500.0,1,267032
2000-01-11 09:23:48.65,ANON011.SZ,19.8,1300.0,1,267275
2000-01-11 09:23:50.41,ANON011.SZ,21.02,600.0,-1,267798
2000-01-11 09:23:53.62,ANON011.SZ,19.8,100.0,-1,268785
2000-01-11 09:23:53.85,ANON011.SZ,20.59,8700.0,-1,268871
2000-01-11 09:23:54.93,ANON011.SZ,20.25,1500.0,-1,269240
2000-01-11 09:23:59.47,ANON011.SZ,20.79,2000.0,-1,270656
2000-01-11 09:24:00.03,ANON011.SZ,20.93,100.0,1,270865
2000-01-11 09:24:00.31,ANON011.SZ,20.29,500.0,-1,271016
2000-01-11 09:24:00.93,ANON011.SZ,19.99,1000.0,-1,271200
2000-01-11 09:24:02.68,ANON011.SZ,20.3,100.0,-1,271821
2000-01-11 09:24:06.87,ANON011.SZ,23.93,2000.0,-1,273380
2000-01-11 09:24:08.33,ANON011.SZ,20.99,3000.0,-1,273930
2000-01-11 09:24:10.55,ANON011.SZ,19.92,400.0,-1,274825
2000-01-11 09:24:12.35,ANON011.SZ,19.97,1500.0,-1,275589
2000-01-11 09:24:12.64,ANON011.SZ,20.03,100.0,1,275729
2000-01-11 09:24:13.6,ANON011.SZ,20.29,100.0,1,276149
2000-01-11 09:24:15.83,ANON011.SZ,23.93,100.0,1,277194
2000-01-11 09:24:20.24,ANON011.SZ,19.98,200.0,1,279275
2000-01-11 09:24:20.63,ANON011.SZ,21.19,3000.0,-1,279454
2000-01-11 09:24:21.25,ANON011.SZ,20.55,100.0,-1,279800
2000-01-11 09:24:22.4,ANON011.SZ,20.93,1800.0,1,280428
2000-01-11 09:24:25.41,ANON011.SZ,19.96,2400.0,-1,281918
2000-01-11 09:24:25.91,ANON011.SZ,19.99,2000.0,1,282151
2000-01-11 09:24:26.02,ANON011.SZ,20.33,100.0,-1,282202
2000-01-11 09:24:27.09,ANON011.SZ,19.9,900.0,-1,282706
2000-01-11 09:24:29.82,ANON011.SZ,20.39,100.0,-1,284070
2000-01-11 09:24:30.5,ANON011.SZ,19.96,1500.0,-1,284481
2000-01-11 09:24:30.72,ANON011.SZ,21.39,6200.0,-1,284618
2000-01-11 09:24:30.99,ANON011.SZ,19.95,3400.0,-1,284752
2000-01-11 09:24:31.07,ANON011.SZ,20.33,200.0,1,284809
2000-01-11 09:24:31.08,ANON011.SZ,18.95,100.0,-1,284818
2000-01-11 09:24:31.3,ANON011.SZ,19.99,4000.0,-1,284947
2000-01-11 09:24:31.49,ANON011.SZ,18.82,100.0,-1,285050
2000-01-11 09:24:31.85,ANON011.SZ,20.52,5000.0,-1,285241
2000-01-11 09:24:32.4,ANON011.SZ,19.96,700.0,-1,285529
2000-01-11 09:24:32.41,ANON011.SZ,20.93,200.0,1,285539
2000-01-11 09:24:33.24,ANON011.SZ,19.93,300.0,-1,285995
2000-01-11 09:24:33.38,ANON011.SZ,20.8,800.0,-1,286063
2000-01-11 09:24:33.69,ANON011.SZ,20.17,500.0,-1,286205
2000-01-11 09:24:35.08,ANON011.SZ,19.98,400.0,1,286910
2000-01-11 09:24:36.41,ANON011.SZ,20.17,400.0,1,287606
2000-01-11 09:24:37.97,ANON011.SZ,20.39,1200.0,-1,288437
2000-01-11 09:24:39.91,ANON011.SZ,21.59,6200.0,-1,289643
2000-01-11 09:24:40.47,ANON011.SZ,19.76,500.0,1,289983
2000-01-11 09:24:43.26,ANON011.SZ,19.67,1000.0,1,291571
2000-01-11 09:24:43.75,ANON011.SZ,19.99,500.0,-1,291942
2000-01-11 09:24:44.42,ANON011.SZ,22.05,1000.0,-1,292346
2000-01-11 09:24:44.99,ANON011.SZ,20.38,100.0,-1,292680
2000-01-11 09:24:45.08,ANON011.SZ,19.8,4100.0,-1,292724
2000-01-11 09:24:45.15,ANON011.SZ,20.14,400.0,1,292768
2000-01-11 09:24:45.55,ANON011.SZ,19.97,300.0,-1,292968
2000-01-11 09:24:49.44,ANON011.SZ,20.01,400.0,1,295211
2000-01-11 09:24:49.66,ANON011.SZ,19.99,400.0,-1,295358
2000-01-11 09:24:50.06,ANON011.SZ,20.93,100.0,1,295683
2000-01-11 09:24:50.25,ANON011.SZ,20.01,300.0,1,295831
2000-01-11 09:24:50.56,ANON011.SZ,21.5,3200.0,-1,296142
2000-01-11 09:24:51.69,ANON011.SZ,19.6,800.0,-1,297291
2000-01-11 09:24:51.79,ANON011.SZ,19.7,200.0,-1,297492
2000-01-11 09:24:51.82,ANON011.SZ,19.7,200.0,-1,297587
2000-01-11 09:24:51.89,ANON011.SZ,19.6,800.0,-1,297754
2000-01-11 09:24:51.97,ANON011.SZ,20.39,200.0,-1,298069
2000-01-11 09:24:52.56,ANON011.SZ,23.93,300.0,1,298560
2000-01-11 09:24:53.5,ANON011.SZ,19.8,2200.0,-1,299463
2000-01-11 09:24:54.1,ANON011.SZ,19.79,6100.0,-1,300137
2000-01-11 09:24:54.21,ANON011.SZ,20.15,700.0,1,300253
2000-01-11 09:24:54.43,ANON011.SZ,19.98,100.0,-1,300435
2000-01-11 09:24:55.57,ANON011.SZ,20.39,1100.0,-1,301512
2000-01-11 09:24:55.63,ANON011.SZ,15.95,500.0,-1,301570
2000-01-11 09:24:55.9,ANON011.SZ,20.79,300.0,1,301879
2000-01-11 09:24:56.12,ANON011.SZ,20.79,400.0,1,302315
2000-01-11 09:24:56.14,ANON011.SZ,20.79,900.0,1,302374
2000-01-11 09:24:56.33,ANON011.SZ,20.79,700.0,1,302993
2000-01-11 09:24:56.47,ANON011.SZ,20.39,300.0,1,303372
2000-01-11 09:24:56.48,ANON011.SZ,20.79,500.0,1,303404
2000-01-11 09:24:56.54,ANON011.SZ,19.5,3000.0,-1,303597
2000-01-11 09:24:57.05,ANON011.SZ,20.01,800.0,1,304911
2000-01-11 09:24:57.07,ANON011.SZ,20.79,300.0,1,304943
2000-01-11 09:24:57.74,ANON011.SZ,19.97,4900.0,-1,306714
2000-01-11 09:24:58.07,ANON011.SZ,18.95,100.0,-1,307450
2000-01-11 09:24:58.51,ANON011.SZ,19.01,3300.0,-1,308602
2000-01-11 09:24:58.73,ANON011.SZ,18.82,100.0,-1,309095
2000-01-11 09:24:58.8,ANON011.SZ,19.36,5100.0,-1,309221
2000-01-11 09:24:59.2,ANON011.SZ,19.36,5100.0,-1,309962
2000-01-11 09:24:59.44,ANON011.SZ,19.78,600.0,-1,310291
2000-01-11 09:24:59.61,ANON011.SZ,19.9,7500.0,1,310826
2000-01-11 09:24:59.86,ANON011.SZ,19.5,3500.0,-1,311653
2000-01-11 09:30:00.01,ANON011.SZ,19.4,500.0,1,359757
2000-01-11 09:30:00.01,ANON011.SZ,19.23,500.0,1,359820
2000-01-11 09:30:00.03,ANON011.SZ,20.73,500.0,-1,362547
2000-01-11 09:30:00.03,ANON011.SZ,19.8,1200.0,-1,363491
2000-01-11 09:30:00.03,ANON011.SZ,19.48,600.0,1,363862
2000-01-11 09:30:00.04,ANON011.SZ,19.84,7600.0,-1,364829
2000-01-11 09:30:00.04,ANON011.SZ,21.0,1000.0,-1,365992
2000-01-11 09:30:00.04,ANON011.SZ,19.94,2900.0,-1,366480
2000-01-11 09:30:00.04,ANON011.SZ,19.86,800.0,1,369151
2000-01-11 09:30:00.05,ANON011.SZ,19.86,500.0,-1,369476
2000-01-11 09:30:00.05,ANON011.SZ,19.1,200.0,1,370061
2000-01-11 09:30:00.05,ANON011.SZ,19.71,200.0,1,370339
2000-01-11 09:30:00.05,ANON011.SZ,19.6,800.0,1,370937
2000-01-11 09:30:00.05,ANON011.SZ,19.9,100.0,1,371167
2000-01-11 09:30:00.05,ANON011.SZ,19.87,1000.0,1,372113
2000-01-11 09:30:00.05,ANON011.SZ,20.1,500.0,-1,372267
2000-01-11 09:30:00.05,ANON011.SZ,20.2,1000.0,-1,372890
2000-01-11 09:30:00.06,ANON011.SZ,19.8,4500.0,-1,375561
2000-01-11 09:30:00.06,ANON011.SZ,19.7,500.0,-1,376969
2000-01-11 09:30:00.07,ANON011.SZ,19.6,1000.0,1,378240
2000-01-11 09:30:00.07,ANON011.SZ,19.83,500.0,1,378382
2000-01-11 09:30:00.07,ANON011.SZ,19.75,3000.0,1,378832
2000-01-11 09:30:00.07,ANON011.SZ,20.4,10000.0,-1,379240
2000-01-11 09:30:00.08,ANON011.SZ,19.86,200.0,1,381967
2000-01-11 09:30:00.08,ANON011.SZ,20.0,1000.0,-1,382839
2000-01-11 09:30:00.09,ANON011.SZ,20.06,400.0,-1,385669
2000-01-11 09:30:00.09,ANON011.SZ,20.39,400.0,-1,386395
2000-01-11 09:30:00.1,ANON011.SZ,19.35,200.0,1,387950
2000-01-11 09:30:00.1,ANON011.SZ,20.11,1000.0,-1,388216
2000-01-11 09:30:00.1,ANON011.SZ,19.93,200.0,1,390664
2000-01-11 09:30:00.1,ANON011.SZ,19.78,3000.0,1,392354
2000-01-11 09:30:00.11,ANON011.SZ,23.93,900.0,-1,393451
2000-01-11 09:30:00.11,ANON011.SZ,23.93,1300.0,-1,394408
2000-01-11 09:30:00.11,ANON011.SZ,19.85,100.0,-1,394556
2000-01-11 09:30:00.11,ANON011.SZ,19.86,4700.0,-1,396101
2000-01-11 09:30:00.11,ANON011.SZ,19.86,6700.0,-1,397815
2000-01-11 09:30:00.12,ANON011.SZ,19.95,64100.0,-1,398068
2000-01-11 09:30:00.12,ANON011.SZ,20.0,2000.0,-1,398232
2000-01-11 09:30:00.12,ANON011.SZ,19.85,600.0,-1,399548
2000-01-11 09:30:00.12,ANON011.SZ,19.89,500.0,-1,399950
2000-01-11 09:30:00.13,ANON011.SZ,19.6,400.0,1,403401
2000-01-11 09:30:00.13,ANON011.SZ,20.13,1300.0,-1,404676
2000-01-11 09:30:00.13,ANON011.SZ,19.86,2000.0,-1,404770
2000-01-11 09:30:00.13,ANON011.SZ,23.93,3200.0,-1,404983
2000-01-11 09:30:00.13,ANON011.SZ,19.7,1800.0,1,405205
2000-01-11 09:30:00.13,ANON011.SZ,19.81,300.0,-1,405415
2000-01-11 09:30:00.14,ANON011.SZ,19.99,2600.0,-1,406764
2000-01-11 09:30:00.14,ANON011.SZ,19.74,200.0,-1,407611
2000-01-11 09:30:00.14,ANON011.SZ,23.89,500.0,-1,409323
2000-01-11 09:30:00.14,ANON011.SZ,19.4,900.0,1,409560
2000-01-11 09:30:00.15,ANON011.SZ,19.8,24700.0,-1,410401
2000-01-11 09:30:00.15,ANON011.SZ,19.01,100.0,1,410492
2000-01-11 09:30:00.15,ANON011.SZ,20.57,8000.0,-1,410524
2000-01-11 09:30:00.15,ANON011.SZ,19.85,3300.0,-1,411042
2000-01-11 09:30:00.15,ANON011.SZ,19.55,700.0,1,411645
2000-01-11 09:30:00.15,ANON011.SZ,20.8,800.0,-1,412329
2000-01-11 09:30:00.15,ANON011.SZ,19.88,100.0,-1,412429
2000-01-11 09:30:00.15,ANON011.SZ,19.53,5700.0,1,412894
2000-01-11 09:30:00.16,ANON011.SZ,19.53,4800.0,1,414225
2000-01-11 09:30:00.16,ANON011.SZ,19.86,200.0,1,415115
2000-01-11 09:30:00.16,ANON011.SZ,19.33,1000.0,1,416375
2000-01-11 09:30:00.17,ANON011.SZ,19.86,700.0,1,418452
2000-01-11 09:30:00.17,ANON011.SZ,20.75,500.0,-1,418479
2000-01-11 09:30:00.17,ANON011.SZ,21.05,500.0,-1,418482
2000-01-11 09:30:00.17,ANON011.SZ,21.35,500.0,-1,418483
2000-01-11 09:30:00.17,ANON011.SZ,21.55,500.0,-1,418485
2000-01-11 09:30:00.17,ANON011.SZ,19.99,1000.0,-1,419136
2000-01-11 09:30:00.18,ANON011.SZ,19.8,500.0,1,420832
2000-01-11 09:30:00.18,ANON011.SZ,19.93,100.0,-1,421776
2000-01-11 09:30:00.19,ANON011.SZ,20.35,500.0,-1,424750
2000-01-11 09:30:00.19,ANON011.SZ,21.85,500.0,-1,424768
2000-01-11 09:30:00.19,ANON011.SZ,22.73,11900.0,-1,425620
2000-01-11 09:30:00.19,ANON011.SZ,20.39,400.0,-1,425980
2000-01-11 09:30:00.19,ANON011.SZ,20.65,500.0,-1,426049
2000-01-11 09:30:00.19,ANON011.SZ,19.93,1000.0,-1,426733
2000-01-11 09:30:00.19,ANON011.SZ,19.86,2300.0,-1,427378
2000-01-11 09:30:00.2,ANON011.SZ,20.55,1000.0,-1,427571
2000-01-11 09:30:00.2,ANON011.SZ,19.83,1000.0,1,427934
2000-01-11 09:30:00.2,ANON011.SZ,19.89,800.0,-1,428126
2000-01-11 09:30:00.2,ANON011.SZ,19.86,300.0,-1,428212
2000-01-11 09:30:00.2,ANON011.SZ,19.91,1000.0,-1,429756
2000-01-11 09:30:00.2,ANON011.SZ,19.83,400.0,1,430165
2000-01-11 09:30:00.21,ANON011.SZ,20.3,1000.0,-1,430891
2000-01-11 09:30:00.21,ANON011.SZ,20.6,1000.0,-1,432439
2000-01-11 09:30:00.22,ANON011.SZ,19.99,1100.0,-1,433330
2000-01-11 09:30:00.22,ANON011.SZ,20.16,2000.0,-1,434997
2000-01-11 09:30:00.23,ANON011.SZ,19.82,400.0,1,435972
2000-01-11 09:30:00.24,ANON011.SZ,19.6,20000.0,1,438707
2000-01-11 09:30:00.24,ANON011.SZ,19.47,300.0,1,438776
2000-01-11 09:30:00.24,ANON011.SZ,19.86,2900.0,-1,439098
2000-01-11 09:30:00.24,ANON011.SZ,22.66,10000.0,-1,439673
2000-01-11 09:30:00.25,ANON011.SZ,19.9,1000.0,-1,441592
2000-01-11 09:30:00.27,ANON011.SZ,19.89,100.0,-1,444339
2000-01-11 09:30:00.29,ANON011.SZ,19.62,300.0,1,448983
2000-01-11 09:30:00.29,ANON011.SZ,19.61,300.0,1,449061
2000-01-11 09:30:00.29,ANON011.SZ,19.8,100.0,1,449780
2000-01-11 09:30:00.29,ANON011.SZ,20.7,300.0,-1,449789
2000-01-11 09:30:00.3,ANON011.SZ,19.81,15900.0,-1,450416
2000-01-11 09:30:00.31,ANON011.SZ,19.5,1000.0,1,451921
2000-01-11 09:30:00.31,ANON011.SZ,20.26,1000.0,-1,452377
2000-01-11 09:30:00.32,ANON011.SZ,19.62,500.0,1,454054
2000-01-11 09:30:00.32,ANON011.SZ,20.0,500.0,-1,454184
2000-01-11 09:30:00.33,ANON011.SZ,19.51,100.0,1,454292
2000-01-11 09:30:00.34,ANON011.SZ,19.0,500.0,1,455832
2000-01-11 09:30:00.34,ANON011.SZ,20.86,1700.0,-1,456861
2000-01-11 09:30:00.35,ANON011.SZ,19.0,2300.0,1,457499
2000-01-11 09:30:00.36,ANON011.SZ,19.84,100.0,-1,458314
2000-01-11 09:30:00.36,ANON011.SZ,19.86,600.0,1,459385
2000-01-11 09:30:00.37,ANON011.SZ,19.33,200.0,1,459966
2000-01-11 09:30:00.37,ANON011.SZ,19.5,1000.0,1,461210
2000-01-11 09:30:00.38,ANON011.SZ,20.26,500.0,-1,461803
2000-01-11 09:30:00.39,ANON011.SZ,19.86,300.0,1,462723
2000-01-11 09:30:00.39,ANON011.SZ,19.86,100.0,-1,462863
2000-01-11 09:30:00.41,ANON011.SZ,19.84,400.0,-1,465751
2000-01-11 09:30:00.44,ANON011.SZ,19.51,200.0,1,468840
2000-01-11 09:30:00.44,ANON011.SZ,19.7,2000.0,-1,469326
2000-01-11 09:30:00.45,ANON011.SZ,19.9,500.0,1,470528
2000-01-11 09:30:00.45,ANON011.SZ,19.5,10000.0,1,470535
2000-01-11 09:30:00.46,ANON011.SZ,19.95,400.0,-1,471598
2000-01-11 09:30:00.48,ANON011.SZ,19.64,3000.0,1,473648
2000-01-11 09:30:00.49,ANON011.SZ,20.18,500.0,-1,474794
2000-01-11 09:30:00.49,ANON011.SZ,20.38,12600.0,-1,474940
2000-01-11 09:30:00.5,ANON011.SZ,19.87,100.0,1,475997
2000-01-11 09:30:00.5,ANON011.SZ,19.86,500.0,-1,476417
2000-01-11 09:30:00.51,ANON011.SZ,19.81,400.0,1,478015
2000-01-11 09:30:00.52,ANON011.SZ,19.82,300.0,1,478477
2000-01-11 09:30:00.52,ANON011.SZ,19.86,5000.0,1,478668
2000-01-11 09:30:00.52,ANON011.SZ,19.42,300.0,1,478923
2000-01-11 09:30:00.52,ANON011.SZ,19.86,1100.0,-1,479088
2000-01-11 09:30:00.54,ANON011.SZ,19.86,10800.0,-1,480781
2000-01-11 09:30:00.55,ANON011.SZ,23.93,600.0,-1,481880
2000-01-11 09:30:00.55,ANON011.SZ,20.05,600.0,-1,482349
2000-01-11 09:30:00.56,ANON011.SZ,19.9,200.0,-1,483757
2000-01-11 09:30:00.56,ANON011.SZ,19.21,300.0,1,484279
2000-01-11 09:30:00.6,ANON011.SZ,19.88,1200.0,1,487277
2000-01-11 09:30:00.6,ANON011.SZ,19.96,100.0,-1,487961
2000-01-11 09:30:00.61,ANON011.SZ,19.81,2500.0,1,488436
2000-01-11 09:30:00.61,ANON011.SZ,19.7,500.0,1,489001
2000-01-11 09:30:00.61,ANON011.SZ,20.1,9100.0,-1,489202
2000-01-11 09:30:00.61,ANON011.SZ,19.51,3300.0,1,489288
2000-01-11 09:30:00.64,ANON011.SZ,19.84,100.0,-1,491196
2000-01-11 09:30:00.64,ANON011.SZ,19.67,100.0,-1,491366
2000-01-11 09:30:00.65,ANON011.SZ,19.86,2000.0,-1,492019
2000-01-11 09:30:00.65,ANON011.SZ,19.94,1600.0,-1,492506
2000-01-11 09:30:00.65,ANON011.SZ,19.6,1000.0,1,492538
2000-01-11 09:30:00.67,ANON011.SZ,19.62,10000.0,1,494938
2000-01-11 09:30:00.68,ANON011.SZ,21.46,5800.0,-1,495820
2000-01-11 09:30:00.69,ANON011.SZ,19.55,1000.0,1,496858
2000-01-11 09:30:00.69,ANON011.SZ,19.5,5000.0,1,497321
2000-01-11 09:30:00.7,ANON011.SZ,19.6,500.0,1,498693
2000-01-11 09:30:00.7,ANON011.SZ,19.4,500.0,1,498713
2000-01-11 09:30:00.7,ANON011.SZ,19.8,1000.0,-1,498773
2000-01-11 09:30:00.7,ANON011.SZ,21.58,500.0,-1,498791
2000-01-11 09:30:00.71,ANON011.SZ,19.93,300.0,1,499073
2000-01-11 09:30:00.71,ANON011.SZ,20.8,1300.0,-1,499660
2000-01-11 09:30:00.73,ANON011.SZ,20.1,500.0,-1,501663
2000-01-11 09:30:00.74,ANON011.SZ,20.4,500.0,-1,501711
2000-01-11 09:30:00.75,ANON011.SZ,19.98,400.0,-1,502736
2000-01-11 09:30:00.75,ANON011.SZ,20.09,500.0,-1,502963
2000-01-11 09:30:00.75,ANON011.SZ,19.78,2900.0,-1,503029
2000-01-11 09:30:00.76,ANON011.SZ,20.5,1700.0,-1,503553
2000-01-11 09:30:00.76,ANON011.SZ,20.29,700.0,-1,503841
2000-01-11 09:30:00.77,ANON011.SZ,19.46,10000.0,1,504615
2000-01-11 09:30:00.79,ANON011.SZ,19.45,10000.0,1,507638
2000-01-11 09:30:00.81,ANON011.SZ,23.93,2000.0,-1,509147
2000-01-11 09:30:00.82,ANON011.SZ,18.76,2000.0,1,510111
2000-01-11 09:30:00.82,ANON011.SZ,18.32,4000.0,1,510736
2000-01-11 09:30:00.85,ANON011.SZ,20.05,3500.0,-1,513666
2000-01-11 09:30:00.86,ANON011.SZ,19.81,1000.0,1,514405
2000-01-11 09:30:00.87,ANON011.SZ,23.0,300.0,-1,514503
2000-01-11 09:30:00.88,ANON011.SZ,20.54,2000.0,-1,515823
2000-01-11 09:30:00.89,ANON011.SZ,19.87,700.0,1,516176
2000-01-11 09:30:00.89,ANON011.SZ,19.6,1000.0,1,516526
2000-01-11 09:30:00.9,ANON011.SZ,19.84,3000.0,1,517214
2000-01-11 09:30:00.91,ANON011.SZ,20.18,10000.0,-1,517832
2000-01-11 09:30:00.91,ANON011.SZ,20.3,100.0,-1,518017
2000-01-11 09:30:00.92,ANON011.SZ,19.86,8000.0,-1,518818
2000-01-11 09:30:00.92,ANON011.SZ,20.5,100.0,-1,519273
2000-01-11 09:30:00.94,ANON011.SZ,19.6,500.0,1,521170
2000-01-11 09:30:00.99,ANON011.SZ,18.77,500.0,1,525124
2000-01-11 09:30:00.99,ANON011.SZ,19.85,1000.0,-1,525237
2000-01-11 09:30:01.01,ANON011.SZ,19.6,500.0,1,527050
2000-01-11 09:30:01.03,ANON011.SZ,20.05,1000.0,-1,528492
2000-01-11 09:30:01.05,ANON011.SZ,19.52,500.0,1,530087
2000-01-11 09:30:01.08,ANON011.SZ,20.48,200.0,-1,532419
2000-01-11 09:30:01.13,ANON011.SZ,19.58,200.0,1,535655
2000-01-11 09:30:01.17,ANON011.SZ,20.4,1400.0,-1,537911
2000-01-11 09:30:01.17,ANON011.SZ,19.68,400.0,1,537942
2000-01-11 09:30:01.18,ANON011.SZ,19.78,200.0,1,538433
2000-01-11 09:30:01.25,ANON011.SZ,19.81,1000.0,-1,542254
2000-01-11 09:30:01.25,ANON011.SZ,19.94,600.0,-1,542512
2000-01-11 09:30:01.32,ANON011.SZ,19.85,700.0,1,545180
2000-01-11 09:30:01.33,ANON011.SZ,19.74,200.0,-1,545826
2000-01-11 09:30:01.33,ANON011.SZ,19.76,200.0,-1,545830
2000-01-11 09:30:01.33,ANON011.SZ,19.76,200.0,-1,546329
2000-01-11 09:30:01.33,ANON011.SZ,19.78,200.0,1,546344
2000-01-11 09:30:01.33,ANON011.SZ,19.76,100.0,-1,546355
2000-01-11 09:30:01.33,ANON011.SZ,19.77,100.0,-1,546367
2000-01-11 09:30:01.33,ANON011.SZ,19.76,100.0,-1,546376
2000-01-11 09:30:01.33,ANON011.SZ,19.76,100.0,-1,546381
2000-01-11 09:30:01.33,ANON011.SZ,19.83,100.0,-1,546386
2000-01-11 09:30:01.33,ANON011.SZ,19.76,200.0,-1,546391
2000-01-11 09:30:01.33,ANON011.SZ,19.76,10000.0,-1,546400
2000-01-11 09:30:01.33,ANON011.SZ,19.77,100.0,-1,546409
2000-01-11 09:30:01.33,ANON011.SZ,19.77,100.0,-1,546415
2000-01-11 09:30:01.33,ANON011.SZ,19.77,100.0,-1,546430
2000-01-11 09:30:01.33,ANON011.SZ,19.77,100.0,-1,546431
2000-01-11 09:30:01.33,ANON011.SZ,19.77,100.0,-1,546476
2000-01-11 09:30:01.33,ANON011.SZ,19.8,100.0,-1,546496
2000-01-11 09:30:01.35,ANON011.SZ,19.86,200.0,-1,548128
2000-01-11 09:30:01.37,ANON011.SZ,20.2,500.0,-1,549444
2000-01-11 09:30:01.37,ANON011.SZ,19.58,900.0,1,549606
2000-01-11 09:30:01.38,ANON011.SZ,20.5,200.0,-1,550097
2000-01-11 09:30:01.38,ANON011.SZ,19.75,500.0,1,550130
2000-01-11 09:30:01.4,ANON011.SZ,19.77,300.0,1,551676
2000-01-11 09:30:01.41,ANON011.SZ,19.49,3600.0,1,551870
2000-01-11 09:30:01.43,ANON011.SZ,19.86,200.0,-1,552938
2000-01-11 09:30:01.44,ANON011.SZ,19.78,100.0,1,554453
2000-01-11 09:30:01.45,ANON011.SZ,19.77,500.0,1,554610
2000-01-11 09:30:01.45,ANON011.SZ,19.8,100.0,-1,554634
2000-01-11 09:30:01.45,ANON011.SZ,19.82,800.0,1,555112
2000-01-11 09:30:01.46,ANON011.SZ,20.2,1000.0,-1,555751
2000-01-11 09:30:01.5,ANON011.SZ,19.83,600.0,1,558301
2000-01-11 09:30:01.51,ANON011.SZ,19.77,100.0,1,559002
2000-01-11 09:30:01.51,ANON011.SZ,19.77,200.0,1,559081
2000-01-11 09:30:01.52,ANON011.SZ,19.83,100.0,-1,559696
2000-01-11 09:30:01.52,ANON011.SZ,19.69,2000.0,1,559715
2000-01-11 09:30:01.53,ANON011.SZ,20.5,800.0,-1,560419
2000-01-11 09:30:01.54,ANON011.SZ,19.83,100.0,-1,561201
2000-01-11 09:30:01.54,ANON011.SZ,19.88,200.0,1,561420
2000-01-11 09:30:01.55,ANON011.SZ,19.89,200.0,-1,562003
2000-01-11 09:30:01.56,ANON011.SZ,19.83,100.0,-1,562456
2000-01-11 09:30:01.57,ANON011.SZ,19.77,100.0,1,563055
2000-01-11 09:30:01.58,ANON011.SZ,19.77,100.0,1,563404
2000-01-11 09:30:01.59,ANON011.SZ,21.5,2000.0,-1,563998
2000-01-11 09:30:01.6,ANON011.SZ,23.6,600.0,-1,564307
2000-01-11 09:30:01.61,ANON011.SZ,20.15,500.0,-1,565327
2000-01-11 09:30:01.62,ANON011.SZ,19.56,2000.0,1,565548
2000-01-11 09:30:01.64,ANON011.SZ,19.96,500.0,-1,566268
2000-01-11 09:30:01.66,ANON011.SZ,19.86,2700.0,-1,567182
2000-01-11 09:30:01.67,ANON011.SZ,19.6,1000.0,1,567599
2000-01-11 09:30:01.67,ANON011.SZ,19.83,100.0,-1,567897
2000-01-11 09:30:01.68,ANON011.SZ,19.75,300.0,1,568266
2000-01-11 09:30:01.69,ANON011.SZ,19.37,300.0,1,568524
2000-01-11 09:30:01.69,ANON011.SZ,20.0,500.0,-1,568631
2000-01-11 09:30:01.71,ANON011.SZ,19.68,1000.0,1,569222
2000-01-11 09:30:01.75,ANON011.SZ,19.75,800.0,1,571975
2000-01-11 09:30:01.76,ANON011.SZ,19.62,1000.0,1,572589
2000-01-11 09:30:01.77,ANON011.SZ,19.86,500.0,-1,573115
2000-01-11 09:30:01.77,ANON011.SZ,21.95,400.0,-1,573408
2000-01-11 09:30:01.78,ANON011.SZ,19.83,100.0,-1,573478
2000-01-11 09:30:01.84,ANON011.SZ,19.81,500.0,1,577180
2000-01-11 09:30:01.85,ANON011.SZ,19.77,1500.0,1,577323
2000-01-11 09:30:01.85,ANON011.SZ,19.36,100.0,1,577383
2000-01-11 09:30:01.86,ANON011.SZ,19.71,600.0,1,578103
2000-01-11 09:30:01.88,ANON011.SZ,19.5,500.0,1,578853
2000-01-11 09:30:01.89,ANON011.SZ,19.78,100.0,-1,578946
2000-01-11 09:30:01.89,ANON011.SZ,23.8,3800.0,-1,579181
2000-01-11 09:30:01.91,ANON011.SZ,19.8,400.0,-1,580143
2000-01-11 09:30:01.93,ANON011.SZ,17.6,100.0,1,580920
2000-01-11 09:30:01.95,ANON011.SZ,20.37,500.0,-1,581763
2000-01-11 09:30:01.95,ANON011.SZ,19.7,100.0,1,581804
2000-01-11 09:30:01.97,ANON011.SZ,20.37,2000.0,-1,582589
2000-01-11 09:30:01.97,ANON011.SZ,19.76,3000.0,1,582772
2000-01-11 09:30:01.98,ANON011.SZ,19.62,3000.0,1,583088
2000-01-11 09:30:01.98,ANON011.SZ,19.54,4000.0,1,583364
2000-01-11 09:30:01.99,ANON011.SZ,19.48,200.0,1,583529
2000-01-11 09:30:02.04,ANON011.SZ,19.9,1500.0,-1,586330
2000-01-11 09:30:02.05,ANON011.SZ,19.86,1200.0,1,586888
2000-01-11 09:30:02.1,ANON011.SZ,19.77,100.0,1,588904
2000-01-11 09:30:02.15,ANON011.SZ,19.61,200.0,1,590948
2000-01-11 09:30:02.15,ANON011.SZ,19.83,100.0,-1,590989
2000-01-11 09:30:02.17,ANON011.SZ,19.76,200.0,-1,591472
2000-01-11 09:30:02.17,ANON011.SZ,23.93,400.0,-1,591488
2000-01-11 09:30:02.23,ANON011.SZ,19.91,600.0,1,593827
2000-01-11 09:30:02.29,ANON011.SZ,20.52,100.0,-1,595860
2000-01-11 09:30:02.31,ANON011.SZ,19.77,300.0,1,596681
2000-01-11 09:30:02.32,ANON011.SZ,19.77,700.0,1,596736
2000-01-11 09:30:02.33,ANON011.SZ,20.0,600.0,-1,597425
2000-01-11 09:30:02.34,ANON011.SZ,19.8,100.0,-1,598078
2000-01-11 09:30:02.35,ANON011.SZ,19.83,100.0,1,598373
2000-01-11 09:30:02.35,ANON011.SZ,20.0,9900.0,1,598412
2000-01-11 09:30:02.38,ANON011.SZ,23.0,500.0,-1,599616
2000-01-11 09:30:02.41,ANON011.SZ,19.77,200.0,-1,600893
2000-01-11 09:30:02.41,ANON011.SZ,19.77,200.0,-1,600936
2000-01-11 09:30:02.41,ANON011.SZ,19.78,200.0,-1,601359
2000-01-11 09:30:02.45,ANON011.SZ,19.89,200.0,-1,603276
2000-01-11 09:30:02.45,ANON011.SZ,19.89,700.0,-1,603426
2000-01-11 09:30:02.54,ANON011.SZ,19.36,500.0,1,606846
2000-01-11 09:30:02.56,ANON011.SZ,20.28,500.0,-1,608029
2000-01-11 09:30:02.56,ANON011.SZ,23.93,1700.0,-1,608131
2000-01-11 09:30:02.6,ANON011.SZ,19.81,700.0,1,609627
2000-01-11 09:30:02.6,ANON011.SZ,20.86,1000.0,-1,609669
2000-01-11 09:30:02.62,ANON011.SZ,19.87,200.0,1,610167
2000-01-11 09:30:02.7,ANON011.SZ,19.84,1000.0,-1,612911
2000-01-11 09:30:02.72,ANON011.SZ,19.38,1000.0,1,613615
2000-01-11 09:30:02.75,ANON011.SZ,19.81,400.0,1,614513
2000-01-11 09:30:02.75,ANON011.SZ,19.49,800.0,1,614571
2000-01-11 09:30:02.76,ANON011.SZ,19.81,1000.0,1,615183
2000-01-11 09:30:02.81,ANON011.SZ,19.87,300.0,1,616397
2000-01-11 09:30:02.82,ANON011.SZ,19.8,2000.0,1,616710
2000-01-11 09:30:02.84,ANON011.SZ,20.22,300.0,-1,617200
2000-01-11 09:30:02.84,ANON011.SZ,19.7,1000.0,-1,617264
2000-01-11 09:30:02.85,ANON011.SZ,19.8,1600.0,1,617699
2000-01-11 09:30:02.98,ANON011.SZ,19.58,200.0,1,621659
2000-01-11 09:30:03.03,ANON011.SZ,19.78,200.0,1,623451
2000-01-11 09:30:03.04,ANON011.SZ,19.8,100.0,1,623625
2000-01-11 09:30:03.12,ANON011.SZ,19.8,300.0,-1,626047
2000-01-11 09:30:03.18,ANON011.SZ,19.82,600.0,-1,628549
2000-01-11 09:30:03.23,ANON011.SZ,19.76,100.0,-1,630073
2000-01-11 09:30:03.23,ANON011.SZ,19.76,100.0,-1,630075
2000-01-11 09:30:03.24,ANON011.SZ,19.77,100.0,-1,630343
2000-01-11 09:30:03.24,ANON011.SZ,19.76,100.0,-1,630345
2000-01-11 09:30:03.24,ANON011.SZ,19.76,200.0,-1,630347
2000-01-11 09:30:03.24,ANON011.SZ,19.76,200.0,-1,630351
2000-01-11 09:30:03.24,ANON011.SZ,19.76,100.0,-1,630354
2000-01-11 09:30:03.24,ANON011.SZ,19.76,200.0,-1,630376
2000-01-11 09:30:03.24,ANON011.SZ,19.76,200.0,-1,630378
2000-01-11 09:30:03.24,ANON011.SZ,19.76,100.0,-1,630380
2000-01-11 09:30:03.24,ANON011.SZ,19.76,200.0,-1,630384
2000-01-11 09:30:03.24,ANON011.SZ,19.76,100.0,-1,630386
2000-01-11 09:30:03.32,ANON011.SZ,19.62,600.0,1,633350
2000-01-11 09:30:03.33,ANON011.SZ,20.86,600.0,-1,633695
2000-01-11 09:30:03.37,ANON011.SZ,19.8,10000.0,1,635384
2000-01-11 09:30:03.47,ANON011.SZ,19.75,200.0,1,639711
2000-01-11 09:30:03.48,ANON011.SZ,19.77,100.0,1,639943
2000-01-11 09:30:03.52,ANON011.SZ,20.9,200.0,-1,642154
2000-01-11 09:30:03.53,ANON011.SZ,19.84,200.0,1,642753
2000-01-11 09:30:03.68,ANON011.SZ,19.81,1000.0,1,646810
2000-01-11 09:30:03.76,ANON011.SZ,20.3,500.0,-1,650175
2000-01-11 09:30:03.87,ANON011.SZ,19.96,600.0,-1,652585
2000-01-11 09:30:03.87,ANON011.SZ,19.78,3000.0,-1,652611
2000-01-11 09:30:03.9,ANON011.SZ,19.91,100.0,-1,653341
2000-01-11 09:30:03.99,ANON011.SZ,19.81,1900.0,1,655346
2000-01-11 09:30:04,ANON011.SZ,19.77,300.0,1,655519
2000-01-11 09:30:04,ANON011.SZ,19.81,1500.0,1,655612
2000-01-11 09:30:04.06,ANON011.SZ,19.77,200.0,-1,656709
2000-01-11 09:30:04.06,ANON011.SZ,19.8,700.0,1,656713
2000-01-11 09:30:04.07,ANON011.SZ,19.83,12500.0,1,656919
2000-01-11 09:30:04.07,ANON011.SZ,19.78,200.0,-1,656982
2000-01-11 09:30:04.07,ANON011.SZ,19.81,900.0,-1,656991
2000-01-11 09:30:04.07,ANON011.SZ,19.81,600.0,-1,656995
2000-01-11 09:30:04.07,ANON011.SZ,19.81,10000.0,1,657020
2000-01-11 09:30:04.07,ANON011.SZ,19.8,1000.0,1,657047
2000-01-11 09:30:04.08,ANON011.SZ,19.8,400.0,-1,657126
2000-01-11 09:30:04.08,ANON011.SZ,19.8,200.0,1,657497
2000-01-11 09:30:04.1,ANON011.SZ,19.81,200.0,1,657949
2000-01-11 09:30:04.1,ANON011.SZ,19.81,100.0,1,657951
2000-01-11 09:30:04.1,ANON011.SZ,19.8,100.0,-1,658054
2000-01-11 09:30:04.1,ANON011.SZ,19.8,100.0,-1,658062
2000-01-11 09:30:04.1,ANON011.SZ,19.8,200.0,-1,658064
2000-01-11 09:30:04.11,ANON011.SZ,19.8,200.0,-1,658530
2000-01-11 09:30:04.11,ANON011.SZ,19.8,900.0,-1,658549
2000-01-11 09:30:04.11,ANON011.SZ,19.8,100.0,-1,658647
2000-01-11 09:30:04.12,ANON011.SZ,19.78,200.0,1,659268
2000-01-11 09:30:04.13,ANON011.SZ,19.68,900.0,1,659466
2000-01-11 09:30:04.14,ANON011.SZ,19.8,200.0,-1,659972
2000-01-11 09:30:04.4,ANON011.SZ,19.81,8500.0,-1,666200
2000-01-11 09:30:04.5,ANON011.SZ,20.3,1000.0,-1,669418
2000-01-11 09:30:04.52,ANON011.SZ,19.86,200.0,-1,669920
2000-01-11 09:30:04.6,ANON011.SZ,20.8,700.0,-1,672001
2000-01-11 09:30:04.61,ANON011.SZ,23.93,200.0,-1,672266
2000-01-11 09:30:04.77,ANON011.SZ,19.82,500.0,1,675732
2000-01-11 09:30:04.78,ANON011.SZ,19.82,200.0,1,675735
2000-01-11 09:30:04.78,ANON011.SZ,19.82,100.0,1,675742
2000-01-11 09:30:04.78,ANON011.SZ,19.82,100.0,1,675897
2000-01-11 09:30:04.85,ANON011.SZ,19.82,100.0,1,677571
2000-01-11 09:30:04.99,ANON011.SZ,19.8,100.0,-1,679853
2000-01-11 09:30:05.5,ANON011.SZ,19.8,1600.0,-1,686838
2000-01-11 09:30:05.5,ANON011.SZ,19.81,800.0,-1,686846
2000-01-11 09:30:05.53,ANON011.SZ,21.33,3000.0,-1,687267
2000-01-11 09:30:05.78,ANON011.SZ,19.8,1000.0,1,689562
2000-01-11 09:30:05.78,ANON011.SZ,19.77,900.0,1,689564
2000-01-11 09:30:05.78,ANON011.SZ,19.77,200.0,1,689679
2000-01-11 09:30:05.91,ANON011.SZ,21.98,2000.0,-1,691008
2000-01-11 09:30:06.01,ANON011.SZ,19.8,100.0,1,692200
2000-01-11 09:30:06.02,ANON011.SZ,19.76,700.0,-1,692298
2000-01-11 09:30:06.06,ANON011.SZ,19.81,3600.0,1,692835
2000-01-11 09:30:06.07,ANON011.SZ,19.8,100.0,1,692937
2000-01-11 09:30:06.07,ANON011.SZ,19.8,100.0,1,692940
2000-01-11 09:30:06.07,ANON011.SZ,19.8,100.0,1,692947
2000-01-11 09:30:06.07,ANON011.SZ,19.8,100.0,1,692984
2000-01-11 09:30:06.07,ANON011.SZ,19.8,100.0,1,693017
2000-01-11 09:30:06.17,ANON011.SZ,19.8,1100.0,1,694194
2000-01-11 09:30:06.43,ANON011.SZ,19.83,400.0,1,699262
2000-01-11 09:30:06.43,ANON011.SZ,19.8,100.0,1,699357
2000-01-11 09:30:06.43,ANON011.SZ,19.8,300.0,1,699397
2000-01-11 09:30:06.43,ANON011.SZ,19.8,1000.0,1,699404
2000-01-11 09:30:06.46,ANON011.SZ,19.8,100.0,-1,700148
2000-01-11 09:30:06.48,ANON011.SZ,19.78,200.0,-1,700704
2000-01-11 09:30:06.48,ANON011.SZ,19.78,100.0,-1,700707
2000-01-11 09:30:06.48,ANON011.SZ,19.78,100.0,-1,700710
2000-01-11 09:30:06.48,ANON011.SZ,19.78,200.0,-1,700712
2000-01-11 09:30:06.91,ANON011.SZ,23.88,5000.0,-1,708059
2000-01-11 09:30:06.91,ANON011.SZ,19.81,200.0,-1,708194
2000-01-11 09:30:06.99,ANON011.SZ,19.81,5100.0,1,708816
2000-01-11 09:30:06.99,ANON011.SZ,19.81,400.0,1,708824
2000-01-11 09:30:06.99,ANON011.SZ,19.81,1200.0,1,708829
2000-01-11 09:30:06.99,ANON011.SZ,19.81,5000.0,1,708831
2000-01-11 09:30:07,ANON011.SZ,19.81,4200.0,1,708938
2000-01-11 09:30:07.01,ANON011.SZ,19.8,100.0,1,709088
2000-01-11 09:30:07.01,ANON011.SZ,19.88,1500.0,-1,709295
2000-01-11 09:30:07.07,ANON011.SZ,19.84,200.0,1,710261
2000-01-11 09:30:07.07,ANON011.SZ,19.86,300.0,1,710263
2000-01-11 09:30:07.07,ANON011.SZ,19.86,2800.0,1,710302
2000-01-11 09:30:07.07,ANON011.SZ,19.86,2300.0,1,710380
2000-01-11 09:30:07.08,ANON011.SZ,19.85,2600.0,1,710389
2000-01-11 09:30:07.08,ANON011.SZ,19.86,2200.0,1,710417
2000-01-11 09:30:07.08,ANON011.SZ,19.84,300.0,-1,710438
2000-01-11 09:30:07.08,ANON011.SZ,19.84,500.0,-1,710439
2000-01-11 09:30:07.08,ANON011.SZ,19.84,1700.0,-1,710443
2000-01-11 09:30:07.08,ANON011.SZ,19.81,200.0,1,710445
2000-01-11 09:30:07.08,ANON011.SZ,19.84,200.0,1,710466
2000-01-11 09:30:07.08,ANON011.SZ,19.84,100.0,1,710468
2000-01-11 09:30:07.08,ANON011.SZ,19.86,1000.0,1,710472
2000-01-11 09:30:07.08,ANON011.SZ,19.84,100.0,1,710478
2000-01-11 09:30:07.1,ANON011.SZ,19.84,200.0,1,710679
2000-01-11 09:30:07.11,ANON011.SZ,19.84,100.0,1,710744
2000-01-11 09:30:07.14,ANON011.SZ,19.84,200.0,1,711691
2000-01-11 09:30:07.16,ANON011.SZ,19.84,200.0,1,711959
2000-01-11 09:30:07.23,ANON011.SZ,19.81,100.0,1,712886
2000-01-11 09:30:07.41,ANON011.SZ,19.75,300.0,1,717520
2000-01-11 09:30:07.48,ANON011.SZ,19.76,100.0,-1,718821
2000-01-11 09:30:07.49,ANON011.SZ,19.81,900.0,1,718914
2000-01-11 09:30:07.56,ANON011.SZ,19.84,200.0,1,719714
2000-01-11 09:30:07.67,ANON011.SZ,19.73,100.0,1,721578
2000-01-11 09:30:07.67,ANON011.SZ,19.73,100.0,1,721579
2000-01-11 09:30:07.72,ANON011.SZ,19.73,200.0,1,722459
2000-01-11 09:30:07.81,ANON011.SZ,19.76,100.0,-1,723203
2000-01-11 09:30:08.02,ANON011.SZ,19.88,100.0,-1,725465
2000-01-11 09:30:08.2,ANON011.SZ,19.8,100.0,1,727253
2000-01-11 09:30:08.21,ANON011.SZ,19.81,100.0,1,727273
2000-01-11 09:30:08.22,ANON011.SZ,19.81,100.0,-1,727350
2000-01-11 09:30:08.58,ANON011.SZ,22.2,2600.0,-1,730988
2000-01-11 09:30:08.6,ANON011.SZ,19.81,100.0,-1,731115
2000-01-11 09:30:08.66,ANON011.SZ,19.77,300.0,-1,731601
2000-01-11 09:30:08.66,ANON011.SZ,19.81,200.0,1,731625
2000-01-11 09:30:08.7,ANON011.SZ,19.81,800.0,1,731937
2000-01-11 09:30:08.7,ANON011.SZ,19.75,600.0,1,731938
2000-01-11 09:30:08.9,ANON011.SZ,19.49,3000.0,1,733319
2000-01-11 09:30:08.98,ANON011.SZ,20.06,2500.0,-1,734270
2000-01-11 09:30:09.03,ANON011.SZ,19.84,200.0,-1,735138
2000-01-11 09:30:09.04,ANON011.SZ,19.8,100.0,1,735225
2000-01-11 09:30:09.04,ANON011.SZ,19.81,100.0,1,735230
2000-01-11 09:30:09.39,ANON011.SZ,19.8,200.0,1,740314
2000-01-11 09:30:09.39,ANON011.SZ,19.81,1400.0,1,740401
2000-01-11 09:30:09.45,ANON011.SZ,19.81,100.0,1,742121
2000-01-11 09:30:09.5,ANON011.SZ,19.86,100.0,1,743416
2000-01-11 09:30:09.62,ANON011.SZ,19.82,100.0,1,745628
2000-01-11 09:30:10.05,ANON011.SZ,19.84,1000.0,1,750782
2000-01-11 09:30:10.05,ANON011.SZ,19.81,100.0,-1,750830
2000-01-11 09:30:10.07,ANON011.SZ,19.82,1200.0,1,751191
2000-01-11 09:30:10.1,ANON011.SZ,19.89,400.0,1,751726
2000-01-11 09:30:10.26,ANON011.SZ,19.6,1000.0,1,754865
2000-01-11 09:30:10.3,ANON011.SZ,19.84,100.0,1,755608
2000-01-11 09:30:10.39,ANON011.SZ,19.77,600.0,1,757326
2000-01-11 09:30:10.44,ANON011.SZ,20.13,300.0,1,758055
2000-01-11 09:30:10.51,ANON011.SZ,19.84,200.0,-1,759265
2000-01-11 09:30:10.51,ANON011.SZ,19.86,700.0,-1,759271
2000-01-11 09:30:10.57,ANON011.SZ,19.81,800.0,1,760279
2000-01-11 09:30:10.73,ANON011.SZ,19.81,100.0,-1,762895
2000-01-11 09:30:10.73,ANON011.SZ,19.83,900.0,1,762899
2000-01-11 09:30:10.81,ANON011.SZ,19.84,100.0,-1,763517
2000-01-11 09:30:10.84,ANON011.SZ,19.82,1300.0,1,763758
2000-01-11 09:30:10.92,ANON011.SZ,19.81,100.0,-1,764754
2000-01-11 09:30:10.93,ANON011.SZ,20.6,5000.0,-1,764786
2000-01-11 09:30:11.27,ANON011.SZ,19.83,600.0,1,767793
2000-01-11 09:30:11.41,ANON011.SZ,19.84,100.0,1,769008
2000-01-11 09:30:11.41,ANON011.SZ,19.84,100.0,1,769009
2000-01-11 09:30:11.41,ANON011.SZ,19.84,100.0,1,769010
2000-01-11 09:30:11.55,ANON011.SZ,19.84,300.0,1,769923
2000-01-11 09:30:11.61,ANON011.SZ,19.84,200.0,1,770671
2000-01-11 09:30:11.63,ANON011.SZ,19.84,600.0,1,770805
2000-01-11 09:30:11.63,ANON011.SZ,19.81,2200.0,1,770809
2000-01-11 09:30:11.82,ANON011.SZ,19.86,100.0,1,772084
2000-01-11 09:30:11.91,ANON011.SZ,19.84,300.0,-1,772592
2000-01-11 09:30:11.91,ANON011.SZ,19.84,200.0,-1,772601
2000-01-11 09:30:11.91,ANON011.SZ,19.84,100.0,-1,772661
2000-01-11 09:30:12.08,ANON011.SZ,19.84,100.0,1,774101
2000-01-11 09:30:12.08,ANON011.SZ,19.84,100.0,1,774107
2000-01-11 09:30:12.08,ANON011.SZ,19.84,100.0,1,774116
2000-01-11 09:30:12.09,ANON011.SZ,19.84,100.0,1,774293
2000-01-11 09:30:12.09,ANON011.SZ,19.84,200.0,1,774294
2000-01-11 09:30:12.18,ANON011.SZ,19.84,100.0,-1,775545
2000-01-11 09:30:12.34,ANON011.SZ,19.84,300.0,1,779892
2000-01-11 09:30:12.43,ANON011.SZ,19.86,100.0,1,782138
2000-01-11 09:30:12.49,ANON011.SZ,19.84,100.0,1,782893
2000-01-11 09:30:12.63,ANON011.SZ,19.85,100.0,1,785392
2000-01-11 09:30:12.63,ANON011.SZ,19.85,100.0,1,785400
2000-01-11 09:30:12.63,ANON011.SZ,19.85,100.0,1,785412
2000-01-11 09:30:12.66,ANON011.SZ,19.84,300.0,1,785953
2000-01-11 09:30:12.67,ANON011.SZ,19.85,100.0,1,785984
2000-01-11 09:30:12.67,ANON011.SZ,19.85,100.0,1,785986
2000-01-11 09:30:12.68,ANON011.SZ,19.84,500.0,1,786150
2000-01-11 09:30:12.83,ANON011.SZ,19.84,100.0,1,788970
2000-01-11 09:30:12.84,ANON011.SZ,19.84,100.0,1,789016
2000-01-11 09:30:12.88,ANON011.SZ,19.84,400.0,1,789585
2000-01-11 09:30:12.94,ANON011.SZ,19.81,10000.0,1,790370
2000-01-11 09:30:12.95,ANON011.SZ,19.85,100.0,1,790442
2000-01-11 09:30:12.95,ANON011.SZ,19.85,100.0,1,790445
2000-01-11 09:30:12.95,ANON011.SZ,19.85,100.0,1,790466
2000-01-11 09:30:12.96,ANON011.SZ,19.82,100.0,1,790579
2000-01-11 09:30:13,ANON011.SZ,19.84,200.0,-1,790952
2000-01-11 09:30:13.01,ANON011.SZ,19.82,100.0,1,791100
2000-01-11 09:30:13.06,ANON011.SZ,19.86,5800.0,1,791678
2000-01-11 09:30:13.06,ANON011.SZ,19.86,500.0,1,791681
2000-01-11 09:30:13.06,ANON011.SZ,19.86,200.0,1,791698
2000-01-11 09:30:13.06,ANON011.SZ,19.86,100.0,1,791704
2000-01-11 09:30:13.06,ANON011.SZ,19.86,5700.0,1,791709
2000-01-11 09:30:13.07,ANON011.SZ,19.86,3700.0,1,791806
2000-01-11 09:30:13.07,ANON011.SZ,19.86,200.0,1,792028
2000-01-11 09:30:13.08,ANON011.SZ,19.86,4800.0,1,792098
2000-01-11 09:30:13.08,ANON011.SZ,19.85,1700.0,1,792208
2000-01-11 09:30:13.08,ANON011.SZ,19.87,40900.0,1,792225
2000-01-11 09:30:13.08,ANON011.SZ,19.85,100.0,1,792236
2000-01-11 09:30:13.08,ANON011.SZ,19.85,900.0,1,792238
2000-01-11 09:30:13.09,ANON011.SZ,19.85,100.0,1,792335
2000-01-11 09:30:13.09,ANON011.SZ,19.85,100.0,1,792338
2000-01-11 09:30:13.09,ANON011.SZ,19.85,100.0,1,792371
2000-01-11 09:30:13.09,ANON011.SZ,19.85,100.0,1,792379
2000-01-11 09:30:13.09,ANON011.SZ,19.85,100.0,1,792411
2000-01-11 09:30:13.09,ANON011.SZ,19.85,100.0,1,792412
2000-01-11 09:30:13.09,ANON011.SZ,19.86,100.0,1,792613
2000-01-11 09:30:13.1,ANON011.SZ,19.85,100.0,1,792687
2000-01-11 09:30:13.11,ANON011.SZ,19.86,200.0,1,792821
2000-01-11 09:30:13.14,ANON011.SZ,19.87,5500.0,1,793396
2000-01-11 09:30:13.17,ANON011.SZ,19.84,400.0,1,793894
2000-01-11 09:30:13.2,ANON011.SZ,19.82,800.0,1,794322
2000-01-11 09:30:13.24,ANON011.SZ,19.86,100.0,1,795060
2000-01-11 09:30:13.24,ANON011.SZ,19.86,100.0,1,795086
2000-01-11 09:30:13.24,ANON011.SZ,19.86,400.0,1,795120
2000-01-11 09:30:13.24,ANON011.SZ,19.86,100.0,1,795122
2000-01-11 09:30:13.24,ANON011.SZ,19.86,100.0,1,795204
2000-01-11 09:30:13.24,ANON011.SZ,19.86,100.0,1,795253
2000-01-11 09:30:13.33,ANON011.SZ,19.85,100.0,-1,797486
2000-01-11 09:30:13.41,ANON011.SZ,19.86,200.0,1,799178
2000-01-11 09:30:13.43,ANON011.SZ,19.86,200.0,1,799722
2000-01-11 09:30:13.5,ANON011.SZ,19.82,500.0,1,800604
2000-01-11 09:30:13.68,ANON011.SZ,19.84,2000.0,1,803392
2000-01-11 09:30:13.75,ANON011.SZ,23.93,400.0,-1,804112
2000-01-11 09:30:13.78,ANON011.SZ,19.87,100.0,1,804484
2000-01-11 09:30:13.8,ANON011.SZ,19.87,100.0,1,804667
2000-01-11 09:30:13.85,ANON011.SZ,19.84,800.0,1,805092
2000-01-11 09:30:13.85,ANON011.SZ,19.65,500.0,1,805149
2000-01-11 09:30:14,ANON011.SZ,19.85,500.0,1,806564
2000-01-11 09:30:14,ANON011.SZ,19.85,500.0,1,806573
2000-01-11 09:30:14,ANON011.SZ,19.85,100.0,1,806602
2000-01-11 09:30:14,ANON011.SZ,19.85,500.0,1,806610
2000-01-11 09:30:14,ANON011.SZ,19.85,100.0,1,806615
2000-01-11 09:30:14.01,ANON011.SZ,19.85,500.0,1,806628
2000-01-11 09:30:14.01,ANON011.SZ,19.82,200.0,1,806665
2000-01-11 09:30:14.02,ANON011.SZ,19.85,500.0,1,806744
2000-01-11 09:30:14.03,ANON011.SZ,19.86,400.0,1,806862
2000-01-11 09:30:14.08,ANON011.SZ,19.85,500.0,1,807376
2000-01-11 09:30:14.25,ANON011.SZ,19.85,800.0,1,811264
2000-01-11 09:30:14.41,ANON011.SZ,19.86,1600.0,1,814046
2000-01-11 09:30:14.44,ANON011.SZ,19.85,100.0,1,815051
2000-01-11 09:30:14.46,ANON011.SZ,19.86,100.0,1,816043
2000-01-11 09:30:14.46,ANON011.SZ,19.86,100.0,1,816044
2000-01-11 09:30:14.46,ANON011.SZ,19.86,100.0,1,816045
2000-01-11 09:30:14.46,ANON011.SZ,19.86,100.0,1,816046
2000-01-11 09:30:14.46,ANON011.SZ,19.86,100.0,1,816047
2000-01-11 09:30:14.46,ANON011.SZ,19.86,100.0,1,816048
2000-01-11 09:30:14.46,ANON011.SZ,19.86,100.0,1,816049
2000-01-11 09:30:14.47,ANON011.SZ,19.86,100.0,1,816055
2000-01-11 09:30:14.47,ANON011.SZ,19.86,200.0,1,816057
2000-01-11 09:30:14.47,ANON011.SZ,19.86,100.0,1,816062
2000-01-11 09:30:14.47,ANON011.SZ,19.86,500.0,1,816065
2000-01-11 09:30:14.47,ANON011.SZ,19.86,100.0,1,816066
2000-01-11 09:30:14.47,ANON011.SZ,19.86,100.0,1,816072
2000-01-11 09:30:14.47,ANON011.SZ,19.86,100.0,1,816174
2000-01-11 09:30:14.47,ANON011.SZ,19.86,100.0,1,816175
2000-01-11 09:30:14.47,ANON011.SZ,19.86,100.0,1,816176
2000-01-11 09:30:14.47,ANON011.SZ,19.86,100.0,1,816177
2000-01-11 09:30:14.47,ANON011.SZ,19.86,100.0,1,816178
2000-01-11 09:30:14.47,ANON011.SZ,19.86,100.0,1,816179
2000-01-11 09:30:14.47,ANON011.SZ,19.86,100.0,1,816180
2000-01-11 09:30:14.47,ANON011.SZ,19.86,100.0,1,816181
2000-01-11 09:30:14.47,ANON011.SZ,19.86,100.0,1,816182
2000-01-11 09:30:14.47,ANON011.SZ,19.86,100.0,1,816185
2000-01-11 09:30:14.47,ANON011.SZ,19.86,100.0,1,816186
2000-01-11 09:30:14.47,ANON011.SZ,19.86,100.0,1,816187
2000-01-11 09:30:14.47,ANON011.SZ,19.86,100.0,1,816188
2000-01-11 09:30:14.47,ANON011.SZ,19.86,100.0,1,816189
2000-01-11 09:30:14.47,ANON011.SZ,19.86,100.0,1,816192
2000-01-11 09:30:14.47,ANON011.SZ,19.86,100.0,1,816193
2000-01-11 09:30:14.47,ANON011.SZ,19.86,100.0,1,816195
2000-01-11 09:30:14.47,ANON011.SZ,19.86,100.0,1,816196
2000-01-11 09:30:14.47,ANON011.SZ,19.86,100.0,1,816199
2000-01-11 09:30:14.47,ANON011.SZ,19.86,100.0,1,816200
2000-01-11 09:30:14.47,ANON011.SZ,19.86,500.0,1,816204
2000-01-11 09:30:14.47,ANON011.SZ,19.86,100.0,1,816205
2000-01-11 09:30:14.47,ANON011.SZ,19.86,100.0,1,816230
2000-01-11 09:30:14.47,ANON011.SZ,19.86,100.0,1,816234
2000-01-11 09:30:14.47,ANON011.SZ,19.86,100.0,1,816235
2000-01-11 09:30:14.47,ANON011.SZ,19.86,100.0,1,816244
2000-01-11 09:30:14.48,ANON011.SZ,19.86,100.0,1,816268
2000-01-11 09:30:14.48,ANON011.SZ,19.86,100.0,1,816271
2000-01-11 09:30:14.48,ANON011.SZ,19.86,100.0,1,816274
2000-01-11 09:30:14.48,ANON011.SZ,19.86,100.0,1,816311
2000-01-11 09:30:14.48,ANON011.SZ,19.86,100.0,1,816323
2000-01-11 09:30:14.49,ANON011.SZ,19.86,100.0,1,816558
2000-01-11 09:30:14.49,ANON011.SZ,19.86,100.0,1,816575
2000-01-11 09:30:14.5,ANON011.SZ,19.86,100.0,1,816629
2000-01-11 09:30:14.5,ANON011.SZ,19.86,100.0,1,816668
2000-01-11 09:30:14.5,ANON011.SZ,19.86,100.0,1,816669
2000-01-11 09:30:14.5,ANON011.SZ,19.86,100.0,1,816673
2000-01-11 09:30:14.5,ANON011.SZ,19.86,100.0,1,816675
2000-01-11 09:30:14.5,ANON011.SZ,19.86,100.0,1,816679
2000-01-11 09:30:14.5,ANON011.SZ,20.0,100.0,-1,816698
2000-01-11 09:30:14.5,ANON011.SZ,19.86,100.0,1,816747
2000-01-11 09:30:14.5,ANON011.SZ,19.86,100.0,1,816748
2000-01-11 09:30:14.51,ANON011.SZ,19.86,100.0,1,816798
2000-01-11 09:30:14.52,ANON011.SZ,19.84,100.0,1,817049
2000-01-11 09:30:14.57,ANON011.SZ,19.85,100.0,1,817663
2000-01-11 09:30:14.57,ANON011.SZ,19.85,100.0,1,817668
2000-01-11 09:30:14.57,ANON011.SZ,19.85,100.0,1,817669
2000-01-11 09:30:14.57,ANON011.SZ,19.85,4200.0,1,817672
2000-01-11 09:30:14.57,ANON011.SZ,19.85,100.0,1,817673
2000-01-11 09:30:14.58,ANON011.SZ,19.85,100.0,1,817928
2000-01-11 09:30:14.58,ANON011.SZ,19.85,100.0,1,817929
2000-01-11 09:30:14.58,ANON011.SZ,19.86,4800.0,1,817949
2000-01-11 09:30:14.58,ANON011.SZ,19.87,3500.0,1,817976
2000-01-11 09:30:14.61,ANON011.SZ,19.86,35100.0,1,818601
2000-01-11 09:30:14.61,ANON011.SZ,19.86,5300.0,1,818653
2000-01-11 09:30:14.62,ANON011.SZ,19.86,28600.0,1,818798
2000-01-11 09:30:14.62,ANON011.SZ,19.84,300.0,1,818893
2000-01-11 09:30:14.62,ANON011.SZ,19.84,300.0,1,818904
2000-01-11 09:30:14.63,ANON011.SZ,19.86,100.0,-1,818966
2000-01-11 09:30:14.63,ANON011.SZ,19.85,100.0,1,818975
2000-01-11 09:30:14.63,ANON011.SZ,19.88,1700.0,1,818989
2000-01-11 09:30:14.63,ANON011.SZ,19.86,19900.0,1,819020
2000-01-11 09:30:14.63,ANON011.SZ,19.88,3400.0,1,819024
2000-01-11 09:30:14.63,ANON011.SZ,19.88,1700.0,1,819084
2000-01-11 09:30:14.64,ANON011.SZ,19.87,800.0,1,819143
2000-01-11 09:30:14.64,ANON011.SZ,19.85,500.0,1,819232
2000-01-11 09:30:14.64,ANON011.SZ,19.88,200.0,1,819316
2000-01-11 09:30:14.65,ANON011.SZ,19.85,1200.0,1,819473
2000-01-11 09:30:14.67,ANON011.SZ,19.88,3000.0,1,820013
2000-01-11 09:30:14.68,ANON011.SZ,19.88,400.0,1,820193
2000-01-11 09:30:14.69,ANON011.SZ,19.82,400.0,-1,820460
2000-01-11 09:30:14.78,ANON011.SZ,19.86,100.0,1,821832
2000-01-11 09:30:14.78,ANON011.SZ,19.89,2500.0,1,821838
2000-01-11 09:30:14.78,ANON011.SZ,19.89,4100.0,1,821844
2000-01-11 09:30:14.81,ANON011.SZ,19.65,400.0,1,822475
2000-01-11 09:30:14.83,ANON011.SZ,19.9,3500.0,1,822991
2000-01-11 09:30:14.9,ANON011.SZ,19.88,300.0,1,824067
2000-01-11 09:30:15,ANON011.SZ,19.88,3400.0,1,825478
2000-01-11 09:30:15.02,ANON011.SZ,19.88,400.0,-1,825884
2000-01-11 09:30:15.04,ANON011.SZ,19.86,100.0,-1,826373
2000-01-11 09:30:15.11,ANON011.SZ,19.86,900.0,1,827522
2000-01-11 09:30:15.28,ANON011.SZ,19.88,200.0,1,832350
2000-01-11 09:30:15.37,ANON011.SZ,19.88,200.0,1,833851
2000-01-11 09:30:15.38,ANON011.SZ,19.88,1700.0,1,834143
2000-01-11 09:30:15.42,ANON011.SZ,19.89,4100.0,1,835805
2000-01-11 09:30:15.43,ANON011.SZ,19.81,600.0,1,836317
2000-01-11 09:30:15.43,ANON011.SZ,19.89,700.0,1,836326
2000-01-11 09:30:15.44,ANON011.SZ,19.8,300.0,1,836345
2000-01-11 09:30:15.44,ANON011.SZ,19.88,100.0,-1,836348
2000-01-11 09:30:15.44,ANON011.SZ,19.88,200.0,1,836549
2000-01-11 09:30:15.44,ANON011.SZ,19.89,700.0,1,836624
2000-01-11 09:30:15.44,ANON011.SZ,19.89,700.0,1,836625
2000-01-11 09:30:15.45,ANON011.SZ,19.89,1700.0,1,836840
2000-01-11 09:30:15.45,ANON011.SZ,19.89,1700.0,1,836841
2000-01-11 09:30:15.45,ANON011.SZ,19.89,300.0,1,836906
2000-01-11 09:30:15.45,ANON011.SZ,19.89,200.0,1,836911
2000-01-11 09:30:15.46,ANON011.SZ,19.89,800.0,1,836929
2000-01-11 09:30:15.46,ANON011.SZ,19.9,3600.0,1,836942
2000-01-11 09:30:15.48,ANON011.SZ,19.9,100.0,1,837412
2000-01-11 09:30:15.48,ANON011.SZ,19.85,3900.0,-1,837445
2000-01-11 09:30:15.49,ANON011.SZ,19.9,3600.0,1,837657
2000-01-11 09:30:15.49,ANON011.SZ,19.89,2400.0,1,837848
2000-01-11 09:30:15.51,ANON011.SZ,19.86,200.0,-1,838333
2000-01-11 09:30:15.58,ANON011.SZ,19.9,100.0,1,840631
2000-01-11 09:30:15.59,ANON011.SZ,19.89,200.0,1,841003
2000-01-11 09:30:15.67,ANON011.SZ,19.9,100.0,1,842716
2000-01-11 09:30:15.67,ANON011.SZ,19.9,100.0,1,842718
2000-01-11 09:30:15.67,ANON011.SZ,19.9,100.0,1,842738
2000-01-11 09:30:15.68,ANON011.SZ,19.89,300.0,1,842818
2000-01-11 09:30:15.68,ANON011.SZ,19.89,300.0,1,842828
2000-01-11 09:30:15.7,ANON011.SZ,19.9,100.0,1,843590
2000-01-11 09:30:15.73,ANON011.SZ,19.89,100.0,1,844170
2000-01-11 09:30:15.75,ANON011.SZ,19.82,400.0,1,844445
2000-01-11 09:30:15.79,ANON011.SZ,19.9,200.0,1,845101
2000-01-11 09:30:15.8,ANON011.SZ,19.9,3600.0,1,845304
2000-01-11 09:30:15.8,ANON011.SZ,19.9,200.0,1,845305
2000-01-11 09:30:15.88,ANON011.SZ,19.9,200.0,1,846761
2000-01-11 09:30:15.92,ANON011.SZ,19.86,300.0,1,847426
2000-01-11 09:30:15.95,ANON011.SZ,19.9,100.0,1,848184
2000-01-11 09:30:15.96,ANON011.SZ,19.85,100.0,-1,848305
2000-01-11 09:30:15.98,ANON011.SZ,19.9,200.0,1,848656
2000-01-11 09:30:15.98,ANON011.SZ,19.9,400.0,1,848725
2000-01-11 09:30:16.01,ANON011.SZ,19.92,1500.0,1,849176
2000-01-11 09:30:16.01,ANON011.SZ,19.91,1100.0,1,849184
2000-01-11 09:30:16.01,ANON011.SZ,19.91,40900.0,1,849186
2000-01-11 09:30:16.03,ANON011.SZ,19.91,100.0,-1,849549
2000-01-11 09:30:16.03,ANON011.SZ,19.91,100.0,1,849743
2000-01-11 09:30:16.04,ANON011.SZ,19.86,100.0,1,849907
2000-01-11 09:30:16.05,ANON011.SZ,19.91,1100.0,1,850111
2000-01-11 09:30:16.06,ANON011.SZ,19.91,200.0,-1,850245
2000-01-11 09:30:16.06,ANON011.SZ,19.9,200.0,-1,850251
2000-01-11 09:30:16.06,ANON011.SZ,19.91,200.0,-1,850279
2000-01-11 09:30:16.06,ANON011.SZ,19.91,100.0,-1,850285
2000-01-11 09:30:16.06,ANON011.SZ,19.9,100.0,-1,850287
2000-01-11 09:30:16.08,ANON011.SZ,19.91,1200.0,1,850582
2000-01-11 09:30:16.09,ANON011.SZ,19.91,800.0,1,850797
2000-01-11 09:30:16.1,ANON011.SZ,19.91,300.0,1,851056
2000-01-11 09:30:16.13,ANON011.SZ,19.92,500.0,1,851524
2000-01-11 09:30:16.16,ANON011.SZ,19.92,200.0,1,851928
2000-01-11 09:30:16.18,ANON011.SZ,19.94,300.0,1,852302
2000-01-11 09:30:16.19,ANON011.SZ,19.92,300.0,1,852683
2000-01-11 09:30:16.25,ANON011.SZ,19.86,400.0,1,854575
2000-01-11 09:30:16.31,ANON011.SZ,19.94,1500.0,1,856113
2000-01-11 09:30:16.32,ANON011.SZ,20.2,2000.0,-1,856388
2000-01-11 09:30:16.34,ANON011.SZ,19.91,200.0,1,856621
2000-01-11 09:30:16.37,ANON011.SZ,19.93,6500.0,-1,857544
2000-01-11 09:30:16.38,ANON011.SZ,19.91,200.0,1,857824
2000-01-11 09:30:16.43,ANON011.SZ,19.91,100.0,-1,859458
2000-01-11 09:30:16.46,ANON011.SZ,19.94,1800.0,1,860192
2000-01-11 09:30:16.48,ANON011.SZ,19.91,400.0,1,860548
2000-01-11 09:30:16.49,ANON011.SZ,19.93,200.0,1,860717
2000-01-11 09:30:16.63,ANON011.SZ,19.92,200.0,-1,863900
2000-01-11 09:30:16.63,ANON011.SZ,19.94,200.0,1,864009
2000-01-11 09:30:16.68,ANON011.SZ,19.92,100.0,1,865095
2000-01-11 09:30:16.77,ANON011.SZ,19.95,1200.0,1,866580
2000-01-11 09:30:16.88,ANON011.SZ,19.93,200.0,1,868378
2000-01-11 09:30:16.89,ANON011.SZ,19.93,200.0,1,868569
2000-01-11 09:30:16.95,ANON011.SZ,19.94,500.0,1,869861
2000-01-11 09:30:16.96,ANON011.SZ,19.86,200.0,1,869988
2000-01-11 09:30:16.96,ANON011.SZ,19.91,2300.0,-1,870130
2000-01-11 09:30:16.96,ANON011.SZ,19.91,800.0,-1,870139
2000-01-11 09:30:16.98,ANON011.SZ,19.93,100.0,-1,870471
2000-01-11 09:30:17.04,ANON011.SZ,19.93,400.0,1,871440
2000-01-11 09:30:17.04,ANON011.SZ,19.93,400.0,1,871451
2000-01-11 09:30:17.06,ANON011.SZ,19.67,1000.0,1,871830
2000-01-11 09:30:17.1,ANON011.SZ,19.93,100.0,1,872565
2000-01-11 09:30:17.14,ANON011.SZ,19.92,200.0,1,873403
2000-01-11 09:30:17.21,ANON011.SZ,19.91,300.0,1,874793
2000-01-11 09:30:17.28,ANON011.SZ,19.84,300.0,1,875869
2000-01-11 09:30:17.39,ANON011.SZ,19.86,500.0,-1,877654
2000-01-11 09:30:17.5,ANON011.SZ,19.93,1400.0,1,879254
2000-01-11 09:30:17.54,ANON011.SZ,19.91,100.0,1,879719
2000-01-11 09:30:17.54,ANON011.SZ,19.91,100.0,1,879720
2000-01-11 09:30:17.54,ANON011.SZ,19.91,100.0,1,879722
2000-01-11 09:30:17.55,ANON011.SZ,19.93,600.0,1,879845
2000-01-11 09:30:17.57,ANON011.SZ,19.94,100.0,1,880171
2000-01-11 09:30:17.57,ANON011.SZ,19.94,100.0,1,880173
2000-01-11 09:30:17.57,ANON011.SZ,19.94,100.0,1,880176
2000-01-11 09:30:17.57,ANON011.SZ,19.94,600.0,1,880226
2000-01-11 09:30:17.57,ANON011.SZ,19.91,2700.0,1,880229
2000-01-11 09:30:17.58,ANON011.SZ,19.92,300.0,1,880303
2000-01-11 09:30:17.59,ANON011.SZ,19.92,2900.0,1,880357
2000-01-11 09:30:17.62,ANON011.SZ,19.94,100.0,-1,880877
2000-01-11 09:30:17.75,ANON011.SZ,19.89,300.0,-1,882671
2000-01-11 09:30:17.87,ANON011.SZ,19.95,500.0,1,885030
2000-01-11 09:30:17.94,ANON011.SZ,19.93,100.0,1,886151
2000-01-11 09:30:17.94,ANON011.SZ,19.93,100.0,1,886153
2000-01-11 09:30:17.94,ANON011.SZ,19.93,100.0,1,886154
2000-01-11 09:30:17.94,ANON011.SZ,19.93,100.0,1,886158
2000-01-11 09:30:17.95,ANON011.SZ,19.93,100.0,1,886179
2000-01-11 09:30:17.96,ANON011.SZ,19.94,100.0,1,886416
2000-01-11 09:30:17.96,ANON011.SZ,19.94,100.0,1,886419
2000-01-11 09:30:17.96,ANON011.SZ,19.94,100.0,1,886421
2000-01-11 09:30:17.96,ANON011.SZ,19.94,100.0,1,886423
2000-01-11 09:30:17.96,ANON011.SZ,19.94,100.0,1,886425
2000-01-11 09:30:17.96,ANON011.SZ,19.94,100.0,1,886427
2000-01-11 09:30:17.96,ANON011.SZ,19.94,100.0,1,886429
2000-01-11 09:30:18.15,ANON011.SZ,19.94,100.0,1,889802
2000-01-11 09:30:18.15,ANON011.SZ,19.94,100.0,1,889804
2000-01-11 09:30:18.16,ANON011.SZ,19.91,1100.0,1,890223
2000-01-11 09:30:18.2,ANON011.SZ,19.94,100.0,-1,891133
2000-01-11 09:30:18.3,ANON011.SZ,19.86,100.0,1,893939
2000-01-11 09:30:18.35,ANON011.SZ,19.95,1800.0,1,894937
2000-01-11 09:30:18.44,ANON011.SZ,19.84,100.0,1,897010
2000-01-11 09:30:18.65,ANON011.SZ,19.91,200.0,1,901410
2000-01-11 09:30:18.67,ANON011.SZ,19.96,1100.0,1,902108
2000-01-11 09:30:18.67,ANON011.SZ,19.93,100.0,1,902189
2000-01-11 09:30:18.68,ANON011.SZ,19.93,100.0,1,902195
2000-01-11 09:30:18.68,ANON011.SZ,19.93,100.0,1,902224
2000-01-11 09:30:18.69,ANON011.SZ,19.93,200.0,1,902434
2000-01-11 09:30:18.69,ANON011.SZ,19.93,100.0,1,902444
2000-01-11 09:30:18.73,ANON011.SZ,19.93,100.0,1,903387
2000-01-11 09:30:18.74,ANON011.SZ,19.93,100.0,1,903396
2000-01-11 09:30:18.74,ANON011.SZ,19.93,100.0,1,903425
2000-01-11 09:30:18.95,ANON011.SZ,19.95,100.0,1,906811
2000-01-11 09:30:18.97,ANON011.SZ,19.95,100.0,1,906960
2000-01-11 09:30:19.05,ANON011.SZ,19.94,1600.0,1,908301
2000-01-11 09:30:19.06,ANON011.SZ,19.95,100.0,1,908540
2000-01-11 09:30:19.06,ANON011.SZ,19.95,100.0,1,908546
2000-01-11 09:30:19.06,ANON011.SZ,19.95,100.0,1,908550
2000-01-11 09:30:19.06,ANON011.SZ,19.95,100.0,1,908552
2000-01-11 09:30:19.06,ANON011.SZ,19.95,100.0,1,908558
2000-01-11 09:30:19.07,ANON011.SZ,19.94,100.0,-1,908812
2000-01-11 09:30:19.07,ANON011.SZ,19.94,500.0,-1,908815
2000-01-11 09:30:19.07,ANON011.SZ,19.94,200.0,-1,908853
2000-01-11 09:30:19.08,ANON011.SZ,19.94,100.0,-1,908915
2000-01-11 09:30:19.09,ANON011.SZ,19.94,400.0,-1,909115
2000-01-11 09:30:19.09,ANON011.SZ,19.93,1300.0,1,909325
2000-01-11 09:30:19.11,ANON011.SZ,19.94,900.0,-1,909864
2000-01-11 09:30:19.12,ANON011.SZ,19.93,400.0,1,910165
2000-01-11 09:30:19.13,ANON011.SZ,19.95,100.0,-1,910302
2000-01-11 09:30:19.27,ANON011.SZ,19.95,1000.0,1,913278
2000-01-11 09:30:19.38,ANON011.SZ,19.96,300.0,1,914904
2000-01-11 09:30:19.53,ANON011.SZ,19.95,300.0,1,917168
2000-01-11 09:30:19.57,ANON011.SZ,19.93,2800.0,1,917811
2000-01-11 09:30:19.72,ANON011.SZ,19.8,1100.0,1,920211
2000-01-11 09:30:19.8,ANON011.SZ,19.92,100.0,1,921233
2000-01-11 09:30:19.8,ANON011.SZ,19.92,100.0,1,921237
2000-01-11 09:30:19.8,ANON011.SZ,19.92,100.0,1,921238
2000-01-11 09:30:19.88,ANON011.SZ,19.91,700.0,-1,922339
2000-01-11 09:30:19.92,ANON011.SZ,19.77,100.0,1,922666
2000-01-11 09:30:20.02,ANON011.SZ,19.96,2400.0,1,923734
2000-01-11 09:30:20.14,ANON011.SZ,19.99,500.0,1,926148
2000-01-11 09:30:20.18,ANON011.SZ,19.86,100.0,1,926980
2000-01-11 09:30:20.35,ANON011.SZ,19.81,1200.0,-1,929762
2000-01-11 09:30:20.35,ANON011.SZ,19.86,300.0,1,929780
2000-01-11 09:30:20.38,ANON011.SZ,19.93,100.0,1,930018
2000-01-11 09:30:20.38,ANON011.SZ,19.93,100.0,1,930031
2000-01-11 09:30:20.41,ANON011.SZ,19.94,200.0,1,930672
2000-01-11 09:30:20.42,ANON011.SZ,19.94,100.0,1,930824
2000-01-11 09:30:20.52,ANON011.SZ,19.95,2000.0,-1,932301
2000-01-11 09:30:21.05,ANON011.SZ,19.95,900.0,1,938167
2000-01-11 09:30:21.08,ANON011.SZ,19.95,100.0,-1,938757
2000-01-11 09:30:21.1,ANON011.SZ,19.94,300.0,1,939047
2000-01-11 09:30:21.11,ANON011.SZ,19.94,400.0,-1,939186
2000-01-11 09:30:21.35,ANON011.SZ,19.94,8000.0,-1,942734
2000-01-11 09:30:21.39,ANON011.SZ,19.94,200.0,-1,943878
2000-01-11 09:30:21.57,ANON011.SZ,19.97,500.0,1,946905
2000-01-11 09:30:21.68,ANON011.SZ,19.94,2300.0,1,948743
2000-01-11 09:30:21.68,ANON011.SZ,19.94,1700.0,1,948745
2000-01-11 09:30:21.7,ANON011.SZ,19.94,800.0,1,949258
2000-01-11 09:30:21.82,ANON011.SZ,19.95,400.0,1,951148
2000-01-11 09:30:21.89,ANON011.SZ,19.91,23300.0,-1,951691
2000-01-11 09:30:21.9,ANON011.SZ,19.91,300.0,1,951812
2000-01-11 09:30:21.9,ANON011.SZ,19.91,2200.0,1,951848
2000-01-11 09:30:21.91,ANON011.SZ,19.91,400.0,1,951911
2000-01-11 09:30:21.91,ANON011.SZ,19.91,700.0,1,951929
2000-01-11 09:30:21.91,ANON011.SZ,19.91,300.0,1,951944
2000-01-11 09:30:21.91,ANON011.SZ,19.91,100.0,1,951946
2000-01-11 09:30:21.92,ANON011.SZ,19.94,100.0,-1,952001
2000-01-11 09:30:21.93,ANON011.SZ,19.91,3600.0,1,952055
2000-01-11 09:30:21.94,ANON011.SZ,19.91,3300.0,1,952147
2000-01-11 09:30:21.97,ANON011.SZ,19.91,200.0,1,952415
2000-01-11 09:30:22.02,ANON011.SZ,19.93,3200.0,1,952959
2000-01-11 09:30:22.03,ANON011.SZ,19.91,11200.0,1,953018
2000-01-11 09:30:22.05,ANON011.SZ,19.93,300.0,-1,953254
2000-01-11 09:30:22.05,ANON011.SZ,19.93,100.0,-1,953260
2000-01-11 09:30:22.05,ANON011.SZ,19.93,200.0,-1,953262
2000-01-11 09:30:22.05,ANON011.SZ,19.93,200.0,-1,953278
2000-01-11 09:30:22.05,ANON011.SZ,19.93,200.0,-1,953285
2000-01-11 09:30:22.05,ANON011.SZ,19.93,200.0,-1,953299
2000-01-11 09:30:22.05,ANON011.SZ,19.93,200.0,-1,953302
2000-01-11 09:30:22.07,ANON011.SZ,19.93,100.0,1,953527
2000-01-11 09:30:22.07,ANON011.SZ,19.93,100.0,1,953530
2000-01-11 09:30:22.07,ANON011.SZ,19.93,100.0,1,953531
2000-01-11 09:30:22.07,ANON011.SZ,19.93,100.0,1,953534
2000-01-11 09:30:22.12,ANON011.SZ,19.92,300.0,-1,954305
2000-01-11 09:30:22.16,ANON011.SZ,19.94,200.0,-1,954861
2000-01-11 09:30:22.2,ANON011.SZ,19.94,500.0,-1,955352
2000-01-11 09:30:22.29,ANON011.SZ,19.94,100.0,1,956920
2000-01-11 09:30:22.29,ANON011.SZ,19.94,100.0,1,956958
2000-01-11 09:30:22.29,ANON011.SZ,19.94,100.0,1,957011
2000-01-11 09:30:22.29,ANON011.SZ,19.94,100.0,1,957025
2000-01-11 09:30:22.3,ANON011.SZ,19.93,100.0,1,957209
2000-01-11 09:30:22.34,ANON011.SZ,19.86,300.0,1,958121
2000-01-11 09:30:22.36,ANON011.SZ,19.94,1000.0,1,958421
2000-01-11 09:30:23.06,ANON011.SZ,19.93,200.0,1,966707
2000-01-11 09:30:23.08,ANON011.SZ,20.18,200.0,-1,966955
2000-01-11 09:30:23.1,ANON011.SZ,19.92,100.0,1,967156
2000-01-11 09:30:23.1,ANON011.SZ,19.92,200.0,1,967171
2000-01-11 09:30:23.28,ANON011.SZ,19.93,100.0,-1,969006
2000-01-11 09:30:23.28,ANON011.SZ,19.93,600.0,-1,969011
2000-01-11 09:30:23.44,ANON011.SZ,19.94,100.0,-1,970643
2000-01-11 09:30:23.46,ANON011.SZ,19.93,500.0,-1,970955
2000-01-11 09:30:23.81,ANON011.SZ,19.93,200.0,-1,974219
2000-01-11 09:30:24.06,ANON011.SZ,19.95,1000.0,1,976767
2000-01-11 09:30:24.18,ANON011.SZ,19.93,400.0,-1,978218
2000-01-11 09:30:24.19,ANON011.SZ,19.93,200.0,-1,978286
2000-01-11 09:30:24.22,ANON011.SZ,19.93,100.0,1,978969
2000-01-11 09:30:24.22,ANON011.SZ,19.94,400.0,1,978971
2000-01-11 09:30:24.22,ANON011.SZ,19.93,200.0,1,978986
2000-01-11 09:30:24.24,ANON011.SZ,19.94,100.0,-1,979118
2000-01-11 09:30:24.26,ANON011.SZ,19.94,100.0,-1,979603
2000-01-11 09:30:24.32,ANON011.SZ,19.93,400.0,-1,980444
2000-01-11 09:30:24.35,ANON011.SZ,19.93,100.0,-1,980913
2000-01-11 09:30:24.43,ANON011.SZ,19.92,600.0,1,982121
2000-01-11 09:30:24.45,ANON011.SZ,19.92,100.0,1,982569
2000-01-11 09:30:24.45,ANON011.SZ,19.91,100.0,1,982698
2000-01-11 09:30:24.54,ANON011.SZ,19.93,1500.0,-1,984261
2000-01-11 09:30:24.54,ANON011.SZ,19.94,300.0,-1,984269
2000-01-11 09:30:24.57,ANON011.SZ,19.93,200.0,-1,984707
2000-01-11 09:30:25.04,ANON011.SZ,19.93,200.0,1,990327
2000-01-11 09:30:25.05,ANON011.SZ,19.92,600.0,-1,990494
2000-01-11 09:30:25.09,ANON011.SZ,19.92,2800.0,-1,990837
2000-01-11 09:30:25.1,ANON011.SZ,19.92,2300.0,-1,990940
2000-01-11 09:30:25.1,ANON011.SZ,19.92,2200.0,-1,990941
2000-01-11 09:30:25.1,ANON011.SZ,19.92,200.0,-1,990952
2000-01-11 09:30:25.1,ANON011.SZ,19.92,200.0,-1,990953
2000-01-11 09:30:25.1,ANON011.SZ,19.92,100.0,-1,990954
2000-01-11 09:30:25.1,ANON011.SZ,19.92,100.0,-1,990955
2000-01-11 09:30:25.1,ANON011.SZ,19.92,200.0,-1,990956
2000-01-11 09:30:25.1,ANON011.SZ,19.92,700.0,-1,990957
2000-01-11 09:30:25.1,ANON011.SZ,19.92,100.0,-1,990960
2000-01-11 09:30:25.1,ANON011.SZ,19.92,200.0,-1,990964
2000-01-11 09:30:25.1,ANON011.SZ,19.92,700.0,-1,990972
2000-01-11 09:30:25.1,ANON011.SZ,19.93,1000.0,1,991072
2000-01-11 09:30:25.11,ANON011.SZ,19.92,1000.0,-1,991140
2000-01-11 09:30:25.12,ANON011.SZ,19.92,200.0,-1,991372
2000-01-11 09:30:25.12,ANON011.SZ,19.92,100.0,-1,991432
2000-01-11 09:30:25.12,ANON011.SZ,19.92,1000.0,-1,991433
2000-01-11 09:30:25.12,ANON011.SZ,19.92,400.0,-1,991434
2000-01-11 09:30:25.12,ANON011.SZ,19.92,100.0,-1,991435
2000-01-11 09:30:25.12,ANON011.SZ,19.92,400.0,-1,991436
2000-01-11 09:30:25.12,ANON011.SZ,19.92,200.0,-1,991467
2000-01-11 09:30:25.13,ANON011.SZ,19.91,400.0,-1,991557
2000-01-11 09:30:25.13,ANON011.SZ,19.92,500.0,1,991592
2000-01-11 09:30:25.22,ANON011.SZ,19.92,300.0,1,992727
2000-01-11 09:30:25.24,ANON011.SZ,19.9,100.0,1,992888
2000-01-11 09:30:25.24,ANON011.SZ,19.9,200.0,1,992889
2000-01-11 09:30:25.27,ANON011.SZ,19.92,100.0,-1,993372
2000-01-11 09:30:25.29,ANON011.SZ,19.92,700.0,-1,993622
2000-01-11 09:30:25.58,ANON011.SZ,19.92,100.0,-1,997660
2000-01-11 09:30:25.64,ANON011.SZ,19.92,8200.0,-1,998558
2000-01-11 09:30:25.92,ANON011.SZ,19.91,100.0,1,1001566
2000-01-11 09:30:25.96,ANON011.SZ,19.96,300.0,-1,1002039
2000-01-11 09:30:26.07,ANON011.SZ,19.9,100.0,-1,1003173
2000-01-11 09:30:26.08,ANON011.SZ,19.9,600.0,1,1003271
2000-01-11 09:30:26.09,ANON011.SZ,19.91,100.0,-1,1003306
2000-01-11 09:30:26.09,ANON011.SZ,19.91,200.0,-1,1003318
2000-01-11 09:30:26.09,ANON011.SZ,19.91,100.0,-1,1003368
2000-01-11 09:30:26.1,ANON011.SZ,19.91,100.0,-1,1003375
2000-01-11 09:30:26.14,ANON011.SZ,19.91,100.0,-1,1003782
2000-01-11 09:30:26.14,ANON011.SZ,19.91,300.0,1,1003837
2000-01-11 09:30:26.4,ANON011.SZ,19.89,100.0,-1,1006576
2000-01-11 09:30:26.41,ANON011.SZ,19.89,100.0,1,1006646
2000-01-11 09:30:26.41,ANON011.SZ,19.89,100.0,1,1006651
2000-01-11 09:30:26.41,ANON011.SZ,19.89,100.0,1,1006653
2000-01-11 09:30:26.72,ANON011.SZ,19.9,2400.0,1,1010292
2000-01-11 09:30:26.74,ANON011.SZ,19.91,300.0,1,1010517
2000-01-11 09:30:26.77,ANON011.SZ,19.92,100.0,-1,1010819
2000-01-11 09:30:26.93,ANON011.SZ,19.94,1600.0,-1,1012021
2000-01-11 09:30:27.18,ANON011.SZ,19.92,100.0,-1,1015132
2000-01-11 09:30:27.19,ANON011.SZ,19.92,100.0,-1,1015243
2000-01-11 09:30:27.45,ANON011.SZ,19.9,100.0,1,1019428
2000-01-11 09:30:27.66,ANON011.SZ,19.93,300.0,1,1022919
2000-01-11 09:30:27.85,ANON011.SZ,19.92,100.0,-1,1025232
2000-01-11 09:30:27.85,ANON011.SZ,19.93,100.0,-1,1025262
2000-01-11 09:30:28.05,ANON011.SZ,19.9,3700.0,-1,1027491
2000-01-11 09:30:28.05,ANON011.SZ,19.9,12500.0,-1,1027501
2000-01-11 09:30:28.06,ANON011.SZ,19.9,600.0,1,1027689
2000-01-11 09:30:28.06,ANON011.SZ,19.9,100.0,-1,1027693
2000-01-11 09:30:28.07,ANON011.SZ,19.88,100.0,1,1027781
2000-01-11 09:30:28.07,ANON011.SZ,19.9,100.0,-1,1027783
2000-01-11 09:30:28.07,ANON011.SZ,19.88,100.0,1,1027801
2000-01-11 09:30:28.07,ANON011.SZ,19.9,1400.0,1,1027849
2000-01-11 09:30:28.08,ANON011.SZ,19.9,1600.0,1,1027934
2000-01-11 09:30:28.08,ANON011.SZ,19.9,10500.0,1,1027985
2000-01-11 09:30:28.09,ANON011.SZ,19.9,100.0,1,1028025
2000-01-11 09:30:28.09,ANON011.SZ,19.9,100.0,-1,1028059
2000-01-11 09:30:28.24,ANON011.SZ,19.92,300.0,1,1029836
2000-01-11 09:30:28.29,ANON011.SZ,19.92,500.0,1,1030348
2000-01-11 09:30:28.4,ANON011.SZ,19.9,400.0,1,1031380
2000-01-11 09:30:28.43,ANON011.SZ,19.92,300.0,-1,1032009
2000-01-11 09:30:28.66,ANON011.SZ,19.9,200.0,1,1035247
2000-01-11 09:30:28.89,ANON011.SZ,19.93,500.0,1,1037105
2000-01-11 09:30:29.21,ANON011.SZ,19.9,100.0,1,1039991
2000-01-11 09:30:29.21,ANON011.SZ,19.9,100.0,1,1040001
2000-01-11 09:30:29.34,ANON011.SZ,19.93,500.0,1,1041264
2000-01-11 09:30:29.47,ANON011.SZ,19.9,100.0,1,1042532
2000-01-11 09:30:29.53,ANON011.SZ,19.92,300.0,-1,1042962
2000-01-11 09:30:29.54,ANON011.SZ,19.92,1400.0,-1,1043044
2000-01-11 09:30:29.54,ANON011.SZ,19.92,300.0,-1,1043052
2000-01-11 09:30:29.56,ANON011.SZ,19.91,100.0,1,1043118
2000-01-11 09:30:29.98,ANON011.SZ,19.91,100.0,1,1046234
2000-01-11 09:30:30.1,ANON011.SZ,19.84,100.0,1,1047252
2000-01-11 09:30:30.2,ANON011.SZ,19.9,1100.0,1,1048405
2000-01-11 09:30:30.28,ANON011.SZ,19.94,700.0,-1,1049591
2000-01-11 09:30:30.31,ANON011.SZ,19.9,600.0,1,1049847
2000-01-11 09:30:30.38,ANON011.SZ,19.88,300.0,-1,1050519
2000-01-11 09:30:30.45,ANON011.SZ,19.88,100.0,1,1051640
2000-01-11 09:30:30.45,ANON011.SZ,19.9,100.0,1,1051669
2000-01-11 09:30:30.45,ANON011.SZ,19.89,100.0,1,1051698
2000-01-11 09:30:30.54,ANON011.SZ,19.9,1300.0,1,1053037
2000-01-11 09:30:30.58,ANON011.SZ,19.93,100.0,1,1053704
2000-01-11 09:30:31.08,ANON011.SZ,19.9,300.0,1,1059786
2000-01-11 09:30:31.4,ANON011.SZ,19.92,100.0,1,1063135
2000-01-11 09:30:31.43,ANON011.SZ,19.92,300.0,1,1063432
2000-01-11 09:30:31.62,ANON011.SZ,19.92,100.0,1,1065891
2000-01-11 09:30:31.63,ANON011.SZ,19.92,100.0,1,1066053
2000-01-11 09:30:31.69,ANON011.SZ,19.81,3000.0,1,1066675
2000-01-11 09:30:31.77,ANON011.SZ,19.9,300.0,-1,1067416
2000-01-11 09:30:32,ANON011.SZ,19.91,500.0,1,1069831
2000-01-11 09:30:32.25,ANON011.SZ,19.3,100.0,1,1072173
2000-01-11 09:30:32.33,ANON011.SZ,19.91,300.0,1,1072865
2000-01-11 09:30:32.96,ANON011.SZ,19.91,700.0,1,1077782
2000-01-11 09:30:32.96,ANON011.SZ,19.9,100.0,1,1077802
2000-01-11 09:30:33.67,ANON011.SZ,19.76,100.0,1,1084701
2000-01-11 09:30:33.74,ANON011.SZ,20.58,1000.0,-1,1085321
2000-01-11 09:30:34.05,ANON011.SZ,19.94,1000.0,-1,1088473
2000-01-11 09:30:34.08,ANON011.SZ,19.91,100.0,-1,1088886
2000-01-11 09:30:34.08,ANON011.SZ,19.91,100.0,-1,1088891
2000-01-11 09:30:34.08,ANON011.SZ,19.91,200.0,-1,1088893
2000-01-11 09:30:34.08,ANON011.SZ,19.91,100.0,-1,1088895
2000-01-11 09:30:34.08,ANON011.SZ,19.91,100.0,-1,1088897
2000-01-11 09:30:34.08,ANON011.SZ,19.91,200.0,-1,1088899
2000-01-11 09:30:34.08,ANON011.SZ,19.91,600.0,-1,1088901
2000-01-11 09:30:34.09,ANON011.SZ,19.91,400.0,1,1089060
2000-01-11 09:30:34.12,ANON011.SZ,19.94,100.0,-1,1089487
2000-01-11 09:30:34.14,ANON011.SZ,19.94,100.0,-1,1089707
2000-01-11 09:30:34.14,ANON011.SZ,19.94,100.0,-1,1089719
2000-01-11 09:30:34.31,ANON011.SZ,19.91,100.0,-1,1091507
2000-01-11 09:30:34.31,ANON011.SZ,19.94,600.0,-1,1091567
2000-01-11 09:30:34.56,ANON011.SZ,19.91,1000.0,-1,1094255
2000-01-11 09:30:34.57,ANON011.SZ,19.94,100.0,-1,1094434
2000-01-11 09:30:34.58,ANON011.SZ,19.94,100.0,-1,1094523
2000-01-11 09:30:34.59,ANON011.SZ,19.91,100.0,-1,1094587
2000-01-11 09:30:34.65,ANON011.SZ,19.94,100.0,-1,1095158
2000-01-11 09:30:34.66,ANON011.SZ,19.91,600.0,1,1095336
2000-01-11 09:30:34.72,ANON011.SZ,19.94,300.0,-1,1095781
2000-01-11 09:30:34.83,ANON011.SZ,19.94,200.0,-1,1096689
2000-01-11 09:30:34.84,ANON011.SZ,19.94,100.0,-1,1096692
2000-01-11 09:30:34.94,ANON011.SZ,19.94,200.0,-1,1097543
2000-01-11 09:30:35.01,ANON011.SZ,19.94,100.0,-1,1098208
2000-01-11 09:30:35.03,ANON011.SZ,19.91,200.0,-1,1098439
2000-01-11 09:30:35.04,ANON011.SZ,19.92,400.0,-1,1098541
2000-01-11 09:30:35.04,ANON011.SZ,19.9,2300.0,-1,1098546
2000-01-11 09:30:35.12,ANON011.SZ,19.9,400.0,-1,1099516
2000-01-11 09:30:35.15,ANON011.SZ,19.9,100.0,-1,1099865
2000-01-11 09:30:35.62,ANON011.SZ,20.44,1500.0,-1,1104075
2000-01-11 09:30:35.64,ANON011.SZ,19.9,100.0,1,1104212
2000-01-11 09:30:35.64,ANON011.SZ,19.9,100.0,1,1104214
2000-01-11 09:30:35.64,ANON011.SZ,19.87,200.0,1,1104227
2000-01-11 09:30:36.06,ANON011.SZ,19.91,200.0,1,1107819
2000-01-11 09:30:36.19,ANON011.SZ,19.95,200.0,-1,1109601
2000-01-11 09:30:36.46,ANON011.SZ,19.9,100.0,1,1113122
2000-01-11 09:30:37.07,ANON011.SZ,19.9,100.0,-1,1120015
2000-01-11 09:30:37.07,ANON011.SZ,19.9,300.0,-1,1120024
2000-01-11 09:30:37.07,ANON011.SZ,19.9,400.0,-1,1120026
2000-01-11 09:30:37.07,ANON011.SZ,19.9,200.0,-1,1120029
2000-01-11 09:30:37.07,ANON011.SZ,19.9,800.0,-1,1120031
2000-01-11 09:30:37.1,ANON011.SZ,19.9,100.0,-1,1120578
2000-01-11 09:30:37.11,ANON011.SZ,19.9,100.0,-1,1120759
2000-01-11 09:30:37.34,ANON011.SZ,19.9,100.0,-1,1123440
2000-01-11 09:30:37.46,ANON011.SZ,20.01,500.0,-1,1124492
2000-01-11 09:30:37.48,ANON011.SZ,20.79,400.0,-1,1124671
2000-01-11 09:30:37.85,ANON011.SZ,19.9,300.0,-1,1127947
2000-01-11 09:30:37.87,ANON011.SZ,19.9,100.0,-1,1128099
2000-01-11 09:30:38.05,ANON011.SZ,19.9,200.0,1,1129676
2000-01-11 09:30:38.14,ANON011.SZ,19.89,100.0,-1,1130524
2000-01-11 09:30:38.58,ANON011.SZ,19.9,300.0,1,1133817
2000-01-11 09:30:38.59,ANON011.SZ,19.9,100.0,-1,1133895
2000-01-11 09:30:38.59,ANON011.SZ,19.89,2200.0,-1,1133924
2000-01-11 09:30:38.6,ANON011.SZ,19.89,600.0,-1,1133955
2000-01-11 09:30:38.6,ANON011.SZ,19.89,1000.0,-1,1133962
2000-01-11 09:30:38.6,ANON011.SZ,19.89,600.0,1,1133992
2000-01-11 09:30:38.6,ANON011.SZ,19.89,900.0,1,1133994
2000-01-11 09:30:38.67,ANON011.SZ,21.8,8300.0,-1,1134387
2000-01-11 09:30:38.67,ANON011.SZ,19.9,200.0,1,1134392
2000-01-11 09:30:38.81,ANON011.SZ,20.5,1000.0,-1,1135379
2000-01-11 09:30:38.92,ANON011.SZ,19.9,1300.0,1,1136032
2000-01-11 09:30:38.94,ANON011.SZ,19.89,100.0,-1,1136105
2000-01-11 09:30:39.25,ANON011.SZ,19.91,300.0,-1,1138856
2000-01-11 09:30:39.26,ANON011.SZ,19.9,300.0,1,1139016
2000-01-11 09:30:39.35,ANON011.SZ,19.91,500.0,1,1140261
2000-01-11 09:30:39.37,ANON011.SZ,19.89,100.0,-1,1140554
2000-01-11 09:30:39.45,ANON011.SZ,19.91,600.0,-1,1141478
2000-01-11 09:30:39.46,ANON011.SZ,19.9,100.0,1,1141537
2000-01-11 09:30:39.57,ANON011.SZ,19.9,900.0,-1,1142730
2000-01-11 09:30:40.07,ANON011.SZ,19.89,100.0,1,1147948
2000-01-11 09:30:40.08,ANON011.SZ,19.9,1400.0,1,1148039
2000-01-11 09:30:40.11,ANON011.SZ,19.9,100.0,-1,1148376
2000-01-11 09:30:40.15,ANON011.SZ,19.88,500.0,1,1148881
2000-01-11 09:30:40.18,ANON011.SZ,19.88,1200.0,1,1149249
2000-01-11 09:30:40.18,ANON011.SZ,19.91,300.0,1,1149277
2000-01-11 09:30:40.2,ANON011.SZ,19.89,100.0,1,1149558
2000-01-11 09:30:40.2,ANON011.SZ,19.89,100.0,1,1149563
2000-01-11 09:30:40.2,ANON011.SZ,19.89,100.0,1,1149565
2000-01-11 09:30:40.28,ANON011.SZ,19.89,100.0,1,1150455
2000-01-11 09:30:40.28,ANON011.SZ,19.89,300.0,1,1150461
2000-01-11 09:30:40.78,ANON011.SZ,19.89,800.0,1,1156011
2000-01-11 09:30:40.85,ANON011.SZ,19.9,100.0,-1,1156622
2000-01-11 09:30:40.89,ANON011.SZ,19.9,100.0,1,1156962
2000-01-11 09:30:40.89,ANON011.SZ,19.9,100.0,1,1156964
2000-01-11 09:30:40.89,ANON011.SZ,19.9,200.0,1,1156967
2000-01-11 09:30:40.89,ANON011.SZ,19.9,200.0,1,1156969
2000-01-11 09:30:40.89,ANON011.SZ,19.9,100.0,1,1156970
2000-01-11 09:30:40.89,ANON011.SZ,19.9,100.0,1,1156971
2000-01-11 09:30:40.9,ANON011.SZ,19.9,100.0,1,1157023
2000-01-11 09:30:40.93,ANON011.SZ,19.91,100.0,1,1157363
2000-01-11 09:30:40.93,ANON011.SZ,19.91,100.0,1,1157365
2000-01-11 09:30:40.93,ANON011.SZ,19.91,200.0,1,1157367
2000-01-11 09:30:40.93,ANON011.SZ,19.91,100.0,1,1157369
2000-01-11 09:30:40.93,ANON011.SZ,19.91,300.0,1,1157371
2000-01-11 09:30:40.93,ANON011.SZ,19.91,300.0,1,1157373
2000-01-11 09:30:40.93,ANON011.SZ,19.91,300.0,1,1157374
2000-01-11 09:30:40.93,ANON011.SZ,19.91,300.0,1,1157375
2000-01-11 09:30:40.93,ANON011.SZ,19.91,300.0,1,1157376
2000-01-11 09:30:40.93,ANON011.SZ,19.91,100.0,1,1157377
2000-01-11 09:30:40.93,ANON011.SZ,19.91,200.0,1,1157378
2000-01-11 09:30:40.93,ANON011.SZ,19.91,200.0,1,1157381
2000-01-11 09:30:40.93,ANON011.SZ,19.91,100.0,1,1157382
2000-01-11 09:30:40.93,ANON011.SZ,19.91,100.0,1,1157383
2000-01-11 09:30:40.93,ANON011.SZ,19.91,200.0,1,1157384
2000-01-11 09:30:40.93,ANON011.SZ,19.91,100.0,1,1157385
2000-01-11 09:30:40.93,ANON011.SZ,19.91,100.0,1,1157386
2000-01-11 09:30:40.93,ANON011.SZ,19.91,100.0,1,1157387
2000-01-11 09:30:40.93,ANON011.SZ,19.91,100.0,1,1157389
2000-01-11 09:30:40.93,ANON011.SZ,19.91,100.0,1,1157392
2000-01-11 09:30:40.93,ANON011.SZ,19.91,100.0,1,1157393
2000-01-11 09:30:40.97,ANON011.SZ,19.91,100.0,-1,1157650
2000-01-11 09:30:41.32,ANON011.SZ,19.89,500.0,1,1160869
2000-01-11 09:30:41.32,ANON011.SZ,19.92,1300.0,1,1160905
2000-01-11 09:30:41.35,ANON011.SZ,19.9,300.0,-1,1161168
2000-01-11 09:30:41.4,ANON011.SZ,19.91,100.0,1,1161629
2000-01-11 09:30:41.65,ANON011.SZ,19.89,34100.0,-1,1163617
2000-01-11 09:30:41.65,ANON011.SZ,19.9,2000.0,1,1163664
2000-01-11 09:30:41.65,ANON011.SZ,19.89,12900.0,1,1163668
2000-01-11 09:30:41.65,ANON011.SZ,19.89,28900.0,1,1163688
2000-01-11 09:30:41.66,ANON011.SZ,19.89,600.0,1,1163695
2000-01-11 09:30:41.66,ANON011.SZ,19.89,3300.0,1,1163700
2000-01-11 09:30:41.67,ANON011.SZ,19.89,800.0,1,1163754
2000-01-11 09:30:41.67,ANON011.SZ,19.92,100.0,-1,1163782
2000-01-11 09:30:41.68,ANON011.SZ,19.87,700.0,1,1163791
2000-01-11 09:30:42.03,ANON011.SZ,19.89,800.0,1,1166872
2000-01-11 09:30:42.04,ANON011.SZ,19.9,100.0,1,1167075
2000-01-11 09:30:42.04,ANON011.SZ,19.89,100.0,1,1167080
2000-01-11 09:30:42.04,ANON011.SZ,19.89,200.0,1,1167081
2000-01-11 09:30:42.04,ANON011.SZ,19.89,100.0,1,1167092
2000-01-11 09:30:42.05,ANON011.SZ,19.9,600.0,1,1167134
2000-01-11 09:30:42.06,ANON011.SZ,19.92,400.0,-1,1167294
2000-01-11 09:30:42.11,ANON011.SZ,19.9,600.0,1,1167688
2000-01-11 09:30:42.12,ANON011.SZ,19.94,20000.0,-1,1167694
2000-01-11 09:30:42.21,ANON011.SZ,19.88,1000.0,1,1168855
2000-01-11 09:30:42.27,ANON011.SZ,19.9,100.0,1,1169415
2000-01-11 09:30:42.46,ANON011.SZ,19.86,300.0,1,1171199
2000-01-11 09:30:43,ANON011.SZ,19.56,500.0,1,1175920
2000-01-11 09:30:43.06,ANON011.SZ,19.9,200.0,1,1176522
2000-01-11 09:30:43.06,ANON011.SZ,19.9,200.0,1,1176528
2000-01-11 09:30:43.06,ANON011.SZ,19.9,200.0,1,1176546
2000-01-11 09:30:43.07,ANON011.SZ,19.9,100.0,1,1176547
2000-01-11 09:30:43.08,ANON011.SZ,19.9,200.0,1,1176648
2000-01-11 09:30:43.08,ANON011.SZ,19.9,1800.0,1,1176666
2000-01-11 09:30:43.08,ANON011.SZ,19.88,1100.0,1,1176725
2000-01-11 09:30:43.11,ANON011.SZ,19.9,300.0,1,1176979
2000-01-11 09:30:43.32,ANON011.SZ,19.91,1000.0,-1,1178950
2000-01-11 09:30:43.34,ANON011.SZ,19.91,200.0,-1,1179139
2000-01-11 09:30:43.36,ANON011.SZ,19.88,500.0,1,1179304
2000-01-11 09:30:43.38,ANON011.SZ,19.91,3000.0,-1,1179502
2000-01-11 09:30:43.44,ANON011.SZ,19.9,1600.0,1,1180107
2000-01-11 09:30:44.16,ANON011.SZ,19.93,100.0,1,1185993
2000-01-11 09:30:44.16,ANON011.SZ,19.93,100.0,1,1185997
2000-01-11 09:30:44.16,ANON011.SZ,19.93,200.0,1,1186000
2000-01-11 09:30:44.17,ANON011.SZ,19.93,100.0,1,1186035
2000-01-11 09:30:44.18,ANON011.SZ,19.93,100.0,1,1186117
2000-01-11 09:30:44.18,ANON011.SZ,19.91,300.0,-1,1186129
2000-01-11 09:30:44.19,ANON011.SZ,19.93,100.0,1,1186158
2000-01-11 09:30:44.2,ANON011.SZ,19.93,200.0,1,1186213
2000-01-11 09:30:44.8,ANON011.SZ,19.9,600.0,1,1191191
2000-01-11 09:30:45.27,ANON011.SZ,19.91,100.0,-1,1194913
2000-01-11 09:30:45.36,ANON011.SZ,19.92,6700.0,-1,1195817
2000-01-11 09:30:45.46,ANON011.SZ,19.89,100.0,1,1196892
2000-01-11 09:30:45.53,ANON011.SZ,19.94,3000.0,1,1197607
2000-01-11 09:30:45.92,ANON011.SZ,20.2,600.0,-1,1201610
2000-01-11 09:30:46.08,ANON011.SZ,19.92,2300.0,1,1203107
2000-01-11 09:30:46.09,ANON011.SZ,19.91,100.0,-1,1203331
2000-01-11 09:30:46.14,ANON011.SZ,19.93,500.0,1,1203724
2000-01-11 09:30:46.2,ANON011.SZ,19.91,600.0,-1,1204362
2000-01-11 09:30:46.31,ANON011.SZ,19.91,300.0,-1,1205528
2000-01-11 09:30:46.31,ANON011.SZ,19.91,300.0,-1,1205531
2000-01-11 09:30:46.72,ANON011.SZ,19.91,700.0,-1,1208985
2000-01-11 09:30:46.75,ANON011.SZ,19.91,400.0,-1,1209193
2000-01-11 09:30:46.91,ANON011.SZ,19.91,300.0,1,1210344
2000-01-11 09:30:47.02,ANON011.SZ,19.88,600.0,-1,1211049
2000-01-11 09:30:47.08,ANON011.SZ,19.9,200.0,1,1211489
2000-01-11 09:30:47.19,ANON011.SZ,21.79,400.0,-1,1212366
2000-01-11 09:30:47.33,ANON011.SZ,19.91,100.0,-1,1213272
2000-01-11 09:30:47.39,ANON011.SZ,19.9,5200.0,-1,1213760
2000-01-11 09:30:47.41,ANON011.SZ,19.91,100.0,-1,1213861
2000-01-11 09:30:47.57,ANON011.SZ,19.9,1200.0,-1,1215175
2000-01-11 09:30:47.59,ANON011.SZ,19.5,200.0,1,1215331
2000-01-11 09:30:47.71,ANON011.SZ,19.91,200.0,-1,1216173
2000-01-11 09:30:47.73,ANON011.SZ,20.84,1500.0,-1,1216318
2000-01-11 09:30:48.04,ANON011.SZ,19.89,500.0,-1,1218196
2000-01-11 09:30:48.06,ANON011.SZ,19.9,100.0,-1,1218314
2000-01-11 09:30:48.13,ANON011.SZ,19.91,100.0,-1,1218893
2000-01-11 09:30:48.14,ANON011.SZ,19.91,100.0,-1,1219100
2000-01-11 09:30:48.14,ANON011.SZ,19.91,100.0,-1,1219107
2000-01-11 09:30:48.32,ANON011.SZ,19.91,600.0,-1,1220578
2000-01-11 09:30:48.33,ANON011.SZ,0.0,900.0,1,1220906
2000-01-11 09:30:48.35,ANON011.SZ,19.94,100.0,-1,1221381
2000-01-11 09:30:48.47,ANON011.SZ,19.9,100.0,1,1222296
2000-01-11 09:30:48.52,ANON011.SZ,19.85,300.0,1,1222622
2000-01-11 09:30:48.52,ANON011.SZ,19.85,300.0,1,1222639
2000-01-11 09:30:48.53,ANON011.SZ,19.85,100.0,1,1222669
2000-01-11 09:30:48.57,ANON011.SZ,19.91,100.0,-1,1222920
2000-01-11 09:30:48.57,ANON011.SZ,19.91,100.0,-1,1222929
2000-01-11 09:30:48.64,ANON011.SZ,19.91,100.0,-1,1223671
2000-01-11 09:30:48.68,ANON011.SZ,19.9,200.0,1,1224068
2000-01-11 09:30:48.72,ANON011.SZ,19.91,300.0,-1,1224380
2000-01-11 09:30:48.75,ANON011.SZ,19.89,700.0,1,1224690
2000-01-11 09:30:48.83,ANON011.SZ,19.91,100.0,-1,1225372
2000-01-11 09:30:48.83,ANON011.SZ,19.91,200.0,-1,1225373
2000-01-11 09:30:48.94,ANON011.SZ,19.91,200.0,-1,1226137
2000-01-11 09:30:48.99,ANON011.SZ,19.99,200.0,-1,1226399
2000-01-11 09:30:49.01,ANON011.SZ,19.91,100.0,-1,1226569
2000-01-11 09:30:49.01,ANON011.SZ,19.91,300.0,-1,1226586
2000-01-11 09:30:49.14,ANON011.SZ,19.89,100.0,1,1227553
2000-01-11 09:30:49.17,ANON011.SZ,19.89,100.0,1,1227711
2000-01-11 09:30:49.23,ANON011.SZ,19.9,100.0,1,1228248
2000-01-11 09:30:49.25,ANON011.SZ,19.89,100.0,1,1228416
2000-01-11 09:30:49.31,ANON011.SZ,19.89,100.0,1,1228901
2000-01-11 09:30:49.48,ANON011.SZ,20.1,300.0,-1,1230416
2000-01-11 09:30:49.49,ANON011.SZ,19.9,6700.0,-1,1230420
2000-01-11 09:30:49.53,ANON011.SZ,19.9,100.0,1,1230796
2000-01-11 09:30:49.64,ANON011.SZ,19.86,100.0,1,1231660
2000-01-11 09:30:49.67,ANON011.SZ,19.9,100.0,-1,1231841
2000-01-11 09:30:49.75,ANON011.SZ,19.89,100.0,-1,1232412
2000-01-11 09:30:50.28,ANON011.SZ,19.89,200.0,1,1235818
2000-01-11 09:30:50.38,ANON011.SZ,19.9,4700.0,-1,1236517
2000-01-11 09:30:50.39,ANON011.SZ,19.89,2600.0,-1,1236530
2000-01-11 09:30:50.4,ANON011.SZ,20.29,200.0,-1,1236602
2000-01-11 09:30:50.41,ANON011.SZ,19.89,100.0,-1,1236660
2000-01-11 09:30:50.49,ANON011.SZ,19.9,800.0,-1,1237105
2000-01-11 09:30:50.78,ANON011.SZ,19.88,7300.0,1,1238781
2000-01-11 09:30:51,ANON011.SZ,19.9,200.0,1,1240086
2000-01-11 09:30:51.01,ANON011.SZ,19.89,300.0,1,1240119
2000-01-11 09:30:51.01,ANON011.SZ,19.89,200.0,1,1240152
2000-01-11 09:30:51.09,ANON011.SZ,19.88,600.0,1,1240724
2000-01-11 09:30:51.1,ANON011.SZ,19.99,300.0,1,1240820
2000-01-11 09:30:51.44,ANON011.SZ,19.9,100.0,1,1244192
2000-01-11 09:30:51.75,ANON011.SZ,20.65,3000.0,-1,1246978
2000-01-11 09:30:51.81,ANON011.SZ,19.9,300.0,1,1247484
2000-01-11 09:30:52.05,ANON011.SZ,19.88,100.0,1,1249352
2000-01-11 09:30:52.05,ANON011.SZ,19.88,100.0,1,1249354
2000-01-11 09:30:52.08,ANON011.SZ,19.88,100.0,1,1249805
2000-01-11 09:30:52.08,ANON011.SZ,19.88,100.0,1,1249811
2000-01-11 09:30:52.14,ANON011.SZ,19.9,500.0,1,1250306
2000-01-11 09:30:52.14,ANON011.SZ,0.0,600.0,1,1250352
2000-01-11 09:30:52.19,ANON011.SZ,19.88,100.0,1,1250712
2000-01-11 09:30:52.21,ANON011.SZ,19.87,100.0,1,1250927
2000-01-11 09:30:52.59,ANON011.SZ,19.9,200.0,-1,1254171
2000-01-11 09:30:52.59,ANON011.SZ,19.9,300.0,-1,1254174
2000-01-11 09:30:53.2,ANON011.SZ,19.9,500.0,1,1258322
2000-01-11 09:30:53.26,ANON011.SZ,19.99,300.0,1,1258758
2000-01-11 09:30:53.84,ANON011.SZ,20.5,2800.0,-1,1262231
2000-01-11 09:30:53.86,ANON011.SZ,19.9,1000.0,1,1262323
2000-01-11 09:30:53.87,ANON011.SZ,19.88,100.0,1,1262363
2000-01-11 09:30:53.87,ANON011.SZ,19.88,1000.0,1,1262368
2000-01-11 09:30:53.88,ANON011.SZ,19.88,1000.0,1,1262399
2000-01-11 09:30:53.88,ANON011.SZ,19.88,200.0,1,1262406
2000-01-11 09:30:54.16,ANON011.SZ,19.89,300.0,1,1264269
2000-01-11 09:30:54.35,ANON011.SZ,19.9,700.0,-1,1265914
2000-01-11 09:30:54.4,ANON011.SZ,19.9,200.0,1,1266239
2000-01-11 09:30:54.66,ANON011.SZ,19.9,300.0,1,1268404
2000-01-11 09:30:54.88,ANON011.SZ,19.9,200.0,-1,1270017
2000-01-11 09:30:54.95,ANON011.SZ,19.8,1600.0,-1,1270462
2000-01-11 09:30:55.07,ANON011.SZ,19.9,100.0,1,1271228
2000-01-11 09:30:55.09,ANON011.SZ,19.88,200.0,1,1271608
2000-01-11 09:30:55.17,ANON011.SZ,22.0,100.0,-1,1272403
2000-01-11 09:30:55.23,ANON011.SZ,19.88,100.0,1,1272929
2000-01-11 09:30:55.28,ANON011.SZ,19.84,100.0,-1,1273415
2000-01-11 09:30:55.35,ANON011.SZ,19.86,100.0,1,1273946
2000-01-11 09:30:55.7,ANON011.SZ,19.91,600.0,-1,1276424
2000-01-11 09:30:55.94,ANON011.SZ,19.9,200.0,1,1278104
2000-01-11 09:30:55.94,ANON011.SZ,19.9,100.0,1,1278108
2000-01-11 09:30:55.94,ANON011.SZ,19.9,200.0,1,1278110
2000-01-11 09:30:55.94,ANON011.SZ,19.9,100.0,1,1278112
2000-01-11 09:30:55.94,ANON011.SZ,19.88,500.0,1,1278153
2000-01-11 09:30:56.49,ANON011.SZ,19.88,100.0,1,1281570
2000-01-11 09:30:56.69,ANON011.SZ,19.89,6000.0,-1,1282823
2000-01-11 09:30:56.73,ANON011.SZ,19.89,100.0,-1,1283049
2000-01-11 09:30:57.23,ANON011.SZ,19.91,1400.0,1,1286449
2000-01-11 09:30:57.26,ANON011.SZ,19.89,100.0,-1,1286661
2000-01-11 09:30:57.47,ANON011.SZ,19.88,200.0,1,1288185
2000-01-11 09:30:57.82,ANON011.SZ,19.89,100.0,1,1290806
2000-01-11 09:30:57.82,ANON011.SZ,19.89,100.0,1,1290808
2000-01-11 09:30:57.82,ANON011.SZ,19.89,100.0,1,1290810
2000-01-11 09:30:57.82,ANON011.SZ,19.89,100.0,1,1290812
2000-01-11 09:30:57.82,ANON011.SZ,19.89,100.0,1,1290814
2000-01-11 09:30:57.82,ANON011.SZ,19.89,100.0,1,1290816
2000-01-11 09:30:57.82,ANON011.SZ,19.89,100.0,1,1290818
2000-01-11 09:30:57.82,ANON011.SZ,19.89,100.0,1,1290820
2000-01-11 09:30:57.82,ANON011.SZ,19.89,200.0,1,1290822
2000-01-11 09:30:57.82,ANON011.SZ,19.89,100.0,1,1290824
2000-01-11 09:30:57.82,ANON011.SZ,19.89,200.0,1,1290826
2000-01-11 09:30:57.82,ANON011.SZ,19.89,100.0,1,1290830
2000-01-11 09:30:57.82,ANON011.SZ,19.89,100.0,1,1290832
2000-01-11 09:30:57.82,ANON011.SZ,19.89,100.0,1,1290834
2000-01-11 09:30:57.82,ANON011.SZ,19.89,100.0,1,1290836
2000-01-11 09:30:57.82,ANON011.SZ,19.89,100.0,1,1290838
2000-01-11 09:30:57.82,ANON011.SZ,19.89,100.0,1,1290840
2000-01-11 09:30:57.82,ANON011.SZ,19.89,100.0,1,1290842
2000-01-11 09:30:57.82,ANON011.SZ,19.89,100.0,1,1290844
2000-01-11 09:30:57.82,ANON011.SZ,19.89,100.0,1,1290846
2000-01-11 09:30:57.82,ANON011.SZ,19.89,100.0,1,1290848
2000-01-11 09:30:57.82,ANON011.SZ,19.89,100.0,1,1290852
2000-01-11 09:30:57.82,ANON011.SZ,19.89,100.0,1,1290854
2000-01-11 09:30:57.82,ANON011.SZ,19.89,200.0,1,1290858
2000-01-11 09:30:57.82,ANON011.SZ,19.89,200.0,1,1290860
2000-01-11 09:30:57.82,ANON011.SZ,19.89,100.0,1,1290862
2000-01-11 09:30:57.82,ANON011.SZ,19.89,100.0,1,1290864
2000-01-11 09:30:57.82,ANON011.SZ,19.89,100.0,1,1290866
2000-01-11 09:30:57.82,ANON011.SZ,19.89,100.0,1,1290868
2000-01-11 09:30:57.82,ANON011.SZ,19.89,100.0,1,1290870
2000-01-11 09:30:57.82,ANON011.SZ,19.89,100.0,1,1290872
2000-01-11 09:30:57.82,ANON011.SZ,19.89,100.0,1,1290874
2000-01-11 09:30:57.82,ANON011.SZ,19.89,100.0,1,1290876
2000-01-11 09:30:57.82,ANON011.SZ,19.89,100.0,1,1290878
2000-01-11 09:30:57.82,ANON011.SZ,19.89,100.0,1,1290880
2000-01-11 09:30:57.82,ANON011.SZ,19.89,100.0,1,1290882
2000-01-11 09:30:57.82,ANON011.SZ,19.89,100.0,1,1290884
2000-01-11 09:30:57.82,ANON011.SZ,19.89,100.0,1,1290887
2000-01-11 09:30:57.82,ANON011.SZ,19.89,100.0,1,1290889
2000-01-11 09:30:57.82,ANON011.SZ,19.89,100.0,1,1290891
2000-01-11 09:30:57.82,ANON011.SZ,19.89,100.0,1,1290894
2000-01-11 09:30:57.82,ANON011.SZ,19.89,200.0,1,1290898
2000-01-11 09:30:57.82,ANON011.SZ,19.89,100.0,1,1290901
2000-01-11 09:30:57.82,ANON011.SZ,19.89,100.0,1,1290904
2000-01-11 09:30:57.82,ANON011.SZ,19.88,1000.0,1,1290923
2000-01-11 09:30:57.83,ANON011.SZ,19.88,300.0,1,1290941
2000-01-11 09:30:57.83,ANON011.SZ,19.89,700.0,1,1290951
2000-01-11 09:30:57.83,ANON011.SZ,19.89,100.0,1,1290961
2000-01-11 09:30:57.83,ANON011.SZ,19.89,200.0,1,1290962
2000-01-11 09:30:57.83,ANON011.SZ,19.89,100.0,1,1290964
2000-01-11 09:30:57.83,ANON011.SZ,19.89,200.0,1,1290965
2000-01-11 09:30:57.83,ANON011.SZ,19.89,100.0,1,1290966
2000-01-11 09:30:57.83,ANON011.SZ,19.89,100.0,1,1290967
2000-01-11 09:30:57.83,ANON011.SZ,19.89,100.0,1,1290968
2000-01-11 09:30:57.83,ANON011.SZ,19.89,100.0,1,1290969
2000-01-11 09:30:57.83,ANON011.SZ,19.89,100.0,1,1290970
2000-01-11 09:30:57.83,ANON011.SZ,19.89,100.0,1,1290971
2000-01-11 09:30:57.83,ANON011.SZ,19.89,100.0,1,1290992
2000-01-11 09:30:57.84,ANON011.SZ,19.89,100.0,1,1291009
2000-01-11 09:30:57.84,ANON011.SZ,19.89,100.0,1,1291010
2000-01-11 09:30:58.04,ANON011.SZ,19.9,100.0,-1,1292185
2000-01-11 09:30:58.04,ANON011.SZ,19.9,100.0,-1,1292195
2000-01-11 09:30:58.08,ANON011.SZ,19.89,100.0,1,1292434
2000-01-11 09:30:58.09,ANON011.SZ,19.89,300.0,1,1292540
2000-01-11 09:30:58.09,ANON011.SZ,19.88,100.0,1,1292558
2000-01-11 09:30:58.25,ANON011.SZ,19.9,1000.0,1,1293832
2000-01-11 09:30:58.35,ANON011.SZ,19.85,100.0,-1,1294642
2000-01-11 09:30:58.4,ANON011.SZ,19.9,2000.0,-1,1294892
2000-01-11 09:30:58.44,ANON011.SZ,19.88,500.0,1,1295104
2000-01-11 09:30:58.49,ANON011.SZ,19.4,500.0,1,1295569
2000-01-11 09:30:58.52,ANON011.SZ,19.88,600.0,1,1295743
2000-01-11 09:30:58.67,ANON011.SZ,19.9,100.0,-1,1296738
2000-01-11 09:30:58.68,ANON011.SZ,19.88,200.0,1,1296815
2000-01-11 09:30:59.08,ANON011.SZ,19.89,500.0,-1,1299162
2000-01-11 09:30:59.22,ANON011.SZ,19.89,300.0,1,1300089
2000-01-11 09:30:59.39,ANON011.SZ,19.76,1000.0,1,1301185
2000-01-11 09:30:59.54,ANON011.SZ,19.88,100.0,1,1302147
2000-01-11 09:30:59.54,ANON011.SZ,19.88,100.0,1,1302148
2000-01-11 09:30:59.54,ANON011.SZ,19.88,100.0,1,1302152
2000-01-11 09:30:59.54,ANON011.SZ,19.88,100.0,1,1302154
2000-01-11 09:30:59.54,ANON011.SZ,19.88,100.0,1,1302155
2000-01-11 09:30:59.54,ANON011.SZ,19.88,100.0,1,1302156
2000-01-11 09:30:59.54,ANON011.SZ,19.88,100.0,1,1302177
2000-01-11 09:30:59.55,ANON011.SZ,19.89,800.0,1,1302191
2000-01-11 09:30:59.56,ANON011.SZ,19.88,100.0,1,1302253
2000-01-11 09:30:59.7,ANON011.SZ,19.89,200.0,1,1303041
2000-01-11 09:30:59.7,ANON011.SZ,19.88,600.0,1,1303060
2000-01-11 09:30:59.84,ANON011.SZ,19.99,300.0,1,1303882
2000-01-11 09:30:59.85,ANON011.SZ,19.9,3400.0,-1,1303911
