datetime,sym,price,size,side,orderid
2000-01-02 09:15:00.03,ANON002.SZ,12.88,400.0,-1,908
2000-01-02 09:15:00.04,ANON002.SZ,11.83,400.0,1,1807
2000-01-02 09:15:00.04,ANON002.SZ,13.0,100.0,-1,2327
2000-01-02 09:15:00.05,ANON002.SZ,12.3,500.0,-1,4161
2000-01-02 09:15:00.05,ANON002.SZ,13.01,100.0,-1,4314
2000-01-02 09:15:00.05,ANON002.SZ,11.45,300.0,1,4723
2000-01-02 09:15:00.05,ANON002.SZ,13.01,2000.0,-1,6197
2000-01-02 09:15:00.06,ANON002.SZ,12.5,1000.0,-1,7989
2000-01-02 09:15:00.06,ANON002.SZ,12.55,40000.0,-1,8141
2000-01-02 09:15:00.06,ANON002.SZ,11.87,500.0,-1,9376
2000-01-02 09:15:00.06,ANON002.SZ,11.92,500.0,-1,9377
2000-01-02 09:15:00.06,ANON002.SZ,11.97,500.0,-1,9378
2000-01-02 09:15:00.06,ANON002.SZ,12.02,500.0,-1,9379
2000-01-02 09:15:00.06,ANON002.SZ,12.07,500.0,-1,9380
2000-01-02 09:15:00.06,ANON002.SZ,12.12,500.0,-1,9381
2000-01-02 09:15:00.06,ANON002.SZ,12.17,500.0,-1,9382
2000-01-02 09:15:00.06,ANON002.SZ,12.22,500.0,-1,9383
2000-01-02 09:15:00.06,ANON002.SZ,12.27,500.0,-1,9384
2000-01-02 09:15:00.06,ANON002.SZ,12.32,500.0,-1,9425
2000-01-02 09:15:00.06,ANON002.SZ,12.37,500.0,-1,9426
2000-01-02 09:15:00.06,ANON002.SZ,12.42,500.0,-1,9427
2000-01-02 09:15:00.06,ANON002.SZ,12.47,500.0,-1,9428
2000-01-02 09:15:00.06,ANON002.SZ,12.52,500.0,-1,9429
2000-01-02 09:15:00.06,ANON002.SZ,12.57,500.0,-1,9430
2000-01-02 09:15:00.06,ANON002.SZ,12.62,500.0,-1,9431
2000-01-02 09:15:00.06,ANON002.SZ,12.67,500.0,-1,9432
2000-01-02 09:15:00.06,ANON002.SZ,12.72,600.0,-1,9433
2000-01-02 09:15:00.06,ANON002.SZ,12.77,600.0,-1,9434
2000-01-02 09:15:00.06,ANON002.SZ,12.82,600.0,-1,9435
2000-01-02 09:15:00.06,ANON002.SZ,12.87,600.0,-1,9436
2000-01-02 09:15:00.06,ANON002.SZ,12.92,800.0,-1,9437
2000-01-02 09:15:00.06,ANON002.SZ,12.97,800.0,-1,9438
2000-01-02 09:15:00.06,ANON002.SZ,13.01,800.0,-1,9439
2000-01-02 09:15:00.08,ANON002.SZ,11.38,400.0,1,12193
2000-01-02 09:15:00.08,ANON002.SZ,11.36,200.0,1,12435
2000-01-02 09:15:00.08,ANON002.SZ,11.33,300.0,1,12436
2000-01-02 09:15:00.09,ANON002.SZ,12.5,4700.0,-1,14788
2000-01-02 09:15:00.09,ANON002.SZ,11.83,5700.0,-1,15139
2000-01-02 09:15:00.09,ANON002.SZ,11.83,8600.0,-1,15354
2000-01-02 09:15:00.09,ANON002.SZ,11.33,100.0,1,15557
2000-01-02 09:15:00.1,ANON002.SZ,11.6,200.0,1,16180
2000-01-02 09:15:00.1,ANON002.SZ,12.0,500.0,-1,16333
2000-01-02 09:15:00.1,ANON002.SZ,11.45,1000.0,1,16353
2000-01-02 09:15:00.1,ANON002.SZ,11.64,200.0,1,17381
2000-01-02 09:15:00.1,ANON002.SZ,11.26,300.0,1,17386
2000-01-02 09:15:00.1,ANON002.SZ,12.39,1000.0,-1,17609
2000-01-02 09:15:00.11,ANON002.SZ,12.17,400.0,-1,18396
2000-01-02 09:15:00.11,ANON002.SZ,11.68,300.0,1,18737
2000-01-02 09:15:00.11,ANON002.SZ,12.27,300.0,-1,18738
2000-01-02 09:15:00.11,ANON002.SZ,12.53,300.0,-1,18739
2000-01-02 09:15:00.11,ANON002.SZ,11.83,20000.0,1,19702
2000-01-02 09:15:00.11,ANON002.SZ,11.62,400.0,1,20336
2000-01-02 09:15:00.11,ANON002.SZ,11.31,400.0,1,20392
2000-01-02 09:15:00.12,ANON002.SZ,12.22,100.0,-1,23162
2000-01-02 09:15:00.13,ANON002.SZ,11.51,700.0,1,25792
2000-01-02 09:15:00.15,ANON002.SZ,12.9,300.0,-1,29057
2000-01-02 09:15:00.15,ANON002.SZ,11.02,200.0,1,30049
2000-01-02 09:15:00.15,ANON002.SZ,11.49,800.0,1,30642
2000-01-02 09:15:00.16,ANON002.SZ,10.65,200.0,1,31898
2000-01-02 09:15:00.16,ANON002.SZ,12.54,1900.0,-1,31934
2000-01-02 09:15:00.16,ANON002.SZ,12.34,1200.0,-1,31979
2000-01-02 09:15:00.16,ANON002.SZ,12.04,800.0,-1,32000
2000-01-02 09:15:00.16,ANON002.SZ,12.57,1100.0,-1,32337
2000-01-02 09:15:00.16,ANON002.SZ,12.78,15000.0,-1,32793
2000-01-02 09:15:00.16,ANON002.SZ,13.01,8400.0,-1,32938
2000-01-02 09:15:00.17,ANON002.SZ,11.54,1200.0,1,33798
2000-01-02 09:15:00.17,ANON002.SZ,13.01,100.0,-1,33841
2000-01-02 09:15:00.17,ANON002.SZ,12.87,100.0,-1,33842
2000-01-02 09:15:00.17,ANON002.SZ,12.67,100.0,-1,33843
2000-01-02 09:15:00.17,ANON002.SZ,12.47,100.0,-1,33845
2000-01-02 09:15:00.17,ANON002.SZ,11.72,3000.0,1,33960
2000-01-02 09:15:00.17,ANON002.SZ,11.99,500.0,-1,34480
2000-01-02 09:15:00.18,ANON002.SZ,13.01,1800.0,-1,36118
2000-01-02 09:15:00.18,ANON002.SZ,13.01,15000.0,-1,36548
2000-01-02 09:15:00.18,ANON002.SZ,13.0,15000.0,-1,36549
2000-01-02 09:15:00.18,ANON002.SZ,12.99,15000.0,-1,36550
2000-01-02 09:15:00.18,ANON002.SZ,12.98,15000.0,-1,36571
2000-01-02 09:15:00.18,ANON002.SZ,12.97,15000.0,-1,36572
2000-01-02 09:15:00.18,ANON002.SZ,12.96,15000.0,-1,36573
2000-01-02 09:15:00.18,ANON002.SZ,12.95,15000.0,-1,36574
2000-01-02 09:15:00.18,ANON002.SZ,12.94,15000.0,-1,36575
2000-01-02 09:15:00.18,ANON002.SZ,12.93,15000.0,-1,36576
2000-01-02 09:15:00.18,ANON002.SZ,12.92,15000.0,-1,36577
2000-01-02 09:15:00.18,ANON002.SZ,12.91,15000.0,-1,36579
2000-01-02 09:15:00.18,ANON002.SZ,12.9,15000.0,-1,36587
2000-01-02 09:15:00.18,ANON002.SZ,12.89,15000.0,-1,36600
2000-01-02 09:15:00.18,ANON002.SZ,12.88,15000.0,-1,36601
2000-01-02 09:15:00.18,ANON002.SZ,12.42,5000.0,-1,36609
2000-01-02 09:15:00.18,ANON002.SZ,12.41,5000.0,-1,36610
2000-01-02 09:15:00.18,ANON002.SZ,12.4,5000.0,-1,36652
2000-01-02 09:15:00.18,ANON002.SZ,12.39,5000.0,-1,36653
2000-01-02 09:15:00.18,ANON002.SZ,12.38,5000.0,-1,36654
2000-01-02 09:15:00.18,ANON002.SZ,11.61,200.0,1,36886
2000-01-02 09:15:00.19,ANON002.SZ,11.82,100.0,1,38966
2000-01-02 09:15:00.2,ANON002.SZ,12.0,600.0,-1,40382
2000-01-02 09:15:00.2,ANON002.SZ,12.3,500.0,-1,40383
2000-01-02 09:15:00.2,ANON002.SZ,12.6,500.0,-1,40384
2000-01-02 09:15:00.2,ANON002.SZ,11.4,600.0,1,40385
2000-01-02 09:15:00.21,ANON002.SZ,12.47,200.0,-1,41376
2000-01-02 09:15:00.22,ANON002.SZ,12.1,300.0,-1,42646
2000-01-02 09:15:00.22,ANON002.SZ,11.5,300.0,1,42651
2000-01-02 09:15:00.22,ANON002.SZ,12.15,10000.0,-1,42733
2000-01-02 09:15:00.22,ANON002.SZ,11.5,10000.0,1,42766
2000-01-02 09:15:00.23,ANON002.SZ,12.9,1500.0,-1,43174
2000-01-02 09:15:00.24,ANON002.SZ,11.83,5900.0,-1,44752
2000-01-02 09:15:00.27,ANON002.SZ,12.99,20000.0,-1,47376
2000-01-02 09:15:00.27,ANON002.SZ,12.98,1000.0,-1,47569
2000-01-02 09:15:00.27,ANON002.SZ,11.27,1000.0,1,47570
2000-01-02 09:15:00.27,ANON002.SZ,13.01,500.0,-1,47589
2000-01-02 09:15:00.27,ANON002.SZ,11.01,500.0,1,47590
2000-01-02 09:15:00.27,ANON002.SZ,10.83,500.0,1,47591
2000-01-02 09:15:00.27,ANON002.SZ,11.66,1000.0,1,47661
2000-01-02 09:15:00.29,ANON002.SZ,12.09,500.0,-1,49057
2000-01-02 09:15:00.31,ANON002.SZ,12.13,10700.0,-1,50536
2000-01-02 09:15:00.32,ANON002.SZ,11.95,2000.0,-1,51236
2000-01-02 09:15:00.33,ANON002.SZ,11.53,2000.0,1,52182
2000-01-02 09:15:00.33,ANON002.SZ,12.43,400.0,-1,52185
2000-01-02 09:15:00.36,ANON002.SZ,12.5,5000.0,-1,54640
2000-01-02 09:15:00.37,ANON002.SZ,12.5,6500.0,-1,54835
2000-01-02 09:15:00.37,ANON002.SZ,11.2,300.0,1,55224
2000-01-02 09:15:00.37,ANON002.SZ,11.05,500.0,1,55228
2000-01-02 09:15:00.37,ANON002.SZ,12.12,2400.0,-1,55358
2000-01-02 09:15:00.38,ANON002.SZ,11.62,8600.0,1,55811
2000-01-02 09:15:00.38,ANON002.SZ,11.97,1000.0,-1,55947
2000-01-02 09:15:00.38,ANON002.SZ,11.0,200.0,1,55980
2000-01-02 09:15:00.38,ANON002.SZ,11.97,1000.0,-1,55989
2000-01-02 09:15:00.38,ANON002.SZ,12.33,1000.0,-1,55990
2000-01-02 09:15:00.38,ANON002.SZ,12.98,3000.0,-1,55992
2000-01-02 09:15:00.38,ANON002.SZ,11.91,200.0,-1,56400
2000-01-02 09:15:00.39,ANON002.SZ,13.0,300.0,-1,56839
2000-01-02 09:15:00.39,ANON002.SZ,11.19,200.0,1,57077
2000-01-02 09:15:00.4,ANON002.SZ,11.62,1000.0,1,57568
2000-01-02 09:15:00.4,ANON002.SZ,11.71,1000.0,1,57569
2000-01-02 09:15:00.4,ANON002.SZ,11.77,1000.0,1,57570
2000-01-02 09:15:00.4,ANON002.SZ,11.66,1000.0,1,57571
2000-01-02 09:15:00.4,ANON002.SZ,11.83,1000.0,1,57578
2000-01-02 09:15:00.41,ANON002.SZ,12.62,500.0,-1,57790
2000-01-02 09:15:00.43,ANON002.SZ,11.83,200.0,1,58906
2000-01-02 09:15:00.43,ANON002.SZ,12.98,300.0,-1,59087
2000-01-02 09:15:00.44,ANON002.SZ,11.7,400.0,1,59667
2000-01-02 09:15:00.45,ANON002.SZ,13.0,1500.0,-1,60371
2000-01-02 09:15:00.45,ANON002.SZ,11.72,2400.0,1,60474
2000-01-02 09:15:00.46,ANON002.SZ,12.99,10000.0,-1,60780
2000-01-02 09:15:00.46,ANON002.SZ,12.42,300.0,1,60820
2000-01-02 09:15:00.47,ANON002.SZ,11.98,100.0,-1,61032
2000-01-02 09:15:00.47,ANON002.SZ,11.51,300.0,-1,61165
2000-01-02 09:15:00.47,ANON002.SZ,11.51,400.0,1,61224
2000-01-02 09:15:00.48,ANON002.SZ,11.51,200.0,1,61300
2000-01-02 09:15:00.5,ANON002.SZ,11.6,300.0,1,62407
2000-01-02 09:15:00.53,ANON002.SZ,11.95,100.0,-1,64360
2000-01-02 09:15:00.56,ANON002.SZ,12.9,100.0,-1,65366
2000-01-02 09:15:00.57,ANON002.SZ,11.82,100.0,-1,65866
2000-01-02 09:15:00.59,ANON002.SZ,11.13,400.0,1,66503
2000-01-02 09:15:00.61,ANON002.SZ,11.72,2000.0,1,67166
2000-01-02 09:15:00.61,ANON002.SZ,11.79,900.0,1,67167
2000-01-02 09:15:00.62,ANON002.SZ,12.19,1400.0,-1,67429
2000-01-02 09:15:00.65,ANON002.SZ,12.05,1200.0,-1,68472
2000-01-02 09:15:00.66,ANON002.SZ,12.48,1000.0,-1,68973
2000-01-02 09:15:00.72,ANON002.SZ,12.12,500.0,-1,71652
2000-01-02 09:15:00.75,ANON002.SZ,11.85,400.0,-1,72937
2000-01-02 09:15:00.75,ANON002.SZ,13.01,10000.0,-1,72989
2000-01-02 09:15:00.77,ANON002.SZ,11.61,1800.0,1,73988
2000-01-02 09:15:00.79,ANON002.SZ,12.0,3500.0,-1,74908
2000-01-02 09:15:00.79,ANON002.SZ,11.52,3400.0,1,74910
2000-01-02 09:15:00.79,ANON002.SZ,11.43,6700.0,1,74911
2000-01-02 09:15:00.79,ANON002.SZ,12.11,5700.0,-1,74913
2000-01-02 09:15:00.81,ANON002.SZ,13.0,100.0,-1,75717
2000-01-02 09:15:00.83,ANON002.SZ,12.8,1000.0,-1,76459
2000-01-02 09:15:00.83,ANON002.SZ,12.5,500.0,-1,76587
2000-01-02 09:15:00.87,ANON002.SZ,13.0,300.0,-1,78022
2000-01-02 09:15:00.9,ANON002.SZ,12.78,10000.0,-1,78996
2000-01-02 09:15:00.9,ANON002.SZ,11.83,100.0,1,79121
2000-01-02 09:15:00.91,ANON002.SZ,11.72,1000.0,1,79578
2000-01-02 09:15:00.91,ANON002.SZ,11.63,1000.0,1,79579
2000-01-02 09:15:00.91,ANON002.SZ,12.5,100.0,-1,79602
2000-01-02 09:15:00.91,ANON002.SZ,13.0,100.0,-1,79603
2000-01-02 09:15:00.93,ANON002.SZ,11.53,3500.0,1,80196
2000-01-02 09:15:00.93,ANON002.SZ,11.62,400.0,1,80282
2000-01-02 09:15:00.95,ANON002.SZ,11.83,100.0,-1,80693
2000-01-02 09:15:00.96,ANON002.SZ,12.45,1000.0,-1,80927
2000-01-02 09:15:00.98,ANON002.SZ,12.44,200.0,-1,82092
2000-01-02 09:15:00.99,ANON002.SZ,11.61,10000.0,1,82527
2000-01-02 09:15:01,ANON002.SZ,11.99,10000.0,-1,83062
2000-01-02 09:15:01.01,ANON002.SZ,12.0,2200.0,-1,83306
2000-01-02 09:15:01.02,ANON002.SZ,13.0,1500.0,-1,84042
2000-01-02 09:15:01.03,ANON002.SZ,13.01,200.0,-1,84186
2000-01-02 09:15:01.04,ANON002.SZ,12.29,10000.0,-1,84931
2000-01-02 09:15:01.05,ANON002.SZ,12.11,1000.0,-1,85035
2000-01-02 09:15:01.05,ANON002.SZ,12.12,1000.0,-1,85036
2000-01-02 09:15:01.05,ANON002.SZ,12.13,1000.0,-1,85037
2000-01-02 09:15:01.05,ANON002.SZ,12.42,3500.0,-1,85168
2000-01-02 09:15:01.07,ANON002.SZ,11.7,1000.0,1,86156
2000-01-02 09:15:01.07,ANON002.SZ,11.6,1000.0,1,86184
2000-01-02 09:15:01.07,ANON002.SZ,13.01,1000.0,-1,86246
2000-01-02 09:15:01.09,ANON002.SZ,12.99,500.0,-1,87046
2000-01-02 09:15:01.1,ANON002.SZ,12.99,15000.0,-1,87228
2000-01-02 09:15:01.11,ANON002.SZ,11.83,400.0,1,87877
2000-01-02 09:15:01.16,ANON002.SZ,11.8,2500.0,1,90034
2000-01-02 09:15:01.18,ANON002.SZ,11.83,4000.0,-1,90757
2000-01-02 09:15:01.18,ANON002.SZ,11.01,500.0,1,90824
2000-01-02 09:15:01.18,ANON002.SZ,12.5,1000.0,-1,90956
2000-01-02 09:15:01.22,ANON002.SZ,11.83,100.0,1,92131
2000-01-02 09:15:01.22,ANON002.SZ,11.7,100.0,1,92198
2000-01-02 09:15:01.27,ANON002.SZ,12.69,300.0,-1,93677
2000-01-02 09:15:01.28,ANON002.SZ,11.4,2000.0,1,94128
2000-01-02 09:15:01.38,ANON002.SZ,13.01,8000.0,-1,97174
2000-01-02 09:15:01.39,ANON002.SZ,12.41,400.0,-1,97419
2000-01-02 09:15:01.4,ANON002.SZ,11.23,300.0,1,97441
2000-01-02 09:15:01.46,ANON002.SZ,13.01,2000.0,-1,99215
2000-01-02 09:15:01.49,ANON002.SZ,11.96,400.0,-1,99919
2000-01-02 09:15:01.66,ANON002.SZ,12.82,2700.0,-1,103806
2000-01-02 09:15:01.68,ANON002.SZ,11.43,4300.0,1,104409
2000-01-02 09:15:01.68,ANON002.SZ,11.49,3400.0,1,104442
2000-01-02 09:15:01.68,ANON002.SZ,11.52,2800.0,1,104443
2000-01-02 09:15:01.68,ANON002.SZ,11.98,2500.0,-1,104459
2000-01-02 09:15:01.68,ANON002.SZ,12.12,5700.0,-1,104462
2000-01-02 09:15:01.72,ANON002.SZ,11.51,100.0,1,105455
2000-01-02 09:15:01.75,ANON002.SZ,10.65,100.0,1,106308
2000-01-02 09:15:01.84,ANON002.SZ,12.33,100.0,-1,108323
2000-01-02 09:15:01.84,ANON002.SZ,11.71,1000.0,1,108627
2000-01-02 09:15:01.9,ANON002.SZ,11.8,500.0,1,110439
2000-01-02 09:15:01.91,ANON002.SZ,12.99,15000.0,-1,110896
2000-01-02 09:15:02.02,ANON002.SZ,11.0,2800.0,1,112860
2000-01-02 09:15:02.19,ANON002.SZ,11.5,2000.0,1,115611
2000-01-02 09:15:02.29,ANON002.SZ,11.71,10000.0,1,116835
2000-01-02 09:15:02.29,ANON002.SZ,11.65,3000.0,1,116959
2000-01-02 09:15:02.29,ANON002.SZ,11.61,3000.0,1,116960
2000-01-02 09:15:02.43,ANON002.SZ,12.19,800.0,-1,118835
2000-01-02 09:15:02.43,ANON002.SZ,12.83,800.0,-1,118836
2000-01-02 09:15:02.43,ANON002.SZ,13.01,200.0,-1,118935
2000-01-02 09:15:02.65,ANON002.SZ,12.13,400.0,-1,121023
2000-01-02 09:15:02.76,ANON002.SZ,13.0,2000.0,-1,122112
2000-01-02 09:15:02.77,ANON002.SZ,11.87,400.0,1,122226
2000-01-02 09:15:02.8,ANON002.SZ,11.65,100.0,1,122622
2000-01-02 09:15:02.83,ANON002.SZ,12.24,500.0,-1,122905
2000-01-02 09:15:02.84,ANON002.SZ,11.12,300.0,1,123043
2000-01-02 09:15:02.84,ANON002.SZ,10.81,300.0,1,123047
2000-01-02 09:15:02.89,ANON002.SZ,12.14,3000.0,-1,123896
2000-01-02 09:15:02.89,ANON002.SZ,12.1,200.0,-1,123898
2000-01-02 09:15:02.89,ANON002.SZ,11.6,200.0,1,123899
2000-01-02 09:15:02.95,ANON002.SZ,11.6,500.0,1,124362
2000-01-02 09:15:03.1,ANON002.SZ,11.41,200.0,1,125689
2000-01-02 09:15:03.1,ANON002.SZ,10.65,400.0,1,125694
2000-01-02 09:15:03.16,ANON002.SZ,13.01,1000.0,-1,126002
2000-01-02 09:15:03.2,ANON002.SZ,12.36,100.0,-1,126205
2000-01-02 09:15:03.28,ANON002.SZ,11.71,100.0,1,126586
2000-01-02 09:15:03.28,ANON002.SZ,11.63,200.0,1,126587
2000-01-02 09:15:03.28,ANON002.SZ,11.55,200.0,1,126588
2000-01-02 09:15:03.28,ANON002.SZ,11.51,200.0,1,126589
2000-01-02 09:15:03.28,ANON002.SZ,11.43,400.0,1,126590
2000-01-02 09:15:03.29,ANON002.SZ,11.93,100.0,-1,126596
2000-01-02 09:15:03.3,ANON002.SZ,11.99,100.0,-1,126597
2000-01-02 09:15:03.3,ANON002.SZ,12.07,200.0,-1,126598
2000-01-02 09:15:03.3,ANON002.SZ,12.17,200.0,-1,126599
2000-01-02 09:15:03.3,ANON002.SZ,12.27,200.0,-1,126600
2000-01-02 09:15:03.3,ANON002.SZ,12.37,200.0,-1,126601
2000-01-02 09:15:03.3,ANON002.SZ,12.47,200.0,-1,126602
2000-01-02 09:15:03.8,ANON002.SZ,12.2,2500.0,-1,128166
2000-01-02 09:15:03.83,ANON002.SZ,13.0,100.0,-1,128244
2000-01-02 09:15:04.4,ANON002.SZ,13.01,23500.0,-1,129241
2000-01-02 09:15:04.4,ANON002.SZ,12.3,20000.0,-1,129243
2000-01-02 09:15:04.71,ANON002.SZ,12.6,300.0,-1,129582
2000-01-02 09:15:04.71,ANON002.SZ,12.84,100.0,-1,129590
2000-01-02 09:15:04.76,ANON002.SZ,12.47,2600.0,-1,129668
2000-01-02 09:15:04.76,ANON002.SZ,12.97,2600.0,-1,129675
2000-01-02 09:15:04.81,ANON002.SZ,11.21,1000.0,1,129848
2000-01-02 09:15:05.03,ANON002.SZ,12.5,9000.0,-1,130240
2000-01-02 09:15:05.73,ANON002.SZ,13.01,300.0,-1,130804
2000-01-02 09:15:05.8,ANON002.SZ,11.45,1000.0,1,130963
2000-01-02 09:15:06.22,ANON002.SZ,11.51,900.0,1,131361
2000-01-02 09:15:06.28,ANON002.SZ,11.44,100.0,1,131470
2000-01-02 09:15:08.32,ANON002.SZ,12.4,23500.0,-1,132644
2000-01-02 09:15:09.82,ANON002.SZ,10.65,100.0,-1,133091
2000-01-02 09:15:12.3,ANON002.SZ,12.9,900.0,-1,134005
2000-01-02 09:15:12.33,ANON002.SZ,10.97,2600.0,1,134025
2000-01-02 09:15:13.05,ANON002.SZ,11.85,100.0,1,134169
2000-01-02 09:15:30.49,ANON002.SZ,12.42,100.0,1,137002
2000-01-02 09:15:33.91,ANON002.SZ,12.94,20000.0,-1,137653
2000-01-02 09:15:34.22,ANON002.SZ,11.83,400.0,1,137705
2000-01-02 09:15:40.09,ANON002.SZ,12.74,10000.0,-1,138418
2000-01-02 09:15:48.88,ANON002.SZ,11.6,200.0,1,139544
2000-01-02 09:15:52.81,ANON002.SZ,11.6,300.0,1,140015
2000-01-02 09:15:56.4,ANON002.SZ,12.1,200.0,-1,140563
2000-01-02 09:16:05.76,ANON002.SZ,12.43,1000.0,-1,141742
2000-01-02 09:16:07.91,ANON002.SZ,11.83,20000.0,1,142006
2000-01-02 09:16:20.35,ANON002.SZ,11.5,9300.0,1,143363
2000-01-02 09:16:22.45,ANON002.SZ,11.75,5000.0,1,143620
2000-01-02 09:16:49.14,ANON002.SZ,11.71,3600.0,1,146821
2000-01-02 09:16:57.16,ANON002.SZ,11.83,3000.0,1,147838
2000-01-02 09:17:03.33,ANON002.SZ,11.6,1000.0,1,148637
2000-01-02 09:17:11.44,ANON002.SZ,11.98,2500.0,-1,149709
2000-01-02 09:17:17.13,ANON002.SZ,11.63,1000.0,1,150457
2000-01-02 09:17:19.84,ANON002.SZ,11.75,1200.0,1,150788
2000-01-02 09:17:21.29,ANON002.SZ,11.68,3600.0,1,150963
2000-01-02 09:17:29.72,ANON002.SZ,13.0,2100.0,-1,152105
2000-01-02 09:17:38.18,ANON002.SZ,11.66,3600.0,1,153290
2000-01-02 09:17:51.34,ANON002.SZ,10.65,300.0,-1,155114
2000-01-02 09:17:58.36,ANON002.SZ,11.64,3600.0,1,156092
2000-01-02 09:18:37.2,ANON002.SZ,11.79,1100.0,-1,161749
2000-01-02 09:18:44.48,ANON002.SZ,11.62,5000.0,1,162801
2000-01-02 09:18:46.61,ANON002.SZ,13.01,1000.0,-1,163091
2000-01-02 09:18:59.18,ANON002.SZ,11.83,61300.0,1,164995
2000-01-02 09:19:19.27,ANON002.SZ,13.01,700.0,-1,168173
2000-01-02 09:19:20.67,ANON002.SZ,12.99,400.0,-1,168413
2000-01-02 09:19:21.29,ANON002.SZ,12.09,3700.0,-1,168526
2000-01-02 09:19:21.61,ANON002.SZ,11.98,2000.0,1,168586
2000-01-02 09:19:22.53,ANON002.SZ,11.52,5000.0,1,168724
2000-01-02 09:19:31.67,ANON002.SZ,12.66,300.0,-1,170212
2000-01-02 09:19:35.79,ANON002.SZ,13.01,500.0,-1,170863
2000-01-02 09:19:38.09,ANON002.SZ,11.88,2500.0,-1,171256
2000-01-02 09:19:40.36,ANON002.SZ,11.83,100.0,-1,171614
2000-01-02 09:19:40.67,ANON002.SZ,12.36,300.0,-1,171685
2000-01-02 09:19:41.54,ANON002.SZ,12.6,1000.0,-1,171822
2000-01-02 09:19:41.87,ANON002.SZ,11.66,1100.0,1,171872
2000-01-02 09:19:55.76,ANON002.SZ,11.88,3500.0,-1,174360
2000-01-02 09:19:57.63,ANON002.SZ,11.66,6000.0,1,174702
2000-01-02 09:20:00.38,ANON002.SZ,10.65,100.0,-1,175327
2000-01-02 09:20:01.06,ANON002.SZ,12.42,2600.0,1,175503
2000-01-02 09:20:01.06,ANON002.SZ,12.42,1200.0,1,175504
2000-01-02 09:20:01.56,ANON002.SZ,12.54,5300.0,1,175617
2000-01-02 09:20:03.04,ANON002.SZ,12.06,800.0,1,176188
2000-01-02 09:20:03.04,ANON002.SZ,12.06,200.0,1,176196
2000-01-02 09:20:04.24,ANON002.SZ,11.95,3500.0,-1,176468
2000-01-02 09:20:09.44,ANON002.SZ,11.77,1000.0,1,177262
2000-01-02 09:20:14.3,ANON002.SZ,11.8,900.0,1,178160
2000-01-02 09:20:23.21,ANON002.SZ,12.06,300.0,-1,179488
2000-01-02 09:20:23.39,ANON002.SZ,12.42,1600.0,-1,179518
2000-01-02 09:20:26.58,ANON002.SZ,11.8,600.0,1,179993
2000-01-02 09:20:30.72,ANON002.SZ,12.36,10000.0,-1,180676
2000-01-02 09:20:33.78,ANON002.SZ,11.97,200.0,-1,181137
2000-01-02 09:20:42.72,ANON002.SZ,12.39,2000.0,-1,182507
2000-01-02 09:20:45.35,ANON002.SZ,11.7,1100.0,-1,182908
2000-01-02 09:20:47.01,ANON002.SZ,11.88,1500.0,1,183180
2000-01-02 09:20:48.25,ANON002.SZ,11.81,500.0,1,183387
2000-01-02 09:20:54.05,ANON002.SZ,11.77,6200.0,1,184262
2000-01-02 09:20:55.61,ANON002.SZ,12.88,700.0,-1,184509
2000-01-02 09:21:02.16,ANON002.SZ,11.72,4800.0,1,185614
2000-01-02 09:21:10.5,ANON002.SZ,12.1,1000.0,-1,186955
2000-01-02 09:21:12.33,ANON002.SZ,11.79,500.0,1,187253
2000-01-02 09:21:15.65,ANON002.SZ,12.39,4000.0,-1,187814
2000-01-02 09:21:15.97,ANON002.SZ,12.0,100.0,-1,187845
2000-01-02 09:21:16.34,ANON002.SZ,12.28,6000.0,-1,187918
2000-01-02 09:21:17.06,ANON002.SZ,11.83,700.0,1,188048
2000-01-02 09:21:18.89,ANON002.SZ,11.64,500.0,1,188365
2000-01-02 09:21:21.76,ANON002.SZ,11.69,1000.0,1,188844
2000-01-02 09:21:22.35,ANON002.SZ,12.3,200.0,-1,188923
2000-01-02 09:21:27.32,ANON002.SZ,11.77,500.0,1,189764
2000-01-02 09:21:28.73,ANON002.SZ,11.91,1000.0,-1,190026
2000-01-02 09:21:31.61,ANON002.SZ,12.5,400.0,-1,190550
2000-01-02 09:21:41.35,ANON002.SZ,11.75,500.0,1,192220
2000-01-02 09:21:43.53,ANON002.SZ,12.0,1000.0,-1,192563
2000-01-02 09:21:44.36,ANON002.SZ,12.0,900.0,-1,192696
2000-01-02 09:21:55.62,ANON002.SZ,11.83,100.0,-1,194726
2000-01-02 09:22:01.92,ANON002.SZ,11.89,5000.0,-1,195861
2000-01-02 09:22:03.53,ANON002.SZ,11.87,200.0,1,196128
2000-01-02 09:22:04.76,ANON002.SZ,11.73,500.0,1,196335
2000-01-02 09:22:06.31,ANON002.SZ,11.78,5800.0,-1,196603
2000-01-02 09:22:07.19,ANON002.SZ,11.71,1000.0,1,196767
2000-01-02 09:22:14.91,ANON002.SZ,12.42,600.0,1,198230
2000-01-02 09:22:15.32,ANON002.SZ,12.42,200.0,1,198330
2000-01-02 09:22:16.32,ANON002.SZ,11.43,500.0,1,198520
2000-01-02 09:22:16.83,ANON002.SZ,12.07,1000.0,1,198628
2000-01-02 09:22:17.07,ANON002.SZ,12.35,23900.0,-1,198672
2000-01-02 09:22:18.04,ANON002.SZ,11.85,5100.0,1,198850
2000-01-02 09:22:20.18,ANON002.SZ,11.71,500.0,1,199222
2000-01-02 09:22:24.3,ANON002.SZ,11.97,200.0,-1,199996
2000-01-02 09:22:24.34,ANON002.SZ,11.62,1000.0,1,200012
2000-01-02 09:22:26.81,ANON002.SZ,11.8,300.0,1,200512
2000-01-02 09:22:27.98,ANON002.SZ,11.85,10000.0,1,200732
2000-01-02 09:22:30.36,ANON002.SZ,11.69,5000.0,1,201212
2000-01-02 09:22:30.76,ANON002.SZ,11.83,3000.0,1,201295
2000-01-02 09:22:33.29,ANON002.SZ,11.85,4400.0,1,201821
2000-01-02 09:22:37.63,ANON002.SZ,11.83,2200.0,1,202697
2000-01-02 09:22:38.92,ANON002.SZ,11.53,1000.0,1,202975
2000-01-02 09:22:45.23,ANON002.SZ,12.03,100.0,-1,204341
2000-01-02 09:22:56.05,ANON002.SZ,11.83,2100.0,1,206740
2000-01-02 09:23:00.44,ANON002.SZ,12.13,24100.0,-1,207722
2000-01-02 09:23:06.41,ANON002.SZ,12.16,200.0,-1,209058
2000-01-02 09:23:08.49,ANON002.SZ,12.3,600.0,-1,209515
2000-01-02 09:23:10.29,ANON002.SZ,11.9,300.0,-1,209965
2000-01-02 09:23:10.32,ANON002.SZ,11.85,200.0,-1,209975
2000-01-02 09:23:11.51,ANON002.SZ,12.11,200.0,-1,210289
2000-01-02 09:23:13.2,ANON002.SZ,12.99,2100.0,-1,210690
2000-01-02 09:23:13.5,ANON002.SZ,11.88,500.0,1,210756
2000-01-02 09:23:15.57,ANON002.SZ,11.85,15600.0,1,211235
2000-01-02 09:23:16.28,ANON002.SZ,11.85,8000.0,1,211416
2000-01-02 09:23:20.06,ANON002.SZ,12.18,500.0,-1,212407
2000-01-02 09:23:20.13,ANON002.SZ,11.87,1700.0,1,212420
2000-01-02 09:23:20.7,ANON002.SZ,11.86,200.0,1,212557
2000-01-02 09:23:22.77,ANON002.SZ,11.79,5000.0,-1,213018
2000-01-02 09:23:25.92,ANON002.SZ,11.68,1600.0,1,213811
2000-01-02 09:23:26.62,ANON002.SZ,13.01,100.0,-1,214002
2000-01-02 09:23:27.33,ANON002.SZ,11.5,100.0,-1,214191
2000-01-02 09:23:27.33,ANON002.SZ,12.42,100.0,1,214193
2000-01-02 09:23:27.94,ANON002.SZ,11.99,1000.0,-1,214373
2000-01-02 09:23:29.26,ANON002.SZ,11.62,800.0,-1,214734
2000-01-02 09:23:29.38,ANON002.SZ,11.85,500.0,1,214775
2000-01-02 09:23:29.45,ANON002.SZ,11.63,3000.0,1,214790
2000-01-02 09:23:29.57,ANON002.SZ,11.88,600.0,-1,214828
2000-01-02 09:23:31,ANON002.SZ,11.77,20500.0,1,215201
2000-01-02 09:23:33.34,ANON002.SZ,12.88,2000.0,-1,215805
2000-01-02 09:23:33.87,ANON002.SZ,12.04,200.0,-1,215948
2000-01-02 09:23:36.06,ANON002.SZ,11.85,100.0,1,216504
2000-01-02 09:23:37.15,ANON002.SZ,12.06,200.0,1,216827
2000-01-02 09:23:38.57,ANON002.SZ,11.87,20000.0,1,217205
2000-01-02 09:23:41.2,ANON002.SZ,11.85,1500.0,1,217874
2000-01-02 09:23:47.18,ANON002.SZ,11.78,1500.0,-1,219447
2000-01-02 09:23:48.31,ANON002.SZ,11.85,100.0,1,219757
2000-01-02 09:23:51.81,ANON002.SZ,11.9,1000.0,1,220664
2000-01-02 09:23:53.91,ANON002.SZ,11.9,3000.0,1,221223
2000-01-02 09:23:57.15,ANON002.SZ,11.64,100.0,-1,222144
2000-01-02 09:23:58.75,ANON002.SZ,11.69,6000.0,1,222557
2000-01-02 09:23:59.46,ANON002.SZ,12.04,1000.0,-1,222765
2000-01-02 09:24:00.04,ANON002.SZ,12.42,1400.0,1,222961
2000-01-02 09:24:03.02,ANON002.SZ,11.83,14400.0,-1,223988
2000-01-02 09:24:03.32,ANON002.SZ,12.42,300.0,1,224116
2000-01-02 09:24:04.72,ANON002.SZ,11.78,1100.0,1,224616
2000-01-02 09:24:06.62,ANON002.SZ,11.85,2700.0,1,225190
2000-01-02 09:24:06.63,ANON002.SZ,11.94,300.0,-1,225191
2000-01-02 09:24:06.69,ANON002.SZ,10.65,1800.0,-1,225215
2000-01-02 09:24:10.95,ANON002.SZ,11.62,200.0,-1,226683
2000-01-02 09:24:11.78,ANON002.SZ,11.96,900.0,-1,226999
2000-01-02 09:24:15.28,ANON002.SZ,11.62,100.0,-1,228448
2000-01-02 09:24:15.88,ANON002.SZ,11.86,300.0,1,228683
2000-01-02 09:24:16.22,ANON002.SZ,12.02,50000.0,-1,228829
2000-01-02 09:24:17.46,ANON002.SZ,13.01,5000.0,-1,229309
2000-01-02 09:24:18.16,ANON002.SZ,11.85,5000.0,-1,229592
2000-01-02 09:24:19.43,ANON002.SZ,11.89,4300.0,1,230077
2000-01-02 09:24:19.49,ANON002.SZ,11.83,1700.0,-1,230121
2000-01-02 09:24:19.7,ANON002.SZ,11.85,5000.0,1,230227
2000-01-02 09:24:20.95,ANON002.SZ,11.62,1300.0,-1,230746
2000-01-02 09:24:21.33,ANON002.SZ,12.42,100.0,1,230945
2000-01-02 09:24:22.82,ANON002.SZ,11.87,1000.0,1,231589
2000-01-02 09:24:24.38,ANON002.SZ,11.9,2600.0,-1,232250
2000-01-02 09:24:25.42,ANON002.SZ,11.9,30000.0,1,232667
2000-01-02 09:24:25.42,ANON002.SZ,11.83,2000.0,-1,232668
2000-01-02 09:24:25.71,ANON002.SZ,12.52,700.0,-1,232813
2000-01-02 09:24:26.49,ANON002.SZ,11.95,3000.0,-1,233147
2000-01-02 09:24:28.62,ANON002.SZ,11.88,2000.0,1,234026
2000-01-02 09:24:29.42,ANON002.SZ,11.87,10000.0,1,234400
2000-01-02 09:24:30.11,ANON002.SZ,11.91,200.0,1,234682
2000-01-02 09:24:30.32,ANON002.SZ,12.42,100.0,1,234788
2000-01-02 09:24:30.69,ANON002.SZ,11.2,80000.0,1,234994
2000-01-02 09:24:32.39,ANON002.SZ,11.96,200.0,1,235792
2000-01-02 09:24:32.67,ANON002.SZ,11.82,900.0,1,235906
2000-01-02 09:24:33.12,ANON002.SZ,11.79,2500.0,-1,236106
2000-01-02 09:24:33.81,ANON002.SZ,12.93,10000.0,-1,236409
2000-01-02 09:24:35.36,ANON002.SZ,11.84,13100.0,-1,237112
2000-01-02 09:24:36.59,ANON002.SZ,11.94,3000.0,-1,237677
2000-01-02 09:24:38.12,ANON002.SZ,10.65,100.0,-1,238443
2000-01-02 09:24:39.33,ANON002.SZ,12.42,300.0,1,239103
2000-01-02 09:24:39.81,ANON002.SZ,11.99,5000.0,1,239354
2000-01-02 09:24:40.56,ANON002.SZ,11.82,3800.0,1,239766
2000-01-02 09:24:41.04,ANON002.SZ,11.28,100.0,-1,240008
2000-01-02 09:24:43.48,ANON002.SZ,12.14,5000.0,-1,241305
2000-01-02 09:24:44.44,ANON002.SZ,12.47,300.0,1,241789
2000-01-02 09:24:44.47,ANON002.SZ,12.47,500.0,1,241822
2000-01-02 09:24:44.51,ANON002.SZ,12.47,600.0,1,241876
2000-01-02 09:24:44.61,ANON002.SZ,12.47,200.0,1,241956
2000-01-02 09:24:46.78,ANON002.SZ,11.8,1600.0,-1,243097
2000-01-02 09:24:49.88,ANON002.SZ,11.85,22200.0,1,245348
2000-01-02 09:24:50.01,ANON002.SZ,11.4,100.0,-1,245466
2000-01-02 09:24:51.44,ANON002.SZ,11.75,400.0,1,246730
2000-01-02 09:24:53.24,ANON002.SZ,11.87,2000.0,1,248071
2000-01-02 09:24:53.65,ANON002.SZ,11.88,2900.0,1,248573
2000-01-02 09:24:53.74,ANON002.SZ,11.92,20000.0,1,248668
2000-01-02 09:24:54.87,ANON002.SZ,11.87,5000.0,-1,249618
2000-01-02 09:24:55.25,ANON002.SZ,11.76,200.0,-1,249855
2000-01-02 09:24:56.02,ANON002.SZ,11.82,200.0,-1,250645
2000-01-02 09:24:56.06,ANON002.SZ,11.87,10800.0,1,250771
2000-01-02 09:24:56.5,ANON002.SZ,12.23,700.0,1,251675
2000-01-02 09:24:56.53,ANON002.SZ,12.23,500.0,1,251768
2000-01-02 09:24:56.67,ANON002.SZ,12.23,600.0,1,252119
2000-01-02 09:24:57.33,ANON002.SZ,12.42,100.0,1,253543
2000-01-02 09:24:57.34,ANON002.SZ,11.99,10000.0,1,253582
2000-01-02 09:24:57.36,ANON002.SZ,12.08,5000.0,-1,253624
2000-01-02 09:24:57.74,ANON002.SZ,12.42,35100.0,1,254419
2000-01-02 09:24:57.76,ANON002.SZ,12.0,18200.0,1,254477
2000-01-02 09:24:57.91,ANON002.SZ,11.7,100.0,-1,254740
2000-01-02 09:24:58.31,ANON002.SZ,11.87,500.0,1,255709
2000-01-02 09:24:58.37,ANON002.SZ,12.23,500.0,1,255867
2000-01-02 09:24:58.68,ANON002.SZ,11.99,17700.0,1,256517
2000-01-02 09:24:58.7,ANON002.SZ,11.71,900.0,1,256579
2000-01-02 09:24:58.79,ANON002.SZ,11.51,5800.0,-1,256869
2000-01-02 09:24:58.89,ANON002.SZ,11.85,200.0,-1,257077
2000-01-02 09:24:58.98,ANON002.SZ,11.51,7200.0,-1,257287
2000-01-02 09:24:59.13,ANON002.SZ,11.9,3000.0,1,257569
2000-01-02 09:24:59.18,ANON002.SZ,11.51,8200.0,-1,257683
2000-01-02 09:24:59.52,ANON002.SZ,12.0,2000.0,1,258190
2000-01-02 09:24:59.55,ANON002.SZ,12.0,5600.0,1,258268
2000-01-02 09:24:59.58,ANON002.SZ,12.13,18000.0,1,258386
2000-01-02 09:24:59.61,ANON002.SZ,12.13,2700.0,1,258514
2000-01-02 09:24:59.67,ANON002.SZ,12.35,700.0,1,258855
2000-01-02 09:24:59.75,ANON002.SZ,12.01,4800.0,1,259110
2000-01-02 09:24:59.79,ANON002.SZ,12.36,1500.0,-1,259248
2000-01-02 09:24:59.82,ANON002.SZ,12.34,13900.0,1,259316
2000-01-02 09:24:59.83,ANON002.SZ,10.65,400.0,-1,259371
2000-01-02 09:24:59.88,ANON002.SZ,12.34,5800.0,1,259608
2000-01-02 09:24:59.9,ANON002.SZ,12.18,3500.0,-1,259754
2000-01-02 09:30:00.03,ANON002.SZ,12.0,100.0,-1,306299
2000-01-02 09:30:00.03,ANON002.SZ,12.08,100.0,-1,307124
2000-01-02 09:30:00.03,ANON002.SZ,11.98,3500.0,-1,307849
2000-01-02 09:30:00.03,ANON002.SZ,11.98,3500.0,-1,307863
2000-01-02 09:30:00.03,ANON002.SZ,12.15,2000.0,-1,307940
2000-01-02 09:30:00.03,ANON002.SZ,11.99,1000.0,1,308519
2000-01-02 09:30:00.03,ANON002.SZ,12.8,900.0,-1,308539
2000-01-02 09:30:00.04,ANON002.SZ,12.98,100.0,-1,310222
2000-01-02 09:30:00.04,ANON002.SZ,12.35,10000.0,-1,310320
2000-01-02 09:30:00.04,ANON002.SZ,11.99,2800.0,1,310696
2000-01-02 09:30:00.04,ANON002.SZ,12.19,500.0,-1,311149
2000-01-02 09:30:00.04,ANON002.SZ,12.14,1500.0,-1,312989
2000-01-02 09:30:00.04,ANON002.SZ,11.99,200.0,1,313344
2000-01-02 09:30:00.04,ANON002.SZ,11.92,200.0,1,313980
2000-01-02 09:30:00.04,ANON002.SZ,12.0,1400.0,-1,314252
2000-01-02 09:30:00.04,ANON002.SZ,12.0,1000.0,1,314425
2000-01-02 09:30:00.04,ANON002.SZ,11.97,1000.0,-1,315317
2000-01-02 09:30:00.04,ANON002.SZ,11.8,600.0,1,315350
2000-01-02 09:30:00.04,ANON002.SZ,11.98,5000.0,-1,316149
2000-01-02 09:30:00.05,ANON002.SZ,11.88,4000.0,1,317004
2000-01-02 09:30:00.05,ANON002.SZ,11.77,14100.0,1,317986
2000-01-02 09:30:00.05,ANON002.SZ,11.85,1700.0,1,318609
2000-01-02 09:30:00.05,ANON002.SZ,11.95,1000.0,-1,318942
2000-01-02 09:30:00.05,ANON002.SZ,11.89,3000.0,1,319605
2000-01-02 09:30:00.05,ANON002.SZ,11.91,500.0,1,319946
2000-01-02 09:30:00.05,ANON002.SZ,11.91,1500.0,1,320000
2000-01-02 09:30:00.06,ANON002.SZ,12.99,500.0,-1,320920
2000-01-02 09:30:00.06,ANON002.SZ,11.99,2000.0,-1,321583
2000-01-02 09:30:00.06,ANON002.SZ,11.99,500.0,-1,321900
2000-01-02 09:30:00.07,ANON002.SZ,11.78,1500.0,-1,325396
2000-01-02 09:30:00.07,ANON002.SZ,12.01,3000.0,-1,325940
2000-01-02 09:30:00.08,ANON002.SZ,11.65,300.0,1,326119
2000-01-02 09:30:00.08,ANON002.SZ,11.91,3000.0,1,326300
2000-01-02 09:30:00.08,ANON002.SZ,11.87,200.0,1,327274
2000-01-02 09:30:00.08,ANON002.SZ,11.99,500.0,1,327783
2000-01-02 09:30:00.08,ANON002.SZ,12.0,3000.0,-1,328529
2000-01-02 09:30:00.08,ANON002.SZ,12.11,300.0,-1,328552
2000-01-02 09:30:00.08,ANON002.SZ,12.12,2800.0,-1,329010
2000-01-02 09:30:00.09,ANON002.SZ,11.99,4100.0,1,330443
2000-01-02 09:30:00.09,ANON002.SZ,12.03,2000.0,-1,333107
2000-01-02 09:30:00.09,ANON002.SZ,11.84,1000.0,1,333525
2000-01-02 09:30:00.1,ANON002.SZ,12.1,100.0,-1,334312
2000-01-02 09:30:00.1,ANON002.SZ,11.99,800.0,1,335898
2000-01-02 09:30:00.1,ANON002.SZ,11.87,20000.0,1,337612
2000-01-02 09:30:00.1,ANON002.SZ,13.0,2500.0,-1,337787
2000-01-02 09:30:00.1,ANON002.SZ,11.99,200.0,1,337797
2000-01-02 09:30:00.1,ANON002.SZ,11.99,100.0,1,337844
2000-01-02 09:30:00.1,ANON002.SZ,12.03,1200.0,-1,338000
2000-01-02 09:30:00.1,ANON002.SZ,12.16,1000.0,-1,338016
2000-01-02 09:30:00.1,ANON002.SZ,11.62,2500.0,1,338274
2000-01-02 09:30:00.11,ANON002.SZ,11.99,1000.0,-1,339393
2000-01-02 09:30:00.11,ANON002.SZ,12.35,500.0,-1,339837
2000-01-02 09:30:00.11,ANON002.SZ,12.04,1300.0,1,341393
2000-01-02 09:30:00.11,ANON002.SZ,11.99,500.0,1,341450
2000-01-02 09:30:00.11,ANON002.SZ,11.98,1000.0,-1,341887
2000-01-02 09:30:00.11,ANON002.SZ,11.99,100.0,1,343560
2000-01-02 09:30:00.11,ANON002.SZ,12.0,2100.0,1,343629
2000-01-02 09:30:00.11,ANON002.SZ,12.04,100.0,1,344174
2000-01-02 09:30:00.12,ANON002.SZ,11.83,100.0,1,345007
2000-01-02 09:30:00.12,ANON002.SZ,12.01,500.0,-1,345110
2000-01-02 09:30:00.12,ANON002.SZ,12.76,600.0,-1,345282
2000-01-02 09:30:00.12,ANON002.SZ,11.63,2500.0,1,346339
2000-01-02 09:30:00.12,ANON002.SZ,12.88,5000.0,-1,347188
2000-01-02 09:30:00.12,ANON002.SZ,12.02,5000.0,1,347345
2000-01-02 09:30:00.12,ANON002.SZ,11.83,10000.0,-1,347493
2000-01-02 09:30:00.12,ANON002.SZ,12.0,400.0,1,348696
2000-01-02 09:30:00.12,ANON002.SZ,12.0,1000.0,1,348739
2000-01-02 09:30:00.13,ANON002.SZ,11.98,300.0,-1,348941
2000-01-02 09:30:00.13,ANON002.SZ,12.03,3000.0,-1,349241
2000-01-02 09:30:00.13,ANON002.SZ,11.99,5000.0,1,349452
2000-01-02 09:30:00.13,ANON002.SZ,11.9,5000.0,1,349531
2000-01-02 09:30:00.13,ANON002.SZ,12.21,900.0,1,350453
2000-01-02 09:30:00.13,ANON002.SZ,11.99,100.0,1,351333
2000-01-02 09:30:00.13,ANON002.SZ,11.91,11500.0,1,352186
2000-01-02 09:30:00.13,ANON002.SZ,12.02,50000.0,1,352390
2000-01-02 09:30:00.13,ANON002.SZ,11.96,4100.0,-1,352788
2000-01-02 09:30:00.14,ANON002.SZ,11.98,300.0,-1,353231
2000-01-02 09:30:00.14,ANON002.SZ,11.99,100.0,1,353419
2000-01-02 09:30:00.14,ANON002.SZ,12.05,200.0,-1,354586
2000-01-02 09:30:00.14,ANON002.SZ,11.99,800.0,1,356176
2000-01-02 09:30:00.14,ANON002.SZ,12.0,200.0,-1,356271
2000-01-02 09:30:00.14,ANON002.SZ,11.99,500.0,1,356739
2000-01-02 09:30:00.15,ANON002.SZ,11.88,500.0,1,359511
2000-01-02 09:30:00.15,ANON002.SZ,11.96,200.0,-1,360152
2000-01-02 09:30:00.16,ANON002.SZ,11.8,2000.0,1,360543
2000-01-02 09:30:00.16,ANON002.SZ,13.01,1000.0,-1,360602
2000-01-02 09:30:00.16,ANON002.SZ,12.05,300.0,-1,360931
2000-01-02 09:30:00.16,ANON002.SZ,11.81,1000.0,1,360992
2000-01-02 09:30:00.16,ANON002.SZ,11.99,100.0,1,361417
2000-01-02 09:30:00.16,ANON002.SZ,11.7,3600.0,1,361570
2000-01-02 09:30:00.16,ANON002.SZ,11.98,200.0,1,361765
2000-01-02 09:30:00.16,ANON002.SZ,12.09,300.0,-1,362013
2000-01-02 09:30:00.16,ANON002.SZ,12.0,1100.0,1,362369
2000-01-02 09:30:00.16,ANON002.SZ,11.98,500.0,-1,362381
2000-01-02 09:30:00.16,ANON002.SZ,11.99,300.0,-1,362395
2000-01-02 09:30:00.16,ANON002.SZ,12.08,20000.0,-1,363139
2000-01-02 09:30:00.17,ANON002.SZ,12.0,2000.0,1,363577
2000-01-02 09:30:00.17,ANON002.SZ,12.12,5000.0,-1,364584
2000-01-02 09:30:00.17,ANON002.SZ,12.13,5000.0,-1,364586
2000-01-02 09:30:00.17,ANON002.SZ,12.14,5000.0,-1,364665
2000-01-02 09:30:00.17,ANON002.SZ,12.15,5000.0,-1,364682
2000-01-02 09:30:00.17,ANON002.SZ,11.99,8000.0,1,365249
2000-01-02 09:30:00.17,ANON002.SZ,12.11,5000.0,-1,365632
2000-01-02 09:30:00.17,ANON002.SZ,12.2,500.0,-1,365690
2000-01-02 09:30:00.17,ANON002.SZ,11.99,1000.0,1,365871
2000-01-02 09:30:00.17,ANON002.SZ,12.08,800.0,-1,365877
2000-01-02 09:30:00.17,ANON002.SZ,11.95,700.0,-1,366796
2000-01-02 09:30:00.18,ANON002.SZ,11.97,500.0,-1,368362
2000-01-02 09:30:00.18,ANON002.SZ,11.71,5000.0,1,368445
2000-01-02 09:30:00.18,ANON002.SZ,11.96,400.0,1,369122
2000-01-02 09:30:00.18,ANON002.SZ,11.66,30000.0,1,369617
2000-01-02 09:30:00.18,ANON002.SZ,11.8,2000.0,1,370423
2000-01-02 09:30:00.18,ANON002.SZ,11.68,1000.0,1,370678
2000-01-02 09:30:00.19,ANON002.SZ,11.88,500.0,1,370907
2000-01-02 09:30:00.19,ANON002.SZ,11.8,500.0,1,371464
2000-01-02 09:30:00.19,ANON002.SZ,11.88,500.0,1,371654
2000-01-02 09:30:00.19,ANON002.SZ,11.98,200.0,-1,372507
2000-01-02 09:30:00.2,ANON002.SZ,13.01,800.0,-1,373481
2000-01-02 09:30:00.2,ANON002.SZ,11.88,3000.0,1,373774
2000-01-02 09:30:00.2,ANON002.SZ,11.98,300.0,-1,373865
2000-01-02 09:30:00.2,ANON002.SZ,11.99,300.0,1,374693
2000-01-02 09:30:00.2,ANON002.SZ,12.12,1600.0,1,375239
2000-01-02 09:30:00.2,ANON002.SZ,11.95,200.0,-1,375842
2000-01-02 09:30:00.2,ANON002.SZ,11.95,200.0,-1,375880
2000-01-02 09:30:00.2,ANON002.SZ,11.98,1000.0,-1,376155
2000-01-02 09:30:00.21,ANON002.SZ,12.05,2000.0,-1,376645
2000-01-02 09:30:00.21,ANON002.SZ,12.12,1000.0,-1,376751
2000-01-02 09:30:00.21,ANON002.SZ,12.0,500.0,1,377484
2000-01-02 09:30:00.21,ANON002.SZ,11.98,33300.0,-1,377533
2000-01-02 09:30:00.21,ANON002.SZ,12.05,1700.0,-1,377676
2000-01-02 09:30:00.21,ANON002.SZ,12.0,2000.0,1,378349
2000-01-02 09:30:00.21,ANON002.SZ,12.03,1500.0,1,378488
2000-01-02 09:30:00.22,ANON002.SZ,12.0,100.0,1,379226
2000-01-02 09:30:00.22,ANON002.SZ,11.9,900.0,1,379733
2000-01-02 09:30:00.22,ANON002.SZ,12.1,1200.0,1,379858
2000-01-02 09:30:00.22,ANON002.SZ,12.29,300.0,-1,379872
2000-01-02 09:30:00.22,ANON002.SZ,12.19,8600.0,-1,380630
2000-01-02 09:30:00.22,ANON002.SZ,12.0,900.0,1,380643
2000-01-02 09:30:00.23,ANON002.SZ,11.98,400.0,-1,380933
2000-01-02 09:30:00.23,ANON002.SZ,11.98,800.0,-1,381229
2000-01-02 09:30:00.23,ANON002.SZ,12.02,1000.0,-1,381516
2000-01-02 09:30:00.23,ANON002.SZ,11.99,500.0,1,382133
2000-01-02 09:30:00.24,ANON002.SZ,12.02,900.0,1,383357
2000-01-02 09:30:00.24,ANON002.SZ,12.09,400.0,-1,383875
2000-01-02 09:30:00.24,ANON002.SZ,11.99,200.0,1,384245
2000-01-02 09:30:00.24,ANON002.SZ,12.01,500.0,-1,384438
2000-01-02 09:30:00.24,ANON002.SZ,11.98,100.0,-1,384707
2000-01-02 09:30:00.24,ANON002.SZ,12.06,10100.0,-1,384722
2000-01-02 09:30:00.24,ANON002.SZ,11.99,100.0,1,384787
2000-01-02 09:30:00.25,ANON002.SZ,11.99,700.0,-1,385247
2000-01-02 09:30:00.25,ANON002.SZ,12.02,5700.0,1,385634
2000-01-02 09:30:00.25,ANON002.SZ,12.02,1200.0,1,385636
2000-01-02 09:30:00.25,ANON002.SZ,11.97,8600.0,-1,386141
2000-01-02 09:30:00.25,ANON002.SZ,11.86,2200.0,1,386167
2000-01-02 09:30:00.25,ANON002.SZ,11.99,1000.0,1,386472
2000-01-02 09:30:00.25,ANON002.SZ,11.98,100.0,-1,386635
2000-01-02 09:30:00.25,ANON002.SZ,11.99,2000.0,1,386743
2000-01-02 09:30:00.26,ANON002.SZ,11.98,1000.0,-1,387877
2000-01-02 09:30:00.26,ANON002.SZ,11.99,300.0,-1,388349
2000-01-02 09:30:00.26,ANON002.SZ,11.99,800.0,1,388592
2000-01-02 09:30:00.27,ANON002.SZ,11.99,2600.0,1,389867
2000-01-02 09:30:00.27,ANON002.SZ,11.99,500.0,1,390092
2000-01-02 09:30:00.27,ANON002.SZ,11.9,2000.0,-1,390480
2000-01-02 09:30:00.27,ANON002.SZ,12.0,200.0,-1,390923
2000-01-02 09:30:00.27,ANON002.SZ,11.99,1400.0,1,391164
2000-01-02 09:30:00.27,ANON002.SZ,11.96,100.0,-1,391243
2000-01-02 09:30:00.28,ANON002.SZ,12.03,800.0,-1,391303
2000-01-02 09:30:00.28,ANON002.SZ,13.0,500.0,-1,391356
2000-01-02 09:30:00.28,ANON002.SZ,11.93,3400.0,1,391858
2000-01-02 09:30:00.28,ANON002.SZ,11.99,100.0,1,391865
2000-01-02 09:30:00.28,ANON002.SZ,11.97,10000.0,1,392242
2000-01-02 09:30:00.28,ANON002.SZ,11.98,300.0,-1,392542
2000-01-02 09:30:00.29,ANON002.SZ,12.0,2100.0,1,393515
2000-01-02 09:30:00.29,ANON002.SZ,11.9,12500.0,1,393711
2000-01-02 09:30:00.29,ANON002.SZ,11.83,900.0,1,394191
2000-01-02 09:30:00.29,ANON002.SZ,11.88,500.0,1,394535
2000-01-02 09:30:00.3,ANON002.SZ,12.0,100.0,1,395326
2000-01-02 09:30:00.3,ANON002.SZ,11.99,1600.0,1,395745
2000-01-02 09:30:00.31,ANON002.SZ,13.01,500.0,-1,396528
2000-01-02 09:30:00.31,ANON002.SZ,11.96,100.0,-1,397176
2000-01-02 09:30:00.32,ANON002.SZ,11.98,15000.0,-1,397301
2000-01-02 09:30:00.32,ANON002.SZ,12.49,5000.0,-1,397552
2000-01-02 09:30:00.32,ANON002.SZ,11.98,1500.0,-1,398205
2000-01-02 09:30:00.32,ANON002.SZ,12.13,900.0,1,398487
2000-01-02 09:30:00.32,ANON002.SZ,11.99,200.0,1,398517
2000-01-02 09:30:00.33,ANON002.SZ,12.0,1000.0,1,399774
2000-01-02 09:30:00.33,ANON002.SZ,12.39,7600.0,-1,400017
2000-01-02 09:30:00.33,ANON002.SZ,11.98,100.0,-1,400044
2000-01-02 09:30:00.33,ANON002.SZ,11.98,100.0,-1,400721
2000-01-02 09:30:00.34,ANON002.SZ,12.01,500.0,-1,400762
2000-01-02 09:30:00.34,ANON002.SZ,12.15,500.0,-1,400786
2000-01-02 09:30:00.34,ANON002.SZ,11.85,1000.0,1,401002
2000-01-02 09:30:00.34,ANON002.SZ,12.09,200.0,-1,401119
2000-01-02 09:30:00.34,ANON002.SZ,11.99,200.0,1,401211
2000-01-02 09:30:00.34,ANON002.SZ,12.02,300.0,-1,401463
2000-01-02 09:30:00.34,ANON002.SZ,11.88,5800.0,1,402246
2000-01-02 09:30:00.35,ANON002.SZ,11.99,300.0,1,403032
2000-01-02 09:30:00.36,ANON002.SZ,12.0,500.0,-1,403643
2000-01-02 09:30:00.36,ANON002.SZ,12.0,10000.0,1,404077
2000-01-02 09:30:00.36,ANON002.SZ,11.5,500.0,1,404232
2000-01-02 09:30:00.36,ANON002.SZ,11.99,100.0,-1,404616
2000-01-02 09:30:00.37,ANON002.SZ,12.09,2000.0,-1,406050
2000-01-02 09:30:00.37,ANON002.SZ,11.99,100.0,-1,406334
2000-01-02 09:30:00.38,ANON002.SZ,11.99,100.0,-1,406484
2000-01-02 09:30:00.38,ANON002.SZ,11.98,200.0,1,406486
2000-01-02 09:30:00.38,ANON002.SZ,12.1,500.0,-1,406932
2000-01-02 09:30:00.39,ANON002.SZ,11.98,400.0,-1,408125
2000-01-02 09:30:00.39,ANON002.SZ,11.99,500.0,1,408345
2000-01-02 09:30:00.4,ANON002.SZ,11.99,5400.0,-1,409010
2000-01-02 09:30:00.4,ANON002.SZ,12.0,200.0,1,409289
2000-01-02 09:30:00.4,ANON002.SZ,11.99,6200.0,1,409325
2000-01-02 09:30:00.4,ANON002.SZ,12.17,10000.0,-1,409423
2000-01-02 09:30:00.41,ANON002.SZ,12.0,200.0,-1,409747
2000-01-02 09:30:00.41,ANON002.SZ,11.99,100.0,1,409865
2000-01-02 09:30:00.41,ANON002.SZ,12.0,2500.0,-1,409896
2000-01-02 09:30:00.41,ANON002.SZ,11.98,100.0,-1,410222
2000-01-02 09:30:00.41,ANON002.SZ,11.99,100.0,-1,410341
2000-01-02 09:30:00.41,ANON002.SZ,11.97,100.0,-1,410438
2000-01-02 09:30:00.42,ANON002.SZ,12.09,5000.0,-1,410793
2000-01-02 09:30:00.42,ANON002.SZ,12.38,5000.0,-1,410798
2000-01-02 09:30:00.42,ANON002.SZ,12.49,5000.0,-1,410813
2000-01-02 09:30:00.42,ANON002.SZ,12.0,2000.0,-1,411069
2000-01-02 09:30:00.42,ANON002.SZ,11.99,3100.0,1,411322
2000-01-02 09:30:00.42,ANON002.SZ,11.98,3000.0,-1,411507
2000-01-02 09:30:00.42,ANON002.SZ,13.01,400.0,-1,411554
2000-01-02 09:30:00.42,ANON002.SZ,12.22,500.0,-1,411573
2000-01-02 09:30:00.42,ANON002.SZ,11.94,14000.0,1,411589
2000-01-02 09:30:00.42,ANON002.SZ,12.4,1000.0,-1,411618
2000-01-02 09:30:00.42,ANON002.SZ,12.5,1000.0,-1,411627
2000-01-02 09:30:00.42,ANON002.SZ,12.3,1000.0,-1,411656
2000-01-02 09:30:00.42,ANON002.SZ,12.0,200.0,-1,411758
2000-01-02 09:30:00.43,ANON002.SZ,11.98,100.0,-1,412775
2000-01-02 09:30:00.43,ANON002.SZ,11.97,200.0,1,413020
2000-01-02 09:30:00.44,ANON002.SZ,13.0,300.0,-1,413321
2000-01-02 09:30:00.44,ANON002.SZ,11.98,100.0,-1,413868
2000-01-02 09:30:00.44,ANON002.SZ,11.96,800.0,-1,413917
2000-01-02 09:30:00.45,ANON002.SZ,12.01,5000.0,-1,414387
2000-01-02 09:30:00.45,ANON002.SZ,12.8,2200.0,-1,414666
2000-01-02 09:30:00.46,ANON002.SZ,12.08,700.0,-1,415998
2000-01-02 09:30:00.47,ANON002.SZ,11.98,200.0,1,416224
2000-01-02 09:30:00.47,ANON002.SZ,11.96,100.0,-1,416599
2000-01-02 09:30:00.47,ANON002.SZ,11.99,100.0,-1,416660
2000-01-02 09:30:00.48,ANON002.SZ,11.98,3000.0,1,417233
2000-01-02 09:30:00.48,ANON002.SZ,11.99,4000.0,1,417529
2000-01-02 09:30:00.48,ANON002.SZ,12.19,1000.0,-1,417779
2000-01-02 09:30:00.48,ANON002.SZ,11.9,200.0,-1,418037
2000-01-02 09:30:00.49,ANON002.SZ,11.98,1000.0,-1,418594
2000-01-02 09:30:00.49,ANON002.SZ,11.96,1000.0,1,418841
2000-01-02 09:30:00.5,ANON002.SZ,11.98,1900.0,-1,419657
2000-01-02 09:30:00.5,ANON002.SZ,12.15,18000.0,-1,419664
2000-01-02 09:30:00.5,ANON002.SZ,12.05,9600.0,-1,419671
2000-01-02 09:30:00.5,ANON002.SZ,11.97,100.0,-1,419712
2000-01-02 09:30:00.51,ANON002.SZ,11.99,300.0,1,420042
2000-01-02 09:30:00.51,ANON002.SZ,11.99,400.0,1,420643
2000-01-02 09:30:00.51,ANON002.SZ,11.89,3000.0,1,420981
2000-01-02 09:30:00.52,ANON002.SZ,11.95,2000.0,-1,421068
2000-01-02 09:30:00.53,ANON002.SZ,11.95,7300.0,-1,422088
2000-01-02 09:30:00.54,ANON002.SZ,12.07,7300.0,-1,422688
2000-01-02 09:30:00.54,ANON002.SZ,12.01,4800.0,1,422751
2000-01-02 09:30:00.54,ANON002.SZ,12.02,4800.0,1,422937
2000-01-02 09:30:00.54,ANON002.SZ,11.85,100.0,1,423058
2000-01-02 09:30:00.55,ANON002.SZ,11.96,800.0,1,423293
2000-01-02 09:30:00.55,ANON002.SZ,11.97,200.0,1,423428
2000-01-02 09:30:00.55,ANON002.SZ,12.02,2800.0,1,423522
2000-01-02 09:30:00.55,ANON002.SZ,12.1,500.0,-1,423535
2000-01-02 09:30:00.55,ANON002.SZ,12.02,500.0,1,423552
2000-01-02 09:30:00.55,ANON002.SZ,12.01,1000.0,-1,423637
2000-01-02 09:30:00.57,ANON002.SZ,11.99,300.0,1,424918
2000-01-02 09:30:00.57,ANON002.SZ,12.1,100.0,1,424954
2000-01-02 09:30:00.57,ANON002.SZ,11.92,300.0,1,425210
2000-01-02 09:30:00.57,ANON002.SZ,11.98,300.0,-1,425277
2000-01-02 09:30:00.57,ANON002.SZ,12.09,12100.0,-1,425438
2000-01-02 09:30:00.57,ANON002.SZ,12.04,800.0,1,425798
2000-01-02 09:30:00.58,ANON002.SZ,12.75,500.0,-1,426453
2000-01-02 09:30:00.58,ANON002.SZ,11.81,500.0,1,426488
2000-01-02 09:30:00.58,ANON002.SZ,11.97,1300.0,-1,426542
2000-01-02 09:30:00.58,ANON002.SZ,12.0,500.0,1,426610
2000-01-02 09:30:00.59,ANON002.SZ,12.0,4500.0,-1,427421
2000-01-02 09:30:00.59,ANON002.SZ,12.0,3000.0,1,427460
2000-01-02 09:30:00.6,ANON002.SZ,11.97,300.0,1,428210
2000-01-02 09:30:00.6,ANON002.SZ,12.14,4500.0,-1,428253
2000-01-02 09:30:00.6,ANON002.SZ,12.08,1000.0,-1,428822
2000-01-02 09:30:00.61,ANON002.SZ,11.96,900.0,-1,429019
2000-01-02 09:30:00.61,ANON002.SZ,11.99,1500.0,1,429188
2000-01-02 09:30:00.61,ANON002.SZ,11.99,1200.0,1,429207
2000-01-02 09:30:00.61,ANON002.SZ,11.99,1100.0,1,429209
2000-01-02 09:30:00.61,ANON002.SZ,11.99,2100.0,1,429210
2000-01-02 09:30:00.61,ANON002.SZ,11.99,2200.0,1,429213
2000-01-02 09:30:00.61,ANON002.SZ,11.99,2000.0,1,429229
2000-01-02 09:30:00.61,ANON002.SZ,12.0,2500.0,1,429234
2000-01-02 09:30:00.61,ANON002.SZ,11.99,200.0,1,429236
2000-01-02 09:30:00.61,ANON002.SZ,11.99,7000.0,1,429240
2000-01-02 09:30:00.61,ANON002.SZ,11.99,200.0,1,429245
2000-01-02 09:30:00.61,ANON002.SZ,11.99,3200.0,1,429249
2000-01-02 09:30:00.61,ANON002.SZ,12.0,5700.0,1,429251
2000-01-02 09:30:00.61,ANON002.SZ,11.99,300.0,1,429264
2000-01-02 09:30:00.61,ANON002.SZ,12.0,3200.0,1,429268
2000-01-02 09:30:00.61,ANON002.SZ,11.99,1000.0,1,429303
2000-01-02 09:30:00.61,ANON002.SZ,11.98,100.0,1,429313
2000-01-02 09:30:00.61,ANON002.SZ,11.98,100.0,1,429320
2000-01-02 09:30:00.61,ANON002.SZ,11.98,200.0,1,429327
2000-01-02 09:30:00.61,ANON002.SZ,11.98,200.0,1,429328
2000-01-02 09:30:00.61,ANON002.SZ,11.98,100.0,1,429337
2000-01-02 09:30:00.61,ANON002.SZ,11.98,100.0,1,429349
2000-01-02 09:30:00.61,ANON002.SZ,11.98,100.0,1,429352
2000-01-02 09:30:00.61,ANON002.SZ,11.99,2700.0,1,429393
2000-01-02 09:30:00.61,ANON002.SZ,11.99,3600.0,1,429395
2000-01-02 09:30:00.61,ANON002.SZ,11.98,1500.0,1,429399
2000-01-02 09:30:00.61,ANON002.SZ,11.99,1000.0,1,429435
2000-01-02 09:30:00.61,ANON002.SZ,11.98,1000.0,-1,429636
2000-01-02 09:30:00.61,ANON002.SZ,11.98,100.0,1,429648
2000-01-02 09:30:00.62,ANON002.SZ,11.86,1000.0,1,430011
2000-01-02 09:30:00.62,ANON002.SZ,11.99,100.0,-1,430354
2000-01-02 09:30:00.62,ANON002.SZ,11.9,100.0,1,430474
2000-01-02 09:30:00.63,ANON002.SZ,12.09,5000.0,-1,430834
2000-01-02 09:30:00.63,ANON002.SZ,11.91,700.0,1,431124
2000-01-02 09:30:00.63,ANON002.SZ,11.99,100.0,-1,431395
2000-01-02 09:30:00.64,ANON002.SZ,11.98,100.0,1,431770
2000-01-02 09:30:00.64,ANON002.SZ,11.95,500.0,1,432167
2000-01-02 09:30:00.66,ANON002.SZ,11.98,200.0,1,433221
2000-01-02 09:30:00.66,ANON002.SZ,11.98,600.0,1,433984
2000-01-02 09:30:00.66,ANON002.SZ,12.51,6000.0,-1,434048
2000-01-02 09:30:00.67,ANON002.SZ,12.56,100.0,-1,434404
2000-01-02 09:30:00.67,ANON002.SZ,11.99,1500.0,1,434561
2000-01-02 09:30:00.67,ANON002.SZ,11.86,2600.0,1,434617
2000-01-02 09:30:00.68,ANON002.SZ,11.84,400.0,1,435233
2000-01-02 09:30:00.68,ANON002.SZ,11.37,7000.0,1,435284
2000-01-02 09:30:00.68,ANON002.SZ,11.82,1000.0,1,435437
2000-01-02 09:30:00.68,ANON002.SZ,11.99,100.0,1,435514
2000-01-02 09:30:00.7,ANON002.SZ,11.94,100.0,-1,437319
2000-01-02 09:30:00.71,ANON002.SZ,12.02,100.0,1,437498
2000-01-02 09:30:00.71,ANON002.SZ,11.96,900.0,-1,437769
2000-01-02 09:30:00.71,ANON002.SZ,12.97,14000.0,-1,437855
2000-01-02 09:30:00.72,ANON002.SZ,11.98,1000.0,-1,438644
2000-01-02 09:30:00.72,ANON002.SZ,11.88,1000.0,1,438783
2000-01-02 09:30:00.73,ANON002.SZ,11.99,100.0,1,438980
2000-01-02 09:30:00.74,ANON002.SZ,11.99,1000.0,1,439582
2000-01-02 09:30:00.75,ANON002.SZ,11.98,3100.0,-1,440545
2000-01-02 09:30:00.76,ANON002.SZ,11.98,1900.0,-1,440968
2000-01-02 09:30:00.76,ANON002.SZ,11.98,300.0,1,441071
2000-01-02 09:30:00.76,ANON002.SZ,11.97,200.0,1,441081
2000-01-02 09:30:00.76,ANON002.SZ,12.0,200.0,1,441385
2000-01-02 09:30:00.77,ANON002.SZ,12.22,3000.0,-1,441911
2000-01-02 09:30:00.77,ANON002.SZ,13.01,100.0,-1,441950
2000-01-02 09:30:00.77,ANON002.SZ,11.98,100.0,-1,442228
2000-01-02 09:30:00.78,ANON002.SZ,12.01,2500.0,-1,442433
2000-01-02 09:30:00.78,ANON002.SZ,11.98,1200.0,1,442495
2000-01-02 09:30:00.78,ANON002.SZ,11.99,1000.0,1,442982
2000-01-02 09:30:00.79,ANON002.SZ,12.01,5800.0,-1,443380
2000-01-02 09:30:00.79,ANON002.SZ,12.03,3500.0,1,443499
2000-01-02 09:30:00.8,ANON002.SZ,12.0,900.0,1,444178
2000-01-02 09:30:00.8,ANON002.SZ,11.81,2500.0,1,445431
2000-01-02 09:30:00.81,ANON002.SZ,11.85,1000.0,1,445891
2000-01-02 09:30:00.81,ANON002.SZ,12.05,300.0,1,446386
2000-01-02 09:30:00.82,ANON002.SZ,11.81,1600.0,1,446783
2000-01-02 09:30:00.82,ANON002.SZ,12.0,300.0,-1,446997
2000-01-02 09:30:00.83,ANON002.SZ,11.98,700.0,1,447329
2000-01-02 09:30:00.83,ANON002.SZ,11.71,1200.0,1,447508
2000-01-02 09:30:00.84,ANON002.SZ,12.09,3000.0,-1,447922
2000-01-02 09:30:00.84,ANON002.SZ,11.98,100.0,1,447965
2000-01-02 09:30:00.86,ANON002.SZ,11.92,1000.0,1,449365
2000-01-02 09:30:00.88,ANON002.SZ,11.98,100.0,-1,450554
2000-01-02 09:30:00.88,ANON002.SZ,11.98,100.0,-1,450556
2000-01-02 09:30:00.88,ANON002.SZ,11.99,200.0,1,450665
2000-01-02 09:30:00.88,ANON002.SZ,11.92,600.0,1,450702
2000-01-02 09:30:00.88,ANON002.SZ,11.98,200.0,1,450721
2000-01-02 09:30:00.88,ANON002.SZ,11.98,300.0,1,450792
2000-01-02 09:30:00.89,ANON002.SZ,12.0,500.0,1,451606
2000-01-02 09:30:00.93,ANON002.SZ,12.15,300.0,-1,454068
2000-01-02 09:30:00.94,ANON002.SZ,11.98,1500.0,1,454700
2000-01-02 09:30:00.94,ANON002.SZ,11.99,100.0,1,454804
2000-01-02 09:30:00.95,ANON002.SZ,12.58,100.0,-1,455785
2000-01-02 09:30:00.95,ANON002.SZ,12.03,14100.0,1,455820
2000-01-02 09:30:00.95,ANON002.SZ,12.98,100.0,-1,455909
2000-01-02 09:30:00.95,ANON002.SZ,11.98,100.0,1,456018
2000-01-02 09:30:00.95,ANON002.SZ,12.01,1000.0,1,456077
2000-01-02 09:30:00.96,ANON002.SZ,12.28,5000.0,-1,456325
2000-01-02 09:30:00.97,ANON002.SZ,12.07,800.0,-1,457668
2000-01-02 09:30:00.98,ANON002.SZ,11.98,1000.0,1,458186
2000-01-02 09:30:00.98,ANON002.SZ,12.0,1700.0,-1,458287
2000-01-02 09:30:00.98,ANON002.SZ,12.85,1400.0,-1,458428
2000-01-02 09:30:00.99,ANON002.SZ,12.1,500.0,-1,458721
2000-01-02 09:30:00.99,ANON002.SZ,11.86,3400.0,1,458993
2000-01-02 09:30:00.99,ANON002.SZ,11.98,400.0,-1,459050
2000-01-02 09:30:00.99,ANON002.SZ,11.99,100.0,1,459134
2000-01-02 09:30:01,ANON002.SZ,12.5,100.0,-1,459372
2000-01-02 09:30:01,ANON002.SZ,11.99,30000.0,1,459504
2000-01-02 09:30:01,ANON002.SZ,12.21,100.0,1,459556
2000-01-02 09:30:01.01,ANON002.SZ,12.99,1000.0,-1,459940
2000-01-02 09:30:01.01,ANON002.SZ,11.9,500.0,1,459948
2000-01-02 09:30:01.02,ANON002.SZ,11.99,100.0,-1,460389
2000-01-02 09:30:01.03,ANON002.SZ,11.98,900.0,1,460744
2000-01-02 09:30:01.04,ANON002.SZ,11.98,100.0,-1,461428
2000-01-02 09:30:01.04,ANON002.SZ,12.09,400.0,-1,461740
2000-01-02 09:30:01.05,ANON002.SZ,12.0,3800.0,-1,462110
2000-01-02 09:30:01.06,ANON002.SZ,11.7,1000.0,1,462883
2000-01-02 09:30:01.06,ANON002.SZ,12.38,2000.0,-1,463064
2000-01-02 09:30:01.08,ANON002.SZ,11.99,1000.0,1,464096
2000-01-02 09:30:01.08,ANON002.SZ,11.98,100.0,1,464139
2000-01-02 09:30:01.09,ANON002.SZ,11.78,100.0,1,464349
2000-01-02 09:30:01.09,ANON002.SZ,11.75,300.0,1,464554
2000-01-02 09:30:01.09,ANON002.SZ,11.98,5100.0,-1,464693
2000-01-02 09:30:01.1,ANON002.SZ,12.0,900.0,1,465171
2000-01-02 09:30:01.12,ANON002.SZ,11.98,300.0,-1,466086
2000-01-02 09:30:01.12,ANON002.SZ,11.98,100.0,-1,466233
2000-01-02 09:30:01.12,ANON002.SZ,11.98,500.0,-1,466349
2000-01-02 09:30:01.12,ANON002.SZ,11.99,300.0,1,466644
2000-01-02 09:30:01.13,ANON002.SZ,13.01,200.0,-1,467243
2000-01-02 09:30:01.13,ANON002.SZ,11.98,3000.0,-1,467305
2000-01-02 09:30:01.14,ANON002.SZ,11.95,5000.0,1,467639
2000-01-02 09:30:01.14,ANON002.SZ,11.99,200.0,1,467813
2000-01-02 09:30:01.15,ANON002.SZ,11.88,500.0,1,468256
2000-01-02 09:30:01.15,ANON002.SZ,13.01,1000.0,-1,468534
2000-01-02 09:30:01.16,ANON002.SZ,11.98,1000.0,1,468784
2000-01-02 09:30:01.16,ANON002.SZ,11.75,100.0,1,469028
2000-01-02 09:30:01.18,ANON002.SZ,11.92,100.0,1,469776
2000-01-02 09:30:01.19,ANON002.SZ,11.98,100.0,-1,470241
2000-01-02 09:30:01.19,ANON002.SZ,12.04,500.0,-1,470305
2000-01-02 09:30:01.21,ANON002.SZ,12.62,200.0,-1,471399
2000-01-02 09:30:01.21,ANON002.SZ,11.96,1000.0,1,471527
2000-01-02 09:30:01.23,ANON002.SZ,12.5,1000.0,-1,472509
2000-01-02 09:30:01.23,ANON002.SZ,12.09,2500.0,1,472945
2000-01-02 09:30:01.28,ANON002.SZ,11.98,1000.0,-1,475019
2000-01-02 09:30:01.28,ANON002.SZ,11.99,11600.0,1,475408
2000-01-02 09:30:01.29,ANON002.SZ,12.6,200.0,-1,476036
2000-01-02 09:30:01.29,ANON002.SZ,12.16,300.0,-1,476752
2000-01-02 09:30:01.3,ANON002.SZ,12.11,1500.0,-1,477293
2000-01-02 09:30:01.31,ANON002.SZ,11.98,400.0,-1,478711
2000-01-02 09:30:01.32,ANON002.SZ,12.01,1000.0,-1,479020
2000-01-02 09:30:01.32,ANON002.SZ,12.14,300.0,-1,479262
2000-01-02 09:30:01.33,ANON002.SZ,12.13,5900.0,-1,479996
2000-01-02 09:30:01.34,ANON002.SZ,12.0,2700.0,-1,480555
2000-01-02 09:30:01.34,ANON002.SZ,11.96,100.0,1,481049
2000-01-02 09:30:01.34,ANON002.SZ,11.98,100.0,-1,481056
2000-01-02 09:30:01.35,ANON002.SZ,12.0,300.0,-1,481158
2000-01-02 09:30:01.35,ANON002.SZ,11.98,200.0,-1,481250
2000-01-02 09:30:01.36,ANON002.SZ,11.98,300.0,1,481909
2000-01-02 09:30:01.39,ANON002.SZ,12.08,49100.0,-1,483092
2000-01-02 09:30:01.39,ANON002.SZ,12.05,16500.0,-1,483233
2000-01-02 09:30:01.39,ANON002.SZ,12.03,1600.0,1,483293
2000-01-02 09:30:01.42,ANON002.SZ,11.97,100.0,-1,485001
2000-01-02 09:30:01.43,ANON002.SZ,12.0,500.0,-1,485094
2000-01-02 09:30:01.43,ANON002.SZ,12.0,1000.0,1,485303
2000-01-02 09:30:01.46,ANON002.SZ,11.85,100.0,1,486756
2000-01-02 09:30:01.46,ANON002.SZ,11.98,600.0,-1,486765
2000-01-02 09:30:01.47,ANON002.SZ,12.03,1000.0,1,486787
2000-01-02 09:30:01.48,ANON002.SZ,11.99,2000.0,-1,487278
2000-01-02 09:30:01.48,ANON002.SZ,11.98,700.0,-1,487656
2000-01-02 09:30:01.51,ANON002.SZ,12.13,7300.0,-1,488857
2000-01-02 09:30:01.51,ANON002.SZ,12.02,1000.0,-1,489121
2000-01-02 09:30:01.52,ANON002.SZ,11.98,2000.0,-1,489591
2000-01-02 09:30:01.52,ANON002.SZ,11.86,800.0,1,489594
2000-01-02 09:30:01.55,ANON002.SZ,11.96,3400.0,-1,490968
2000-01-02 09:30:01.56,ANON002.SZ,12.09,1800.0,-1,491195
2000-01-02 09:30:01.57,ANON002.SZ,0.0,900.0,1,491675
2000-01-02 09:30:01.57,ANON002.SZ,11.96,200.0,-1,492047
2000-01-02 09:30:01.58,ANON002.SZ,12.05,600.0,1,492450
2000-01-02 09:30:01.6,ANON002.SZ,11.99,900.0,1,493112
2000-01-02 09:30:01.6,ANON002.SZ,11.92,200.0,1,493244
2000-01-02 09:30:01.61,ANON002.SZ,12.66,1000.0,-1,493400
2000-01-02 09:30:01.61,ANON002.SZ,11.97,100.0,-1,493482
2000-01-02 09:30:01.61,ANON002.SZ,11.92,1600.0,1,493550
2000-01-02 09:30:01.61,ANON002.SZ,11.97,400.0,-1,493726
2000-01-02 09:30:01.62,ANON002.SZ,11.97,400.0,-1,493944
2000-01-02 09:30:01.63,ANON002.SZ,11.99,300.0,1,494440
2000-01-02 09:30:01.63,ANON002.SZ,11.97,400.0,-1,494456
2000-01-02 09:30:01.63,ANON002.SZ,11.97,500.0,-1,494702
2000-01-02 09:30:01.64,ANON002.SZ,11.75,700.0,1,494999
2000-01-02 09:30:01.65,ANON002.SZ,11.98,100.0,-1,495559
2000-01-02 09:30:01.65,ANON002.SZ,11.99,100.0,1,495864
2000-01-02 09:30:01.65,ANON002.SZ,12.1,300.0,1,496099
2000-01-02 09:30:01.66,ANON002.SZ,12.01,300.0,-1,496269
2000-01-02 09:30:01.66,ANON002.SZ,12.01,1000.0,1,496582
2000-01-02 09:30:01.66,ANON002.SZ,12.04,500.0,-1,496615
2000-01-02 09:30:01.66,ANON002.SZ,12.09,200.0,-1,496648
2000-01-02 09:30:01.67,ANON002.SZ,11.75,2600.0,1,497197
2000-01-02 09:30:01.68,ANON002.SZ,11.98,3000.0,-1,497655
2000-01-02 09:30:01.72,ANON002.SZ,11.99,100.0,-1,500094
2000-01-02 09:30:01.73,ANON002.SZ,11.67,5600.0,1,500461
2000-01-02 09:30:01.73,ANON002.SZ,11.99,100.0,-1,500805
2000-01-02 09:30:01.75,ANON002.SZ,11.97,500.0,-1,501604
2000-01-02 09:30:01.75,ANON002.SZ,12.02,2000.0,1,501692
2000-01-02 09:30:01.76,ANON002.SZ,11.91,8900.0,1,502198
2000-01-02 09:30:01.78,ANON002.SZ,11.99,100.0,-1,502973
2000-01-02 09:30:01.78,ANON002.SZ,11.92,1000.0,-1,503268
2000-01-02 09:30:01.78,ANON002.SZ,12.0,1500.0,-1,503447
2000-01-02 09:30:01.8,ANON002.SZ,12.0,100.0,-1,504183
2000-01-02 09:30:01.8,ANON002.SZ,11.96,400.0,1,504534
2000-01-02 09:30:01.81,ANON002.SZ,11.98,600.0,-1,504807
2000-01-02 09:30:01.82,ANON002.SZ,11.98,100.0,-1,505006
2000-01-02 09:30:01.82,ANON002.SZ,12.1,100.0,1,505184
2000-01-02 09:30:01.83,ANON002.SZ,11.98,600.0,-1,505351
2000-01-02 09:30:01.85,ANON002.SZ,12.11,1000.0,-1,506409
2000-01-02 09:30:01.86,ANON002.SZ,11.75,3400.0,1,506638
2000-01-02 09:30:01.86,ANON002.SZ,11.67,6200.0,1,506642
2000-01-02 09:30:01.86,ANON002.SZ,11.99,200.0,-1,506739
2000-01-02 09:30:01.87,ANON002.SZ,11.99,100.0,-1,507354
2000-01-02 09:30:01.87,ANON002.SZ,12.11,700.0,-1,507578
2000-01-02 09:30:01.88,ANON002.SZ,12.0,3800.0,1,507780
2000-01-02 09:30:01.91,ANON002.SZ,11.91,10000.0,1,509134
2000-01-02 09:30:01.91,ANON002.SZ,11.99,100.0,-1,509205
2000-01-02 09:30:01.92,ANON002.SZ,11.95,700.0,-1,509629
2000-01-02 09:30:01.92,ANON002.SZ,11.98,600.0,-1,509689
2000-01-02 09:30:01.92,ANON002.SZ,11.99,2000.0,1,509775
2000-01-02 09:30:01.93,ANON002.SZ,11.99,2700.0,1,510108
2000-01-02 09:30:01.93,ANON002.SZ,11.98,3700.0,-1,510215
2000-01-02 09:30:01.95,ANON002.SZ,11.8,7700.0,1,510920
2000-01-02 09:30:01.97,ANON002.SZ,12.1,500.0,1,511467
2000-01-02 09:30:01.97,ANON002.SZ,11.99,400.0,1,511668
2000-01-02 09:30:01.98,ANON002.SZ,12.15,200.0,-1,511807
2000-01-02 09:30:02.02,ANON002.SZ,12.01,200.0,-1,513286
2000-01-02 09:30:02.02,ANON002.SZ,11.98,100.0,-1,513527
2000-01-02 09:30:02.02,ANON002.SZ,11.98,100.0,-1,513529
2000-01-02 09:30:02.03,ANON002.SZ,12.45,3000.0,-1,513588
2000-01-02 09:30:02.03,ANON002.SZ,11.98,2100.0,1,513856
2000-01-02 09:30:02.04,ANON002.SZ,12.07,200.0,1,514148
2000-01-02 09:30:02.04,ANON002.SZ,12.06,40000.0,-1,514407
2000-01-02 09:30:02.06,ANON002.SZ,11.73,600.0,1,515429
2000-01-02 09:30:02.08,ANON002.SZ,12.13,51400.0,-1,515960
2000-01-02 09:30:02.13,ANON002.SZ,13.01,6000.0,-1,517735
2000-01-02 09:30:02.13,ANON002.SZ,11.98,10000.0,-1,517894
2000-01-02 09:30:02.14,ANON002.SZ,12.12,200.0,1,518346
2000-01-02 09:30:02.14,ANON002.SZ,11.9,100.0,1,518356
2000-01-02 09:30:02.17,ANON002.SZ,13.01,2200.0,-1,519394
2000-01-02 09:30:02.18,ANON002.SZ,11.99,3300.0,1,519548
2000-01-02 09:30:02.18,ANON002.SZ,11.8,1000.0,1,519569
2000-01-02 09:30:02.2,ANON002.SZ,11.9,1000.0,1,520081
2000-01-02 09:30:02.2,ANON002.SZ,12.08,2000.0,-1,520443
2000-01-02 09:30:02.21,ANON002.SZ,12.08,800.0,-1,520898
2000-01-02 09:30:02.23,ANON002.SZ,11.98,400.0,-1,521390
2000-01-02 09:30:02.23,ANON002.SZ,12.0,500.0,1,521460
2000-01-02 09:30:02.25,ANON002.SZ,12.0,300.0,1,522167
2000-01-02 09:30:02.26,ANON002.SZ,11.99,200.0,1,522639
2000-01-02 09:30:02.28,ANON002.SZ,11.99,1000.0,1,523481
2000-01-02 09:30:02.29,ANON002.SZ,11.99,300.0,-1,523838
2000-01-02 09:30:02.31,ANON002.SZ,11.98,500.0,1,524218
2000-01-02 09:30:02.35,ANON002.SZ,11.99,400.0,1,526440
2000-01-02 09:30:02.39,ANON002.SZ,11.99,100.0,1,527751
2000-01-02 09:30:02.4,ANON002.SZ,11.99,200.0,-1,528385
2000-01-02 09:30:02.4,ANON002.SZ,11.98,200.0,-1,528475
2000-01-02 09:30:02.42,ANON002.SZ,12.0,200.0,1,528827
2000-01-02 09:30:02.42,ANON002.SZ,11.93,100.0,1,528853
2000-01-02 09:30:02.43,ANON002.SZ,12.09,2000.0,-1,529165
2000-01-02 09:30:02.46,ANON002.SZ,12.0,3000.0,-1,529637
2000-01-02 09:30:02.46,ANON002.SZ,12.3,2000.0,-1,529836
2000-01-02 09:30:02.49,ANON002.SZ,12.04,500.0,-1,531011
2000-01-02 09:30:02.5,ANON002.SZ,11.66,100.0,1,531445
2000-01-02 09:30:02.51,ANON002.SZ,11.8,200.0,1,531551
2000-01-02 09:30:02.51,ANON002.SZ,12.53,2000.0,-1,531738
2000-01-02 09:30:02.53,ANON002.SZ,12.0,100.0,1,532072
2000-01-02 09:30:02.53,ANON002.SZ,12.0,3200.0,1,532125
2000-01-02 09:30:02.53,ANON002.SZ,12.0,1200.0,1,532127
2000-01-02 09:30:02.53,ANON002.SZ,11.99,300.0,1,532244
2000-01-02 09:30:02.54,ANON002.SZ,12.0,2000.0,1,532498
2000-01-02 09:30:02.56,ANON002.SZ,11.93,100.0,1,533027
2000-01-02 09:30:02.56,ANON002.SZ,11.8,3100.0,1,533151
2000-01-02 09:30:02.59,ANON002.SZ,12.05,1000.0,-1,533901
2000-01-02 09:30:02.59,ANON002.SZ,11.99,1500.0,1,533968
2000-01-02 09:30:02.59,ANON002.SZ,11.98,1000.0,-1,534009
2000-01-02 09:30:02.61,ANON002.SZ,11.99,500.0,-1,534632
2000-01-02 09:30:02.61,ANON002.SZ,11.98,1000.0,1,534947
2000-01-02 09:30:02.63,ANON002.SZ,11.45,1000.0,1,535483
2000-01-02 09:30:02.65,ANON002.SZ,11.98,100.0,1,536050
2000-01-02 09:30:02.67,ANON002.SZ,11.98,3200.0,1,536726
2000-01-02 09:30:02.67,ANON002.SZ,11.9,3500.0,-1,536782
2000-01-02 09:30:02.68,ANON002.SZ,12.48,200.0,-1,537051
2000-01-02 09:30:02.68,ANON002.SZ,12.0,5000.0,-1,537231
2000-01-02 09:30:02.68,ANON002.SZ,11.98,5000.0,1,537249
2000-01-02 09:30:02.72,ANON002.SZ,12.03,9100.0,1,538235
2000-01-02 09:30:02.72,ANON002.SZ,11.99,2600.0,1,538284
2000-01-02 09:30:02.72,ANON002.SZ,12.25,3500.0,-1,538335
2000-01-02 09:30:02.73,ANON002.SZ,11.95,500.0,-1,538637
2000-01-02 09:30:02.74,ANON002.SZ,12.5,3000.0,-1,538750
2000-01-02 09:30:02.74,ANON002.SZ,11.99,1000.0,-1,538781
2000-01-02 09:30:02.74,ANON002.SZ,12.0,1600.0,1,538867
2000-01-02 09:30:02.74,ANON002.SZ,12.0,5000.0,-1,538884
2000-01-02 09:30:02.77,ANON002.SZ,12.0,3000.0,-1,539425
2000-01-02 09:30:02.8,ANON002.SZ,12.0,4000.0,1,540320
2000-01-02 09:30:02.8,ANON002.SZ,11.98,100.0,1,540436
2000-01-02 09:30:02.83,ANON002.SZ,11.96,200.0,1,541032
2000-01-02 09:30:02.84,ANON002.SZ,12.08,2500.0,1,541530
2000-01-02 09:30:02.85,ANON002.SZ,12.05,5000.0,-1,541817
2000-01-02 09:30:02.87,ANON002.SZ,11.98,200.0,-1,542376
2000-01-02 09:30:02.87,ANON002.SZ,11.96,100.0,1,542509
2000-01-02 09:30:02.93,ANON002.SZ,12.03,100.0,1,544250
2000-01-02 09:30:02.94,ANON002.SZ,12.0,200.0,1,544556
2000-01-02 09:30:02.96,ANON002.SZ,11.97,100.0,1,545083
2000-01-02 09:30:02.96,ANON002.SZ,11.83,1000.0,1,545109
2000-01-02 09:30:02.97,ANON002.SZ,11.98,1000.0,-1,545418
2000-01-02 09:30:03,ANON002.SZ,12.05,4000.0,-1,546053
2000-01-02 09:30:03.01,ANON002.SZ,11.9,100.0,1,546216
2000-01-02 09:30:03.04,ANON002.SZ,12.15,12600.0,-1,546812
2000-01-02 09:30:03.04,ANON002.SZ,11.99,700.0,-1,547081
2000-01-02 09:30:03.05,ANON002.SZ,11.96,3200.0,1,547337
2000-01-02 09:30:03.05,ANON002.SZ,12.4,3700.0,-1,547385
2000-01-02 09:30:03.06,ANON002.SZ,11.96,3900.0,1,547477
2000-01-02 09:30:03.06,ANON002.SZ,11.96,3900.0,1,547478
2000-01-02 09:30:03.06,ANON002.SZ,11.97,2400.0,1,547482
2000-01-02 09:30:03.06,ANON002.SZ,11.99,100.0,-1,547543
2000-01-02 09:30:03.07,ANON002.SZ,11.96,11200.0,1,547668
2000-01-02 09:30:03.07,ANON002.SZ,11.95,2600.0,1,547799
2000-01-02 09:30:03.08,ANON002.SZ,11.96,3800.0,1,547805
2000-01-02 09:30:03.08,ANON002.SZ,12.1,2100.0,-1,547814
2000-01-02 09:30:03.09,ANON002.SZ,11.96,100.0,1,548054
2000-01-02 09:30:03.09,ANON002.SZ,11.96,100.0,1,548056
2000-01-02 09:30:03.11,ANON002.SZ,11.99,100.0,-1,548575
2000-01-02 09:30:03.12,ANON002.SZ,12.01,1400.0,1,548692
2000-01-02 09:30:03.13,ANON002.SZ,11.98,200.0,-1,549108
2000-01-02 09:30:03.19,ANON002.SZ,11.97,600.0,1,551067
2000-01-02 09:30:03.22,ANON002.SZ,12.18,1000.0,-1,551832
2000-01-02 09:30:03.22,ANON002.SZ,11.98,600.0,-1,551962
2000-01-02 09:30:03.23,ANON002.SZ,11.98,1400.0,1,552325
2000-01-02 09:30:03.24,ANON002.SZ,11.98,2100.0,1,552389
2000-01-02 09:30:03.24,ANON002.SZ,11.98,900.0,1,552550
2000-01-02 09:30:03.26,ANON002.SZ,11.98,500.0,-1,552957
2000-01-02 09:30:03.28,ANON002.SZ,12.06,1000.0,-1,553273
2000-01-02 09:30:03.29,ANON002.SZ,12.0,2000.0,1,553419
2000-01-02 09:30:03.29,ANON002.SZ,12.01,2000.0,-1,553562
2000-01-02 09:30:03.33,ANON002.SZ,11.98,500.0,-1,554667
2000-01-02 09:30:03.33,ANON002.SZ,12.08,4000.0,-1,554785
2000-01-02 09:30:03.34,ANON002.SZ,12.68,10000.0,-1,555016
2000-01-02 09:30:03.36,ANON002.SZ,13.0,5000.0,-1,555670
2000-01-02 09:30:03.37,ANON002.SZ,12.01,100.0,1,556096
2000-01-02 09:30:03.37,ANON002.SZ,12.01,1900.0,1,556105
2000-01-02 09:30:03.38,ANON002.SZ,12.01,1900.0,1,556174
2000-01-02 09:30:03.39,ANON002.SZ,12.01,300.0,1,556512
2000-01-02 09:30:03.39,ANON002.SZ,12.01,300.0,-1,556519
2000-01-02 09:30:03.39,ANON002.SZ,12.01,800.0,1,556542
2000-01-02 09:30:03.39,ANON002.SZ,12.02,1900.0,1,556575
2000-01-02 09:30:03.39,ANON002.SZ,12.02,200.0,1,556593
2000-01-02 09:30:03.39,ANON002.SZ,12.01,1900.0,1,556603
2000-01-02 09:30:03.39,ANON002.SZ,12.03,8900.0,-1,556614
2000-01-02 09:30:03.39,ANON002.SZ,12.02,900.0,1,556683
2000-01-02 09:30:03.39,ANON002.SZ,12.02,500.0,1,556685
2000-01-02 09:30:03.4,ANON002.SZ,12.02,700.0,1,556890
2000-01-02 09:30:03.4,ANON002.SZ,12.01,400.0,-1,556914
2000-01-02 09:30:03.41,ANON002.SZ,12.01,100.0,-1,557031
2000-01-02 09:30:03.41,ANON002.SZ,12.01,100.0,-1,557049
2000-01-02 09:30:03.41,ANON002.SZ,12.02,400.0,1,557051
2000-01-02 09:30:03.41,ANON002.SZ,12.08,1100.0,1,557081
2000-01-02 09:30:03.42,ANON002.SZ,12.08,300.0,1,557150
2000-01-02 09:30:03.42,ANON002.SZ,12.01,200.0,-1,557168
2000-01-02 09:30:03.43,ANON002.SZ,12.02,700.0,1,557316
2000-01-02 09:30:03.46,ANON002.SZ,12.18,60000.0,-1,557889
2000-01-02 09:30:03.48,ANON002.SZ,12.01,100.0,1,558501
2000-01-02 09:30:03.49,ANON002.SZ,12.0,2000.0,-1,558614
2000-01-02 09:30:03.49,ANON002.SZ,11.98,200.0,-1,558748
2000-01-02 09:30:03.5,ANON002.SZ,12.87,200.0,-1,558860
2000-01-02 09:30:03.5,ANON002.SZ,12.0,1800.0,-1,558992
2000-01-02 09:30:03.51,ANON002.SZ,13.01,2200.0,-1,559187
2000-01-02 09:30:03.52,ANON002.SZ,12.0,3000.0,-1,559320
2000-01-02 09:30:03.55,ANON002.SZ,12.2,1000.0,-1,560327
2000-01-02 09:30:03.55,ANON002.SZ,12.01,500.0,-1,560421
2000-01-02 09:30:03.55,ANON002.SZ,11.97,200.0,1,560705
2000-01-02 09:30:03.6,ANON002.SZ,11.96,500.0,-1,562181
2000-01-02 09:30:03.61,ANON002.SZ,12.02,3000.0,1,562325
2000-01-02 09:30:03.61,ANON002.SZ,11.97,200.0,-1,562451
2000-01-02 09:30:03.62,ANON002.SZ,13.0,2000.0,-1,562997
2000-01-02 09:30:03.63,ANON002.SZ,12.19,6900.0,-1,563067
2000-01-02 09:30:03.63,ANON002.SZ,11.98,100.0,1,563187
2000-01-02 09:30:03.63,ANON002.SZ,12.0,2000.0,1,563265
2000-01-02 09:30:03.65,ANON002.SZ,11.98,100.0,-1,563542
2000-01-02 09:30:03.66,ANON002.SZ,12.01,1900.0,1,563715
2000-01-02 09:30:03.66,ANON002.SZ,12.01,1900.0,1,563831
2000-01-02 09:30:03.68,ANON002.SZ,12.06,100.0,-1,564445
2000-01-02 09:30:03.7,ANON002.SZ,11.93,1000.0,1,564777
2000-01-02 09:30:03.71,ANON002.SZ,11.98,3200.0,1,565206
2000-01-02 09:30:03.76,ANON002.SZ,12.08,2000.0,-1,566029
2000-01-02 09:30:03.88,ANON002.SZ,12.01,300.0,-1,567525
2000-01-02 09:30:03.89,ANON002.SZ,11.83,600.0,1,567739
2000-01-02 09:30:03.9,ANON002.SZ,11.98,5000.0,-1,567871
2000-01-02 09:30:03.93,ANON002.SZ,11.97,200.0,1,568407
2000-01-02 09:30:04.07,ANON002.SZ,12.01,1900.0,1,570247
2000-01-02 09:30:04.08,ANON002.SZ,11.85,200.0,1,570358
2000-01-02 09:30:04.1,ANON002.SZ,11.98,100.0,-1,570808
2000-01-02 09:30:04.19,ANON002.SZ,11.98,100.0,1,572629
2000-01-02 09:30:04.23,ANON002.SZ,12.18,1000.0,-1,573412
2000-01-02 09:30:04.31,ANON002.SZ,12.0,1500.0,1,575239
2000-01-02 09:30:04.38,ANON002.SZ,12.0,200.0,1,577085
2000-01-02 09:30:04.44,ANON002.SZ,11.99,300.0,1,578235
2000-01-02 09:30:04.5,ANON002.SZ,12.0,400.0,1,579068
2000-01-02 09:30:04.63,ANON002.SZ,12.96,100.0,-1,581519
2000-01-02 09:30:04.66,ANON002.SZ,12.0,600.0,-1,582162
2000-01-02 09:30:04.75,ANON002.SZ,12.01,1300.0,1,583317
2000-01-02 09:30:04.87,ANON002.SZ,12.07,2000.0,-1,584851
2000-01-02 09:30:04.96,ANON002.SZ,12.01,600.0,-1,585806
2000-01-02 09:30:04.97,ANON002.SZ,12.01,100.0,1,585943
2000-01-02 09:30:05.03,ANON002.SZ,12.0,100.0,1,586668
2000-01-02 09:30:05.06,ANON002.SZ,11.9,900.0,1,586962
2000-01-02 09:30:05.06,ANON002.SZ,12.08,3500.0,-1,586963
2000-01-02 09:30:05.29,ANON002.SZ,12.01,200.0,1,590470
2000-01-02 09:30:05.37,ANON002.SZ,12.05,2000.0,-1,591197
2000-01-02 09:30:05.49,ANON002.SZ,12.0,100.0,1,592458
2000-01-02 09:30:05.51,ANON002.SZ,12.0,4100.0,1,592629
2000-01-02 09:30:05.6,ANON002.SZ,11.99,300.0,1,593365
2000-01-02 09:30:05.66,ANON002.SZ,12.01,300.0,-1,594047
2000-01-02 09:30:05.71,ANON002.SZ,11.99,500.0,1,594376
2000-01-02 09:30:05.74,ANON002.SZ,12.25,2000.0,-1,594750
2000-01-02 09:30:05.74,ANON002.SZ,12.26,2000.0,-1,594751
2000-01-02 09:30:05.82,ANON002.SZ,12.06,1000.0,-1,595678
2000-01-02 09:30:05.83,ANON002.SZ,12.03,100.0,-1,595731
2000-01-02 09:30:05.84,ANON002.SZ,12.01,2100.0,1,595886
2000-01-02 09:30:05.88,ANON002.SZ,12.01,100.0,1,596300
2000-01-02 09:30:05.93,ANON002.SZ,11.99,1800.0,1,596707
2000-01-02 09:30:05.98,ANON002.SZ,11.98,200.0,-1,597152
2000-01-02 09:30:06.07,ANON002.SZ,12.0,100.0,-1,598085
2000-01-02 09:30:06.07,ANON002.SZ,12.01,500.0,1,598171
2000-01-02 09:30:06.17,ANON002.SZ,11.94,100.0,1,600020
2000-01-02 09:30:06.23,ANON002.SZ,12.01,1200.0,-1,600902
2000-01-02 09:30:06.35,ANON002.SZ,12.01,300.0,-1,603237
2000-01-02 09:30:06.35,ANON002.SZ,12.01,100.0,-1,603239
2000-01-02 09:30:06.35,ANON002.SZ,12.01,400.0,-1,603242
2000-01-02 09:30:06.35,ANON002.SZ,12.01,300.0,-1,603248
2000-01-02 09:30:06.36,ANON002.SZ,12.01,100.0,-1,603253
2000-01-02 09:30:06.36,ANON002.SZ,12.01,800.0,-1,603264
2000-01-02 09:30:06.36,ANON002.SZ,12.01,1000.0,-1,603290
2000-01-02 09:30:06.36,ANON002.SZ,12.01,400.0,-1,603309
2000-01-02 09:30:06.36,ANON002.SZ,12.05,400.0,-1,603332
2000-01-02 09:30:06.36,ANON002.SZ,12.01,300.0,-1,603336
2000-01-02 09:30:06.36,ANON002.SZ,12.02,100.0,-1,603475
2000-01-02 09:30:06.39,ANON002.SZ,11.99,500.0,-1,603899
2000-01-02 09:30:06.42,ANON002.SZ,12.01,600.0,-1,604242
2000-01-02 09:30:06.43,ANON002.SZ,12.02,500.0,1,604385
2000-01-02 09:30:06.51,ANON002.SZ,11.99,12500.0,-1,605303
2000-01-02 09:30:06.51,ANON002.SZ,11.95,2000.0,-1,605351
2000-01-02 09:30:06.52,ANON002.SZ,12.01,200.0,-1,605550
2000-01-02 09:30:06.53,ANON002.SZ,11.98,100.0,-1,605951
2000-01-02 09:30:06.55,ANON002.SZ,12.5,1300.0,-1,606282
2000-01-02 09:30:06.61,ANON002.SZ,12.01,300.0,-1,607727
2000-01-02 09:30:06.62,ANON002.SZ,11.99,200.0,1,607826
2000-01-02 09:30:06.64,ANON002.SZ,12.01,100.0,1,608036
2000-01-02 09:30:06.8,ANON002.SZ,12.02,200.0,1,610550
2000-01-02 09:30:06.83,ANON002.SZ,12.0,100.0,1,610963
2000-01-02 09:30:06.83,ANON002.SZ,12.0,100.0,1,610966
2000-01-02 09:30:06.84,ANON002.SZ,12.03,100.0,1,610986
2000-01-02 09:30:07,ANON002.SZ,12.0,700.0,1,612839
2000-01-02 09:30:07.35,ANON002.SZ,12.05,200.0,-1,617643
2000-01-02 09:30:07.63,ANON002.SZ,12.03,100.0,-1,622295
2000-01-02 09:30:07.66,ANON002.SZ,12.05,5000.0,-1,622746
2000-01-02 09:30:07.68,ANON002.SZ,12.03,100.0,-1,622886
2000-01-02 09:30:07.72,ANON002.SZ,12.03,100.0,-1,623358
2000-01-02 09:30:07.74,ANON002.SZ,12.03,100.0,-1,623719
2000-01-02 09:30:07.78,ANON002.SZ,12.01,400.0,-1,624033
2000-01-02 09:30:07.78,ANON002.SZ,12.01,1300.0,-1,624041
2000-01-02 09:30:07.78,ANON002.SZ,12.01,1100.0,-1,624050
2000-01-02 09:30:07.79,ANON002.SZ,12.01,400.0,-1,624107
2000-01-02 09:30:07.79,ANON002.SZ,12.01,1300.0,-1,624118
2000-01-02 09:30:07.79,ANON002.SZ,12.01,700.0,-1,624123
2000-01-02 09:30:07.8,ANON002.SZ,12.01,700.0,-1,624298
2000-01-02 09:30:07.8,ANON002.SZ,12.01,400.0,-1,624363
2000-01-02 09:30:07.82,ANON002.SZ,12.01,600.0,-1,624590
2000-01-02 09:30:07.84,ANON002.SZ,12.01,400.0,-1,624752
2000-01-02 09:30:07.84,ANON002.SZ,12.01,400.0,-1,624754
2000-01-02 09:30:07.84,ANON002.SZ,12.01,400.0,-1,624756
2000-01-02 09:30:07.84,ANON002.SZ,12.01,400.0,-1,624758
2000-01-02 09:30:07.85,ANON002.SZ,12.01,500.0,-1,624857
2000-01-02 09:30:07.86,ANON002.SZ,12.01,400.0,-1,624898
2000-01-02 09:30:07.86,ANON002.SZ,12.01,2000.0,-1,624905
2000-01-02 09:30:07.86,ANON002.SZ,12.01,400.0,-1,624949
2000-01-02 09:30:07.86,ANON002.SZ,12.01,1000.0,-1,624951
2000-01-02 09:30:07.87,ANON002.SZ,12.01,400.0,-1,625023
2000-01-02 09:30:07.87,ANON002.SZ,12.01,900.0,-1,625030
2000-01-02 09:30:07.88,ANON002.SZ,12.01,1000.0,-1,625095
2000-01-02 09:30:07.89,ANON002.SZ,12.01,800.0,-1,625364
2000-01-02 09:30:07.92,ANON002.SZ,12.01,500.0,-1,625538
2000-01-02 09:30:07.92,ANON002.SZ,12.01,400.0,-1,625539
2000-01-02 09:30:07.92,ANON002.SZ,12.01,500.0,-1,625541
2000-01-02 09:30:07.92,ANON002.SZ,12.01,500.0,-1,625543
2000-01-02 09:30:07.92,ANON002.SZ,12.01,600.0,-1,625548
2000-01-02 09:30:07.92,ANON002.SZ,12.01,2200.0,-1,625554
2000-01-02 09:30:07.93,ANON002.SZ,12.01,400.0,-1,625592
2000-01-02 09:30:07.93,ANON002.SZ,12.01,400.0,-1,625673
2000-01-02 09:30:07.97,ANON002.SZ,11.87,2500.0,1,625917
2000-01-02 09:30:08,ANON002.SZ,12.03,100.0,-1,626215
2000-01-02 09:30:08,ANON002.SZ,12.03,100.0,-1,626216
2000-01-02 09:30:08,ANON002.SZ,12.03,300.0,-1,626217
2000-01-02 09:30:08,ANON002.SZ,12.03,100.0,-1,626219
2000-01-02 09:30:08.01,ANON002.SZ,12.0,300.0,-1,626260
2000-01-02 09:30:08.03,ANON002.SZ,12.03,700.0,1,626435
2000-01-02 09:30:08.08,ANON002.SZ,12.01,600.0,-1,626854
2000-01-02 09:30:08.08,ANON002.SZ,12.01,1000.0,-1,626859
2000-01-02 09:30:08.08,ANON002.SZ,12.01,500.0,-1,626860
2000-01-02 09:30:08.09,ANON002.SZ,12.01,2300.0,-1,626875
2000-01-02 09:30:08.09,ANON002.SZ,12.01,800.0,-1,626876
2000-01-02 09:30:08.09,ANON002.SZ,12.01,800.0,-1,626883
2000-01-02 09:30:08.09,ANON002.SZ,12.01,1100.0,-1,626886
2000-01-02 09:30:08.11,ANON002.SZ,12.01,1600.0,-1,627130
2000-01-02 09:30:08.23,ANON002.SZ,11.7,500.0,1,628112
2000-01-02 09:30:08.31,ANON002.SZ,12.04,2000.0,1,628844
2000-01-02 09:30:08.31,ANON002.SZ,11.99,8500.0,1,628847
2000-01-02 09:30:08.31,ANON002.SZ,11.99,1200.0,1,628848
2000-01-02 09:30:08.37,ANON002.SZ,12.01,300.0,1,629352
2000-01-02 09:30:08.47,ANON002.SZ,12.0,800.0,-1,630069
2000-01-02 09:30:08.49,ANON002.SZ,12.01,200.0,1,630461
2000-01-02 09:30:08.51,ANON002.SZ,12.01,100.0,1,630599
2000-01-02 09:30:08.53,ANON002.SZ,12.01,400.0,-1,630915
2000-01-02 09:30:08.53,ANON002.SZ,12.01,700.0,-1,630925
2000-01-02 09:30:08.53,ANON002.SZ,12.01,600.0,-1,630937
2000-01-02 09:30:08.55,ANON002.SZ,12.0,100.0,1,631178
2000-01-02 09:30:08.55,ANON002.SZ,12.01,1600.0,-1,631193
2000-01-02 09:30:08.62,ANON002.SZ,12.02,100.0,1,631688
2000-01-02 09:30:08.63,ANON002.SZ,12.01,1100.0,-1,631722
2000-01-02 09:30:08.63,ANON002.SZ,12.01,400.0,-1,631748
2000-01-02 09:30:08.63,ANON002.SZ,12.01,400.0,-1,631759
2000-01-02 09:30:08.63,ANON002.SZ,12.01,400.0,-1,631790
2000-01-02 09:30:08.64,ANON002.SZ,12.01,400.0,-1,631803
2000-01-02 09:30:08.64,ANON002.SZ,12.01,400.0,-1,631830
2000-01-02 09:30:08.64,ANON002.SZ,12.01,900.0,-1,631855
2000-01-02 09:30:08.65,ANON002.SZ,12.01,400.0,-1,631882
2000-01-02 09:30:08.65,ANON002.SZ,12.01,400.0,-1,631893
2000-01-02 09:30:08.65,ANON002.SZ,12.01,600.0,-1,631969
2000-01-02 09:30:08.65,ANON002.SZ,12.01,400.0,-1,631987
2000-01-02 09:30:08.66,ANON002.SZ,12.02,1400.0,-1,632018
2000-01-02 09:30:08.67,ANON002.SZ,12.04,1700.0,1,632094
2000-01-02 09:30:08.67,ANON002.SZ,12.02,100.0,1,632161
2000-01-02 09:30:08.97,ANON002.SZ,12.02,100.0,1,634785
2000-01-02 09:30:09.03,ANON002.SZ,12.03,100.0,-1,635184
2000-01-02 09:30:09.08,ANON002.SZ,12.01,400.0,-1,635543
2000-01-02 09:30:09.08,ANON002.SZ,12.01,400.0,-1,635546
2000-01-02 09:30:09.09,ANON002.SZ,12.01,400.0,-1,635551
2000-01-02 09:30:09.2,ANON002.SZ,12.03,100.0,-1,636618
2000-01-02 09:30:09.3,ANON002.SZ,12.03,100.0,-1,638554
2000-01-02 09:30:09.35,ANON002.SZ,11.98,2200.0,-1,639793
2000-01-02 09:30:09.35,ANON002.SZ,11.99,2100.0,-1,639798
2000-01-02 09:30:09.35,ANON002.SZ,11.99,7000.0,-1,639815
2000-01-02 09:30:09.35,ANON002.SZ,11.99,100.0,-1,639824
2000-01-02 09:30:09.35,ANON002.SZ,12.0,1000.0,-1,639826
2000-01-02 09:30:09.35,ANON002.SZ,11.99,100.0,-1,639836
2000-01-02 09:30:09.35,ANON002.SZ,11.99,400.0,-1,639838
2000-01-02 09:30:09.35,ANON002.SZ,11.99,100.0,-1,639842
2000-01-02 09:30:09.35,ANON002.SZ,11.99,200.0,-1,639844
2000-01-02 09:30:09.35,ANON002.SZ,11.99,800.0,-1,639848
2000-01-02 09:30:09.35,ANON002.SZ,11.99,1000.0,-1,639850
2000-01-02 09:30:09.35,ANON002.SZ,11.99,200.0,-1,639852
2000-01-02 09:30:09.35,ANON002.SZ,11.99,100.0,-1,639854
2000-01-02 09:30:09.35,ANON002.SZ,11.99,600.0,-1,639856
2000-01-02 09:30:09.35,ANON002.SZ,11.99,900.0,-1,639858
2000-01-02 09:30:09.35,ANON002.SZ,11.99,100.0,-1,639860
2000-01-02 09:30:09.35,ANON002.SZ,11.99,100.0,-1,639862
2000-01-02 09:30:09.35,ANON002.SZ,11.99,100.0,-1,639864
2000-01-02 09:30:09.35,ANON002.SZ,11.99,300.0,-1,639866
2000-01-02 09:30:09.35,ANON002.SZ,11.99,100.0,-1,639868
2000-01-02 09:30:09.35,ANON002.SZ,11.99,600.0,-1,639870
2000-01-02 09:30:09.35,ANON002.SZ,11.99,100.0,-1,639872
2000-01-02 09:30:09.35,ANON002.SZ,11.99,100.0,-1,639874
2000-01-02 09:30:09.35,ANON002.SZ,11.99,700.0,-1,639877
2000-01-02 09:30:09.35,ANON002.SZ,11.99,400.0,-1,639880
2000-01-02 09:30:09.35,ANON002.SZ,11.99,400.0,-1,639882
2000-01-02 09:30:09.35,ANON002.SZ,11.99,100.0,-1,639884
2000-01-02 09:30:09.35,ANON002.SZ,11.99,1200.0,-1,639886
2000-01-02 09:30:09.35,ANON002.SZ,11.99,100.0,-1,639890
2000-01-02 09:30:09.35,ANON002.SZ,11.99,1700.0,-1,639892
2000-01-02 09:30:09.35,ANON002.SZ,11.99,100.0,-1,639894
2000-01-02 09:30:09.35,ANON002.SZ,11.99,400.0,-1,639896
2000-01-02 09:30:09.35,ANON002.SZ,11.99,500.0,-1,639898
2000-01-02 09:30:09.35,ANON002.SZ,11.99,1000.0,-1,639900
2000-01-02 09:30:09.35,ANON002.SZ,11.99,100.0,-1,639902
2000-01-02 09:30:09.35,ANON002.SZ,11.99,100.0,-1,639904
2000-01-02 09:30:09.35,ANON002.SZ,11.99,500.0,-1,639906
2000-01-02 09:30:09.35,ANON002.SZ,11.99,400.0,-1,639908
2000-01-02 09:30:09.35,ANON002.SZ,11.99,100.0,-1,639910
2000-01-02 09:30:09.35,ANON002.SZ,11.99,1100.0,-1,639912
2000-01-02 09:30:09.35,ANON002.SZ,11.99,100.0,-1,639914
2000-01-02 09:30:09.35,ANON002.SZ,11.99,500.0,-1,639916
2000-01-02 09:30:09.35,ANON002.SZ,11.99,200.0,-1,639918
2000-01-02 09:30:09.35,ANON002.SZ,11.99,500.0,-1,639924
2000-01-02 09:30:09.35,ANON002.SZ,11.99,800.0,-1,639926
2000-01-02 09:30:09.35,ANON002.SZ,11.99,500.0,-1,639933
2000-01-02 09:30:09.35,ANON002.SZ,11.99,300.0,-1,639935
2000-01-02 09:30:09.35,ANON002.SZ,11.99,500.0,-1,639941
2000-01-02 09:30:09.35,ANON002.SZ,11.99,300.0,-1,639943
2000-01-02 09:30:09.35,ANON002.SZ,11.99,3200.0,-1,639945
2000-01-02 09:30:09.35,ANON002.SZ,11.99,600.0,-1,639949
2000-01-02 09:30:09.35,ANON002.SZ,11.99,500.0,-1,639951
2000-01-02 09:30:09.35,ANON002.SZ,11.99,900.0,-1,639954
2000-01-02 09:30:09.35,ANON002.SZ,11.99,900.0,-1,639958
2000-01-02 09:30:09.35,ANON002.SZ,11.99,1100.0,-1,639961
2000-01-02 09:30:09.35,ANON002.SZ,11.99,1000.0,-1,639964
2000-01-02 09:30:09.35,ANON002.SZ,11.99,2200.0,-1,639966
2000-01-02 09:30:09.35,ANON002.SZ,11.99,2600.0,-1,639970
2000-01-02 09:30:09.35,ANON002.SZ,11.99,5300.0,-1,639976
2000-01-02 09:30:09.35,ANON002.SZ,11.99,1800.0,-1,639983
2000-01-02 09:30:09.35,ANON002.SZ,11.99,900.0,-1,639985
2000-01-02 09:30:09.35,ANON002.SZ,11.99,900.0,-1,639990
2000-01-02 09:30:09.35,ANON002.SZ,12.0,1400.0,-1,639995
2000-01-02 09:30:09.35,ANON002.SZ,11.99,1500.0,-1,639996
2000-01-02 09:30:09.35,ANON002.SZ,11.99,900.0,-1,639998
2000-01-02 09:30:09.35,ANON002.SZ,11.99,900.0,-1,640010
2000-01-02 09:30:09.35,ANON002.SZ,11.99,500.0,-1,640014
2000-01-02 09:30:09.35,ANON002.SZ,11.99,900.0,-1,640016
2000-01-02 09:30:09.35,ANON002.SZ,11.99,800.0,-1,640022
2000-01-02 09:30:09.35,ANON002.SZ,12.04,400.0,-1,640026
2000-01-02 09:30:09.35,ANON002.SZ,11.99,3400.0,-1,640028
2000-01-02 09:30:09.35,ANON002.SZ,11.98,300.0,-1,640037
2000-01-02 09:30:09.35,ANON002.SZ,12.0,1500.0,-1,640053
2000-01-02 09:30:09.35,ANON002.SZ,11.99,1900.0,-1,640065
2000-01-02 09:30:09.35,ANON002.SZ,11.99,400.0,-1,640069
2000-01-02 09:30:09.35,ANON002.SZ,11.99,200.0,-1,640070
2000-01-02 09:30:09.35,ANON002.SZ,11.99,100.0,-1,640071
2000-01-02 09:30:09.35,ANON002.SZ,11.99,500.0,-1,640072
2000-01-02 09:30:09.35,ANON002.SZ,11.99,200.0,-1,640073
2000-01-02 09:30:09.35,ANON002.SZ,11.99,200.0,-1,640074
2000-01-02 09:30:09.35,ANON002.SZ,11.99,600.0,-1,640076
2000-01-02 09:30:09.35,ANON002.SZ,11.99,400.0,-1,640077
2000-01-02 09:30:09.35,ANON002.SZ,11.99,600.0,-1,640078
2000-01-02 09:30:09.35,ANON002.SZ,11.99,300.0,-1,640079
2000-01-02 09:30:09.35,ANON002.SZ,11.99,800.0,-1,640080
2000-01-02 09:30:09.35,ANON002.SZ,11.99,300.0,-1,640081
2000-01-02 09:30:09.35,ANON002.SZ,11.99,2900.0,-1,640082
2000-01-02 09:30:09.35,ANON002.SZ,11.99,1000.0,-1,640083
2000-01-02 09:30:09.35,ANON002.SZ,11.99,500.0,-1,640084
2000-01-02 09:30:09.35,ANON002.SZ,11.99,500.0,-1,640085
2000-01-02 09:30:09.35,ANON002.SZ,11.99,100.0,-1,640086
2000-01-02 09:30:09.35,ANON002.SZ,11.99,300.0,-1,640087
2000-01-02 09:30:09.35,ANON002.SZ,11.99,500.0,-1,640088
2000-01-02 09:30:09.35,ANON002.SZ,11.99,2100.0,-1,640089
2000-01-02 09:30:09.35,ANON002.SZ,11.99,400.0,-1,640090
2000-01-02 09:30:09.35,ANON002.SZ,11.99,300.0,-1,640091
2000-01-02 09:30:09.35,ANON002.SZ,11.99,100.0,-1,640092
2000-01-02 09:30:09.35,ANON002.SZ,11.99,400.0,-1,640093
2000-01-02 09:30:09.35,ANON002.SZ,11.99,1000.0,-1,640094
2000-01-02 09:30:09.35,ANON002.SZ,11.99,500.0,-1,640095
2000-01-02 09:30:09.35,ANON002.SZ,11.99,2100.0,-1,640096
2000-01-02 09:30:09.35,ANON002.SZ,11.99,800.0,-1,640097
2000-01-02 09:30:09.35,ANON002.SZ,11.99,900.0,-1,640098
2000-01-02 09:30:09.35,ANON002.SZ,11.99,100.0,-1,640099
2000-01-02 09:30:09.35,ANON002.SZ,11.99,100.0,-1,640100
2000-01-02 09:30:09.35,ANON002.SZ,11.99,500.0,-1,640101
2000-01-02 09:30:09.35,ANON002.SZ,11.99,100.0,-1,640102
2000-01-02 09:30:09.35,ANON002.SZ,11.99,200.0,-1,640103
2000-01-02 09:30:09.35,ANON002.SZ,11.99,100.0,-1,640104
2000-01-02 09:30:09.35,ANON002.SZ,11.99,200.0,-1,640105
2000-01-02 09:30:09.35,ANON002.SZ,11.99,100.0,-1,640106
2000-01-02 09:30:09.35,ANON002.SZ,11.99,600.0,-1,640107
2000-01-02 09:30:09.35,ANON002.SZ,11.99,1700.0,-1,640108
2000-01-02 09:30:09.35,ANON002.SZ,11.99,800.0,-1,640109
2000-01-02 09:30:09.35,ANON002.SZ,11.99,700.0,-1,640110
2000-01-02 09:30:09.35,ANON002.SZ,11.99,300.0,-1,640111
2000-01-02 09:30:09.35,ANON002.SZ,11.99,200.0,-1,640112
2000-01-02 09:30:09.35,ANON002.SZ,11.99,100.0,-1,640113
2000-01-02 09:30:09.35,ANON002.SZ,11.99,700.0,-1,640114
2000-01-02 09:30:09.35,ANON002.SZ,11.99,100.0,-1,640115
2000-01-02 09:30:09.35,ANON002.SZ,11.99,400.0,-1,640116
2000-01-02 09:30:09.35,ANON002.SZ,11.99,400.0,-1,640117
2000-01-02 09:30:09.35,ANON002.SZ,11.99,600.0,-1,640118
2000-01-02 09:30:09.35,ANON002.SZ,11.99,1300.0,-1,640119
2000-01-02 09:30:09.35,ANON002.SZ,11.99,400.0,-1,640120
2000-01-02 09:30:09.35,ANON002.SZ,11.99,200.0,-1,640121
2000-01-02 09:30:09.35,ANON002.SZ,11.99,100.0,-1,640122
2000-01-02 09:30:09.35,ANON002.SZ,11.99,100.0,-1,640123
2000-01-02 09:30:09.35,ANON002.SZ,11.99,400.0,-1,640124
2000-01-02 09:30:09.35,ANON002.SZ,11.99,600.0,-1,640125
2000-01-02 09:30:09.35,ANON002.SZ,11.99,800.0,-1,640126
2000-01-02 09:30:09.35,ANON002.SZ,11.99,1000.0,-1,640127
2000-01-02 09:30:09.35,ANON002.SZ,11.99,100.0,-1,640128
2000-01-02 09:30:09.35,ANON002.SZ,11.99,100.0,-1,640129
2000-01-02 09:30:09.35,ANON002.SZ,11.99,1800.0,-1,640130
2000-01-02 09:30:09.35,ANON002.SZ,11.99,100.0,-1,640131
2000-01-02 09:30:09.35,ANON002.SZ,11.99,1200.0,-1,640132
2000-01-02 09:30:09.35,ANON002.SZ,11.99,400.0,-1,640133
2000-01-02 09:30:09.35,ANON002.SZ,11.99,700.0,-1,640134
2000-01-02 09:30:09.35,ANON002.SZ,11.99,200.0,-1,640135
2000-01-02 09:30:09.35,ANON002.SZ,11.99,400.0,-1,640136
2000-01-02 09:30:09.35,ANON002.SZ,11.99,400.0,-1,640137
2000-01-02 09:30:09.35,ANON002.SZ,11.99,400.0,-1,640138
2000-01-02 09:30:09.35,ANON002.SZ,11.99,300.0,-1,640139
2000-01-02 09:30:09.35,ANON002.SZ,11.99,100.0,-1,640140
2000-01-02 09:30:09.35,ANON002.SZ,11.99,400.0,-1,640141
2000-01-02 09:30:09.35,ANON002.SZ,11.99,200.0,-1,640142
2000-01-02 09:30:09.35,ANON002.SZ,11.99,300.0,-1,640143
2000-01-02 09:30:09.35,ANON002.SZ,11.99,300.0,-1,640144
2000-01-02 09:30:09.35,ANON002.SZ,11.99,900.0,-1,640145
2000-01-02 09:30:09.35,ANON002.SZ,11.99,400.0,-1,640146
2000-01-02 09:30:09.35,ANON002.SZ,11.99,600.0,-1,640147
2000-01-02 09:30:09.35,ANON002.SZ,11.99,100.0,-1,640148
2000-01-02 09:30:09.35,ANON002.SZ,11.99,500.0,-1,640149
2000-01-02 09:30:09.35,ANON002.SZ,11.99,900.0,-1,640151
2000-01-02 09:30:09.35,ANON002.SZ,11.99,100.0,-1,640152
2000-01-02 09:30:09.35,ANON002.SZ,11.99,300.0,-1,640153
2000-01-02 09:30:09.35,ANON002.SZ,11.99,200.0,-1,640154
2000-01-02 09:30:09.35,ANON002.SZ,11.99,800.0,-1,640155
2000-01-02 09:30:09.35,ANON002.SZ,11.99,600.0,-1,640157
2000-01-02 09:30:09.35,ANON002.SZ,11.99,300.0,-1,640158
2000-01-02 09:30:09.35,ANON002.SZ,11.99,100.0,-1,640159
2000-01-02 09:30:09.35,ANON002.SZ,11.99,400.0,-1,640160
2000-01-02 09:30:09.35,ANON002.SZ,11.99,100.0,-1,640161
2000-01-02 09:30:09.35,ANON002.SZ,11.99,300.0,-1,640186
2000-01-02 09:30:09.35,ANON002.SZ,11.98,400.0,-1,640204
2000-01-02 09:30:09.35,ANON002.SZ,11.99,100.0,-1,640231
2000-01-02 09:30:09.35,ANON002.SZ,11.99,500.0,-1,640232
2000-01-02 09:30:09.35,ANON002.SZ,11.99,55600.0,-1,640235
2000-01-02 09:30:09.36,ANON002.SZ,11.99,700.0,-1,640371
2000-01-02 09:30:09.36,ANON002.SZ,11.99,100.0,-1,640418
2000-01-02 09:30:09.37,ANON002.SZ,11.99,100.0,-1,640577
2000-01-02 09:30:09.37,ANON002.SZ,12.02,300.0,1,640600
2000-01-02 09:30:09.38,ANON002.SZ,12.01,500.0,-1,640757
2000-01-02 09:30:09.39,ANON002.SZ,12.01,100.0,-1,640831
2000-01-02 09:30:09.39,ANON002.SZ,11.96,100.0,-1,640911
2000-01-02 09:30:09.4,ANON002.SZ,12.01,100.0,-1,640942
2000-01-02 09:30:09.4,ANON002.SZ,12.01,100.0,-1,640943
2000-01-02 09:30:09.4,ANON002.SZ,12.01,300.0,-1,640944
2000-01-02 09:30:09.4,ANON002.SZ,12.01,100.0,-1,640952
2000-01-02 09:30:09.41,ANON002.SZ,11.99,400.0,-1,641053
2000-01-02 09:30:09.43,ANON002.SZ,12.0,600.0,1,641255
2000-01-02 09:30:09.44,ANON002.SZ,11.99,100.0,-1,641389
2000-01-02 09:30:09.44,ANON002.SZ,11.99,300.0,-1,641390
2000-01-02 09:30:09.45,ANON002.SZ,12.0,700.0,-1,641481
2000-01-02 09:30:09.45,ANON002.SZ,11.99,100.0,-1,641482
2000-01-02 09:30:09.5,ANON002.SZ,12.01,200.0,-1,642282
2000-01-02 09:30:09.55,ANON002.SZ,12.02,100.0,-1,643450
2000-01-02 09:30:09.56,ANON002.SZ,11.97,300.0,-1,643699
2000-01-02 09:30:09.59,ANON002.SZ,12.01,1400.0,1,643970
2000-01-02 09:30:09.59,ANON002.SZ,12.01,11900.0,1,643977
2000-01-02 09:30:09.59,ANON002.SZ,12.01,700.0,1,644015
2000-01-02 09:30:09.63,ANON002.SZ,12.02,300.0,1,644360
2000-01-02 09:30:09.63,ANON002.SZ,12.01,2300.0,1,644507
2000-01-02 09:30:09.66,ANON002.SZ,12.01,500.0,-1,645052
2000-01-02 09:30:09.69,ANON002.SZ,12.02,100.0,1,645682
2000-01-02 09:30:09.75,ANON002.SZ,12.01,600.0,1,646663
2000-01-02 09:30:09.85,ANON002.SZ,12.01,1000.0,1,648281
2000-01-02 09:30:09.97,ANON002.SZ,12.19,3700.0,-1,649596
2000-01-02 09:30:10.05,ANON002.SZ,12.01,300.0,1,650808
2000-01-02 09:30:10.1,ANON002.SZ,12.02,3000.0,-1,652011
2000-01-02 09:30:10.1,ANON002.SZ,12.01,200.0,-1,652042
2000-01-02 09:30:10.1,ANON002.SZ,12.01,1200.0,-1,652044
2000-01-02 09:30:10.11,ANON002.SZ,12.01,300.0,1,652073
2000-01-02 09:30:10.13,ANON002.SZ,12.01,800.0,-1,652473
2000-01-02 09:30:10.16,ANON002.SZ,11.98,300.0,-1,652827
2000-01-02 09:30:10.17,ANON002.SZ,11.99,200.0,-1,652901
2000-01-02 09:30:10.3,ANON002.SZ,11.99,100.0,-1,655036
2000-01-02 09:30:10.3,ANON002.SZ,11.99,1600.0,-1,655037
2000-01-02 09:30:10.33,ANON002.SZ,12.01,100.0,-1,655565
2000-01-02 09:30:10.37,ANON002.SZ,12.04,3100.0,-1,656058
2000-01-02 09:30:10.49,ANON002.SZ,11.99,100.0,-1,657931
2000-01-02 09:30:10.7,ANON002.SZ,11.99,500.0,-1,660892
2000-01-02 09:30:10.78,ANON002.SZ,12.03,100.0,1,661570
2000-01-02 09:30:10.83,ANON002.SZ,12.0,600.0,-1,662189
2000-01-02 09:30:10.83,ANON002.SZ,12.0,100.0,-1,662190
2000-01-02 09:30:10.88,ANON002.SZ,12.01,400.0,-1,662572
2000-01-02 09:30:10.89,ANON002.SZ,12.0,500.0,1,662673
2000-01-02 09:30:10.9,ANON002.SZ,12.01,500.0,-1,662699
2000-01-02 09:30:10.9,ANON002.SZ,11.98,100.0,1,662801
2000-01-02 09:30:10.96,ANON002.SZ,12.02,500.0,1,663331
2000-01-02 09:30:10.96,ANON002.SZ,12.0,5500.0,-1,663362
2000-01-02 09:30:11.01,ANON002.SZ,12.03,100.0,1,663942
2000-01-02 09:30:11.12,ANON002.SZ,11.98,1700.0,-1,665399
2000-01-02 09:30:11.13,ANON002.SZ,11.99,3800.0,-1,665437
2000-01-02 09:30:11.18,ANON002.SZ,11.99,55600.0,-1,666137
2000-01-02 09:30:11.23,ANON002.SZ,11.98,100.0,-1,667233
2000-01-02 09:30:11.23,ANON002.SZ,11.98,300.0,-1,667237
2000-01-02 09:30:11.23,ANON002.SZ,12.01,5700.0,-1,667241
2000-01-02 09:30:11.23,ANON002.SZ,11.97,200.0,-1,667242
2000-01-02 09:30:11.23,ANON002.SZ,11.97,1000.0,-1,667249
2000-01-02 09:30:11.23,ANON002.SZ,12.0,4200.0,-1,667251
2000-01-02 09:30:11.23,ANON002.SZ,11.98,100.0,-1,667253
2000-01-02 09:30:11.23,ANON002.SZ,11.97,2100.0,-1,667255
2000-01-02 09:30:11.23,ANON002.SZ,11.98,2000.0,-1,667264
2000-01-02 09:30:11.23,ANON002.SZ,11.97,1100.0,-1,667271
2000-01-02 09:30:11.23,ANON002.SZ,11.98,2500.0,-1,667273
2000-01-02 09:30:11.23,ANON002.SZ,11.97,1500.0,-1,667280
2000-01-02 09:30:11.23,ANON002.SZ,11.97,2700.0,-1,667301
2000-01-02 09:30:11.23,ANON002.SZ,11.97,1200.0,-1,667304
2000-01-02 09:30:11.23,ANON002.SZ,11.97,1000.0,-1,667319
2000-01-02 09:30:11.23,ANON002.SZ,11.97,3600.0,-1,667330
2000-01-02 09:30:11.23,ANON002.SZ,11.97,200.0,-1,667350
2000-01-02 09:30:11.23,ANON002.SZ,11.98,300.0,-1,667381
2000-01-02 09:30:11.23,ANON002.SZ,11.98,1400.0,-1,667384
2000-01-02 09:30:11.23,ANON002.SZ,11.99,23000.0,-1,667398
2000-01-02 09:30:11.23,ANON002.SZ,11.98,100.0,-1,667416
2000-01-02 09:30:11.23,ANON002.SZ,11.99,4900.0,-1,667421
2000-01-02 09:30:11.23,ANON002.SZ,11.98,3200.0,-1,667422
2000-01-02 09:30:11.23,ANON002.SZ,11.99,16400.0,-1,667425
2000-01-02 09:30:11.24,ANON002.SZ,11.98,200.0,-1,667443
2000-01-02 09:30:11.24,ANON002.SZ,11.98,500.0,-1,667489
2000-01-02 09:30:11.24,ANON002.SZ,11.95,500.0,-1,667561
2000-01-02 09:30:11.26,ANON002.SZ,11.98,3100.0,-1,667782
2000-01-02 09:30:11.26,ANON002.SZ,11.98,6700.0,-1,667844
2000-01-02 09:30:11.26,ANON002.SZ,11.98,8900.0,-1,667845
2000-01-02 09:30:11.27,ANON002.SZ,11.98,3300.0,-1,668022
2000-01-02 09:30:11.27,ANON002.SZ,11.98,3300.0,-1,668023
2000-01-02 09:30:11.28,ANON002.SZ,11.98,2600.0,-1,668153
2000-01-02 09:30:11.32,ANON002.SZ,11.97,18900.0,-1,668698
2000-01-02 09:30:11.32,ANON002.SZ,11.97,18900.0,-1,668699
2000-01-02 09:30:11.32,ANON002.SZ,11.98,100.0,-1,668814
2000-01-02 09:30:11.33,ANON002.SZ,11.98,100.0,-1,668823
2000-01-02 09:30:11.33,ANON002.SZ,11.98,600.0,-1,668890
2000-01-02 09:30:11.33,ANON002.SZ,11.98,600.0,-1,668891
2000-01-02 09:30:11.34,ANON002.SZ,11.98,2500.0,-1,668954
2000-01-02 09:30:11.34,ANON002.SZ,11.96,1300.0,-1,669030
2000-01-02 09:30:11.34,ANON002.SZ,11.98,100.0,-1,669039
2000-01-02 09:30:11.35,ANON002.SZ,11.99,500.0,-1,669090
2000-01-02 09:30:11.42,ANON002.SZ,11.97,18900.0,-1,670392
2000-01-02 09:30:11.42,ANON002.SZ,11.97,18800.0,-1,670395
2000-01-02 09:30:11.46,ANON002.SZ,11.99,100.0,-1,670959
2000-01-02 09:30:11.52,ANON002.SZ,12.01,500.0,-1,672444
2000-01-02 09:30:11.54,ANON002.SZ,11.97,300.0,-1,672867
2000-01-02 09:30:11.54,ANON002.SZ,11.96,1400.0,-1,672914
2000-01-02 09:30:11.58,ANON002.SZ,11.97,500.0,-1,673582
2000-01-02 09:30:11.63,ANON002.SZ,11.99,400.0,-1,675233
2000-01-02 09:30:11.65,ANON002.SZ,11.99,100.0,-1,675756
2000-01-02 09:30:11.65,ANON002.SZ,11.99,300.0,-1,675758
2000-01-02 09:30:11.65,ANON002.SZ,11.99,100.0,-1,675759
2000-01-02 09:30:11.65,ANON002.SZ,11.99,200.0,-1,675760
2000-01-02 09:30:11.69,ANON002.SZ,11.98,300.0,1,676503
2000-01-02 09:30:11.7,ANON002.SZ,11.97,500.0,-1,676690
2000-01-02 09:30:11.73,ANON002.SZ,11.98,500.0,-1,677274
2000-01-02 09:30:11.73,ANON002.SZ,11.99,5200.0,1,677329
2000-01-02 09:30:11.76,ANON002.SZ,11.99,200.0,-1,677896
2000-01-02 09:30:11.76,ANON002.SZ,11.99,700.0,-1,677904
2000-01-02 09:30:11.81,ANON002.SZ,11.97,400.0,1,678644
2000-01-02 09:30:11.87,ANON002.SZ,11.98,400.0,-1,679687
2000-01-02 09:30:12.03,ANON002.SZ,11.98,1600.0,-1,681921
2000-01-02 09:30:12.03,ANON002.SZ,11.98,2800.0,-1,681924
2000-01-02 09:30:12.05,ANON002.SZ,11.98,300.0,-1,682219
2000-01-02 09:30:12.05,ANON002.SZ,11.98,1700.0,-1,682222
2000-01-02 09:30:12.05,ANON002.SZ,11.98,100.0,-1,682223
2000-01-02 09:30:12.06,ANON002.SZ,11.98,300.0,1,682313
2000-01-02 09:30:12.06,ANON002.SZ,11.97,1200.0,-1,682324
2000-01-02 09:30:12.08,ANON002.SZ,11.96,3200.0,-1,682763
2000-01-02 09:30:12.11,ANON002.SZ,11.97,3400.0,-1,683432
2000-01-02 09:30:12.12,ANON002.SZ,11.93,1400.0,-1,683532
2000-01-02 09:30:12.14,ANON002.SZ,11.99,200.0,1,684039
2000-01-02 09:30:12.15,ANON002.SZ,11.96,1300.0,1,684182
2000-01-02 09:30:12.18,ANON002.SZ,12.01,400.0,-1,684785
2000-01-02 09:30:12.18,ANON002.SZ,11.96,3400.0,-1,684848
2000-01-02 09:30:12.31,ANON002.SZ,11.96,1100.0,-1,688047
2000-01-02 09:30:12.34,ANON002.SZ,12.01,900.0,-1,688598
2000-01-02 09:30:12.38,ANON002.SZ,11.95,500.0,-1,689251
2000-01-02 09:30:12.44,ANON002.SZ,12.01,100.0,-1,690473
2000-01-02 09:30:12.47,ANON002.SZ,11.95,600.0,-1,691337
2000-01-02 09:30:12.47,ANON002.SZ,11.95,200.0,-1,691395
2000-01-02 09:30:12.47,ANON002.SZ,11.95,100.0,-1,691397
2000-01-02 09:30:12.48,ANON002.SZ,11.95,400.0,-1,691505
2000-01-02 09:30:12.48,ANON002.SZ,11.94,800.0,-1,691548
2000-01-02 09:30:12.48,ANON002.SZ,11.94,1000.0,-1,691557
2000-01-02 09:30:12.5,ANON002.SZ,11.96,100.0,-1,692013
2000-01-02 09:30:12.5,ANON002.SZ,11.92,2500.0,-1,692030
2000-01-02 09:30:12.54,ANON002.SZ,11.92,100.0,-1,693433
2000-01-02 09:30:12.57,ANON002.SZ,11.94,19100.0,-1,694361
2000-01-02 09:30:12.57,ANON002.SZ,11.94,19100.0,-1,694368
2000-01-02 09:30:12.57,ANON002.SZ,12.01,1000.0,-1,694572
2000-01-02 09:30:12.64,ANON002.SZ,11.94,100.0,-1,696207
2000-01-02 09:30:12.66,ANON002.SZ,11.94,200.0,-1,696931
2000-01-02 09:30:12.71,ANON002.SZ,11.95,500.0,-1,698254
2000-01-02 09:30:12.72,ANON002.SZ,11.94,100.0,-1,698362
2000-01-02 09:30:12.75,ANON002.SZ,11.95,500.0,-1,699035
2000-01-02 09:30:12.76,ANON002.SZ,11.95,100.0,-1,699195
2000-01-02 09:30:12.81,ANON002.SZ,11.95,500.0,-1,700071
2000-01-02 09:30:12.81,ANON002.SZ,12.0,5000.0,1,700072
2000-01-02 09:30:12.84,ANON002.SZ,11.95,100.0,-1,700518
2000-01-02 09:30:12.88,ANON002.SZ,12.01,1400.0,-1,701122
2000-01-02 09:30:12.89,ANON002.SZ,12.01,100.0,1,701270
2000-01-02 09:30:12.91,ANON002.SZ,12.04,200.0,-1,701532
2000-01-02 09:30:13.02,ANON002.SZ,11.95,600.0,-1,703235
2000-01-02 09:30:13.05,ANON002.SZ,11.8,3500.0,1,703557
2000-01-02 09:30:13.05,ANON002.SZ,12.01,100.0,1,703613
2000-01-02 09:30:13.1,ANON002.SZ,11.94,100.0,-1,704858
2000-01-02 09:30:13.13,ANON002.SZ,11.98,1400.0,-1,705977
2000-01-02 09:30:13.17,ANON002.SZ,11.94,100.0,1,706973
2000-01-02 09:30:13.19,ANON002.SZ,11.94,2600.0,1,707514
2000-01-02 09:30:13.21,ANON002.SZ,11.94,3400.0,1,708135
2000-01-02 09:30:13.21,ANON002.SZ,11.93,100.0,-1,708146
2000-01-02 09:30:13.22,ANON002.SZ,11.94,1900.0,1,708383
2000-01-02 09:30:13.25,ANON002.SZ,11.93,200.0,1,709104
2000-01-02 09:30:13.27,ANON002.SZ,12.01,100.0,1,709759
2000-01-02 09:30:13.36,ANON002.SZ,11.93,200.0,1,711601
2000-01-02 09:30:13.39,ANON002.SZ,12.0,800.0,-1,712602
2000-01-02 09:30:13.45,ANON002.SZ,11.96,1400.0,-1,714135
2000-01-02 09:30:13.6,ANON002.SZ,11.95,4500.0,-1,717853
2000-01-02 09:30:13.68,ANON002.SZ,11.92,500.0,-1,719899
2000-01-02 09:30:13.68,ANON002.SZ,11.99,100.0,-1,719929
2000-01-02 09:30:13.73,ANON002.SZ,11.93,300.0,-1,720717
2000-01-02 09:30:13.77,ANON002.SZ,11.92,6000.0,-1,721569
2000-01-02 09:30:13.78,ANON002.SZ,11.93,4200.0,1,721862
2000-01-02 09:30:13.84,ANON002.SZ,11.93,600.0,-1,722861
2000-01-02 09:30:13.85,ANON002.SZ,12.34,100.0,-1,723101
2000-01-02 09:30:13.86,ANON002.SZ,11.94,400.0,1,723278
2000-01-02 09:30:13.86,ANON002.SZ,11.93,700.0,1,723284
2000-01-02 09:30:14,ANON002.SZ,11.99,100.0,-1,725042
2000-01-02 09:30:14.14,ANON002.SZ,11.94,100.0,1,727958
2000-01-02 09:30:14.18,ANON002.SZ,11.97,100.0,-1,728400
2000-01-02 09:30:14.22,ANON002.SZ,11.96,8300.0,1,729016
2000-01-02 09:30:14.24,ANON002.SZ,11.97,4500.0,1,729394
2000-01-02 09:30:14.35,ANON002.SZ,11.99,1200.0,-1,730849
2000-01-02 09:30:14.43,ANON002.SZ,11.9,50000.0,-1,731893
2000-01-02 09:30:14.44,ANON002.SZ,11.91,900.0,1,731963
2000-01-02 09:30:14.45,ANON002.SZ,11.89,2500.0,1,732065
2000-01-02 09:30:14.45,ANON002.SZ,11.89,1500.0,1,732066
2000-01-02 09:30:14.55,ANON002.SZ,11.99,800.0,-1,733496
2000-01-02 09:30:14.55,ANON002.SZ,11.99,1800.0,-1,733499
2000-01-02 09:30:14.56,ANON002.SZ,11.96,100.0,-1,733573
2000-01-02 09:30:14.56,ANON002.SZ,11.91,4200.0,1,733625
2000-01-02 09:30:14.56,ANON002.SZ,11.92,200.0,1,733633
2000-01-02 09:30:14.95,ANON002.SZ,12.03,18100.0,1,740562
2000-01-02 09:30:14.95,ANON002.SZ,11.98,100.0,-1,740586
2000-01-02 09:30:14.97,ANON002.SZ,11.98,100.0,-1,741048
2000-01-02 09:30:15.05,ANON002.SZ,12.3,1000.0,-1,742557
2000-01-02 09:30:15.05,ANON002.SZ,11.96,400.0,-1,742618
2000-01-02 09:30:15.11,ANON002.SZ,12.1,1000.0,-1,743883
2000-01-02 09:30:15.16,ANON002.SZ,11.96,3500.0,1,744876
2000-01-02 09:30:15.19,ANON002.SZ,11.96,1100.0,-1,745501
2000-01-02 09:30:15.2,ANON002.SZ,11.96,200.0,1,745916
2000-01-02 09:30:15.2,ANON002.SZ,11.96,100.0,-1,745917
2000-01-02 09:30:15.2,ANON002.SZ,11.96,300.0,-1,745919
2000-01-02 09:30:15.2,ANON002.SZ,11.96,1700.0,-1,745921
2000-01-02 09:30:15.22,ANON002.SZ,11.96,400.0,1,746257
2000-01-02 09:30:15.24,ANON002.SZ,11.96,2100.0,1,746730
2000-01-02 09:30:15.32,ANON002.SZ,11.96,800.0,1,748271
2000-01-02 09:30:15.32,ANON002.SZ,11.96,2000.0,1,748273
2000-01-02 09:30:15.37,ANON002.SZ,11.98,400.0,-1,749393
2000-01-02 09:30:15.37,ANON002.SZ,11.98,100.0,-1,749395
2000-01-02 09:30:15.41,ANON002.SZ,11.96,200.0,1,750613
2000-01-02 09:30:15.41,ANON002.SZ,11.97,400.0,-1,750634
2000-01-02 09:30:15.43,ANON002.SZ,11.96,200.0,-1,751079
2000-01-02 09:30:15.43,ANON002.SZ,11.96,2000.0,-1,751097
2000-01-02 09:30:15.45,ANON002.SZ,11.96,1500.0,-1,751372
2000-01-02 09:30:15.47,ANON002.SZ,11.97,500.0,-1,751669
2000-01-02 09:30:15.48,ANON002.SZ,11.96,100.0,1,751897
2000-01-02 09:30:15.55,ANON002.SZ,11.96,500.0,-1,752803
2000-01-02 09:30:15.55,ANON002.SZ,11.96,100.0,-1,752806
2000-01-02 09:30:15.55,ANON002.SZ,11.96,500.0,-1,752949
2000-01-02 09:30:15.58,ANON002.SZ,11.93,100.0,-1,753442
2000-01-02 09:30:15.67,ANON002.SZ,12.01,100.0,-1,755200
2000-01-02 09:30:15.68,ANON002.SZ,11.95,100.0,-1,755338
2000-01-02 09:30:15.68,ANON002.SZ,11.95,100.0,-1,755351
2000-01-02 09:30:15.9,ANON002.SZ,11.96,100.0,1,759430
2000-01-02 09:30:16.11,ANON002.SZ,11.96,600.0,1,762908
2000-01-02 09:30:16.13,ANON002.SZ,11.96,400.0,1,763353
2000-01-02 09:30:16.19,ANON002.SZ,12.0,1000.0,-1,764421
2000-01-02 09:30:16.27,ANON002.SZ,11.97,100.0,-1,765805
2000-01-02 09:30:16.29,ANON002.SZ,11.97,900.0,1,766169
2000-01-02 09:30:16.29,ANON002.SZ,11.96,1400.0,-1,766247
2000-01-02 09:30:16.29,ANON002.SZ,11.96,100.0,-1,766270
2000-01-02 09:30:16.29,ANON002.SZ,11.96,400.0,-1,766276
2000-01-02 09:30:16.29,ANON002.SZ,11.96,400.0,-1,766280
2000-01-02 09:30:16.29,ANON002.SZ,11.96,500.0,-1,766281
2000-01-02 09:30:16.31,ANON002.SZ,11.96,100.0,-1,766483
2000-01-02 09:30:16.32,ANON002.SZ,11.96,100.0,1,766651
2000-01-02 09:30:16.66,ANON002.SZ,12.01,100.0,-1,772753
2000-01-02 09:30:17.1,ANON002.SZ,11.93,800.0,1,777882
2000-01-02 09:30:17.11,ANON002.SZ,11.94,1600.0,1,777999
2000-01-02 09:30:17.13,ANON002.SZ,11.93,1500.0,1,778367
2000-01-02 09:30:17.16,ANON002.SZ,11.92,100.0,-1,778839
2000-01-02 09:30:17.16,ANON002.SZ,11.92,100.0,-1,778849
2000-01-02 09:30:17.16,ANON002.SZ,11.92,100.0,-1,778958
2000-01-02 09:30:17.21,ANON002.SZ,11.93,100.0,1,779411
2000-01-02 09:30:17.33,ANON002.SZ,11.98,14900.0,1,780745
2000-01-02 09:30:17.33,ANON002.SZ,11.98,1200.0,1,780758
2000-01-02 09:30:17.35,ANON002.SZ,12.0,1200.0,-1,780948
2000-01-02 09:30:17.36,ANON002.SZ,11.94,100.0,1,781116
2000-01-02 09:30:17.39,ANON002.SZ,11.95,100.0,1,781282
2000-01-02 09:30:17.43,ANON002.SZ,11.96,100.0,-1,781666
2000-01-02 09:30:17.43,ANON002.SZ,11.96,100.0,-1,781706
2000-01-02 09:30:17.43,ANON002.SZ,11.98,200.0,-1,781728
2000-01-02 09:30:17.46,ANON002.SZ,11.96,200.0,1,781904
2000-01-02 09:30:17.46,ANON002.SZ,11.98,700.0,1,781908
2000-01-02 09:30:17.47,ANON002.SZ,11.98,500.0,-1,782099
2000-01-02 09:30:17.52,ANON002.SZ,0.0,500.0,-1,782554
2000-01-02 09:30:17.55,ANON002.SZ,12.0,800.0,-1,783107
2000-01-02 09:30:17.57,ANON002.SZ,11.96,3000.0,1,783257
2000-01-02 09:30:17.57,ANON002.SZ,11.96,1800.0,1,783334
2000-01-02 09:30:17.59,ANON002.SZ,11.97,4000.0,1,783706
2000-01-02 09:30:17.73,ANON002.SZ,11.97,200.0,1,785778
2000-01-02 09:30:17.74,ANON002.SZ,11.98,1400.0,1,785833
2000-01-02 09:30:17.77,ANON002.SZ,11.98,100.0,1,786309
2000-01-02 09:30:17.9,ANON002.SZ,11.91,500.0,1,787699
2000-01-02 09:30:17.92,ANON002.SZ,12.0,1000.0,1,787799
2000-01-02 09:30:17.92,ANON002.SZ,12.0,1100.0,1,787835
2000-01-02 09:30:17.98,ANON002.SZ,11.98,500.0,-1,788455
2000-01-02 09:30:18.09,ANON002.SZ,11.98,400.0,1,789805
2000-01-02 09:30:18.09,ANON002.SZ,11.98,300.0,1,789831
2000-01-02 09:30:18.11,ANON002.SZ,11.98,300.0,1,790056
2000-01-02 09:30:18.12,ANON002.SZ,11.98,300.0,1,790251
2000-01-02 09:30:18.13,ANON002.SZ,11.96,100.0,1,790415
2000-01-02 09:30:18.19,ANON002.SZ,12.0,600.0,1,791096
2000-01-02 09:30:18.19,ANON002.SZ,11.98,800.0,-1,791123
2000-01-02 09:30:18.2,ANON002.SZ,12.0,300.0,1,791161
2000-01-02 09:30:18.2,ANON002.SZ,12.0,200.0,1,791170
2000-01-02 09:30:18.2,ANON002.SZ,12.0,200.0,1,791238
2000-01-02 09:30:18.24,ANON002.SZ,11.97,100.0,-1,791972
2000-01-02 09:30:18.39,ANON002.SZ,11.98,300.0,-1,794216
2000-01-02 09:30:18.4,ANON002.SZ,11.99,100.0,1,794305
2000-01-02 09:30:18.4,ANON002.SZ,11.99,300.0,1,794321
2000-01-02 09:30:18.4,ANON002.SZ,11.99,200.0,1,794365
2000-01-02 09:30:18.41,ANON002.SZ,11.99,100.0,1,794421
2000-01-02 09:30:18.41,ANON002.SZ,11.96,700.0,1,794553
2000-01-02 09:30:18.42,ANON002.SZ,11.99,100.0,1,794590
2000-01-02 09:30:18.42,ANON002.SZ,11.99,100.0,1,794601
2000-01-02 09:30:18.55,ANON002.SZ,11.98,600.0,1,796315
2000-01-02 09:30:19.22,ANON002.SZ,11.97,100.0,-1,806427
2000-01-02 09:30:19.31,ANON002.SZ,11.99,500.0,1,807748
2000-01-02 09:30:19.34,ANON002.SZ,11.98,100.0,1,808116
2000-01-02 09:30:19.37,ANON002.SZ,11.96,100.0,-1,808432
2000-01-02 09:30:19.42,ANON002.SZ,11.91,1000.0,1,809277
2000-01-02 09:30:19.58,ANON002.SZ,11.98,5000.0,-1,811555
2000-01-02 09:30:19.68,ANON002.SZ,11.98,100.0,1,812680
2000-01-02 09:30:19.72,ANON002.SZ,11.99,2500.0,-1,813049
2000-01-02 09:30:19.72,ANON002.SZ,11.98,3300.0,1,813072
2000-01-02 09:30:19.81,ANON002.SZ,11.95,600.0,1,814655
2000-01-02 09:30:20.31,ANON002.SZ,11.95,5000.0,-1,820815
2000-01-02 09:30:20.32,ANON002.SZ,11.96,300.0,1,820866
2000-01-02 09:30:20.32,ANON002.SZ,11.96,1500.0,1,820879
2000-01-02 09:30:20.33,ANON002.SZ,11.96,400.0,1,820958
2000-01-02 09:30:20.33,ANON002.SZ,11.97,800.0,1,820959
2000-01-02 09:30:20.33,ANON002.SZ,11.95,100.0,1,821000
2000-01-02 09:30:20.54,ANON002.SZ,11.98,1000.0,1,823958
2000-01-02 09:30:20.7,ANON002.SZ,11.98,700.0,1,825357
2000-01-02 09:30:20.92,ANON002.SZ,11.32,1000.0,1,827782
2000-01-02 09:30:21,ANON002.SZ,11.99,5000.0,1,828492
2000-01-02 09:30:21.01,ANON002.SZ,11.99,600.0,-1,828534
2000-01-02 09:30:21.01,ANON002.SZ,11.99,700.0,-1,828536
2000-01-02 09:30:21.01,ANON002.SZ,11.99,200.0,-1,828551
2000-01-02 09:30:21.1,ANON002.SZ,11.99,600.0,1,829553
2000-01-02 09:30:21.12,ANON002.SZ,11.98,100.0,1,829784
2000-01-02 09:30:21.13,ANON002.SZ,11.99,800.0,1,829834
2000-01-02 09:30:21.13,ANON002.SZ,11.99,100.0,1,829927
2000-01-02 09:30:21.17,ANON002.SZ,11.99,900.0,1,830476
2000-01-02 09:30:21.19,ANON002.SZ,11.96,1600.0,-1,830663
2000-01-02 09:30:21.21,ANON002.SZ,11.99,200.0,-1,830941
2000-01-02 09:30:21.24,ANON002.SZ,11.98,600.0,1,831179
2000-01-02 09:30:21.26,ANON002.SZ,11.99,1000.0,1,831322
2000-01-02 09:30:21.26,ANON002.SZ,11.98,100.0,1,831387
2000-01-02 09:30:21.46,ANON002.SZ,11.99,200.0,-1,834336
2000-01-02 09:30:21.61,ANON002.SZ,11.98,1000.0,-1,836203
2000-01-02 09:30:21.61,ANON002.SZ,11.99,2000.0,-1,836232
2000-01-02 09:30:21.67,ANON002.SZ,11.99,900.0,1,837395
2000-01-02 09:30:21.78,ANON002.SZ,11.98,5000.0,-1,839100
2000-01-02 09:30:21.81,ANON002.SZ,11.98,800.0,-1,839394
2000-01-02 09:30:21.81,ANON002.SZ,11.98,100.0,1,839421
2000-01-02 09:30:21.88,ANON002.SZ,11.98,400.0,1,840431
2000-01-02 09:30:22.19,ANON002.SZ,11.98,1500.0,1,843729
2000-01-02 09:30:22.56,ANON002.SZ,11.99,500.0,-1,848470
2000-01-02 09:30:22.58,ANON002.SZ,12.04,400.0,-1,848644
2000-01-02 09:30:22.6,ANON002.SZ,11.99,200.0,1,848908
2000-01-02 09:30:22.72,ANON002.SZ,11.99,100.0,-1,850060
2000-01-02 09:30:22.86,ANON002.SZ,11.98,3000.0,1,851422
2000-01-02 09:30:22.99,ANON002.SZ,12.28,300.0,-1,852679
2000-01-02 09:30:23.21,ANON002.SZ,11.99,1100.0,1,854868
2000-01-02 09:30:23.21,ANON002.SZ,11.99,400.0,1,854872
2000-01-02 09:30:23.21,ANON002.SZ,11.99,600.0,1,854873
2000-01-02 09:30:23.21,ANON002.SZ,11.99,500.0,1,854874
2000-01-02 09:30:23.24,ANON002.SZ,11.99,1000.0,1,855248
2000-01-02 09:30:23.24,ANON002.SZ,11.99,2500.0,-1,855256
2000-01-02 09:30:23.24,ANON002.SZ,11.99,2500.0,-1,855265
2000-01-02 09:30:23.27,ANON002.SZ,11.99,100.0,1,855521
2000-01-02 09:30:23.33,ANON002.SZ,11.98,100.0,-1,856030
2000-01-02 09:30:23.33,ANON002.SZ,11.98,1000.0,1,856037
2000-01-02 09:30:23.33,ANON002.SZ,11.99,1600.0,1,856064
2000-01-02 09:30:23.63,ANON002.SZ,12.0,1000.0,1,858815
2000-01-02 09:30:23.7,ANON002.SZ,11.99,200.0,-1,859443
2000-01-02 09:30:23.8,ANON002.SZ,11.98,15000.0,-1,860504
2000-01-02 09:30:23.9,ANON002.SZ,11.95,100.0,1,861267
2000-01-02 09:30:24.02,ANON002.SZ,11.93,100.0,1,862164
2000-01-02 09:30:24.03,ANON002.SZ,11.96,300.0,1,862210
2000-01-02 09:30:24.03,ANON002.SZ,11.97,500.0,-1,862214
2000-01-02 09:30:24.07,ANON002.SZ,12.0,500.0,1,862756
2000-01-02 09:30:24.2,ANON002.SZ,11.96,400.0,1,863747
2000-01-02 09:30:24.21,ANON002.SZ,12.0,100.0,-1,863842
2000-01-02 09:30:24.23,ANON002.SZ,11.96,100.0,1,864018
2000-01-02 09:30:24.3,ANON002.SZ,11.98,600.0,-1,864824
2000-01-02 09:30:24.35,ANON002.SZ,11.96,200.0,1,865593
2000-01-02 09:30:24.36,ANON002.SZ,11.98,500.0,1,865696
2000-01-02 09:30:24.38,ANON002.SZ,11.96,100.0,1,865891
2000-01-02 09:30:24.4,ANON002.SZ,12.01,3200.0,1,866029
2000-01-02 09:30:24.5,ANON002.SZ,11.96,800.0,1,867124
2000-01-02 09:30:24.96,ANON002.SZ,12.0,200.0,-1,872088
2000-01-02 09:30:25.04,ANON002.SZ,12.0,400.0,-1,872831
2000-01-02 09:30:25.04,ANON002.SZ,11.97,400.0,1,872885
2000-01-02 09:30:25.04,ANON002.SZ,11.97,800.0,1,872887
2000-01-02 09:30:25.04,ANON002.SZ,11.97,1500.0,1,872891
2000-01-02 09:30:25.07,ANON002.SZ,11.97,100.0,1,873466
2000-01-02 09:30:25.08,ANON002.SZ,12.2,1400.0,1,873634
2000-01-02 09:30:25.11,ANON002.SZ,11.97,100.0,1,874100
2000-01-02 09:30:25.45,ANON002.SZ,11.97,700.0,-1,878284
2000-01-02 09:30:25.48,ANON002.SZ,11.97,200.0,1,878562
2000-01-02 09:30:25.51,ANON002.SZ,11.98,1000.0,-1,878886
2000-01-02 09:30:25.53,ANON002.SZ,11.97,600.0,1,879098
2000-01-02 09:30:25.66,ANON002.SZ,11.97,200.0,-1,880326
2000-01-02 09:30:26.14,ANON002.SZ,11.97,100.0,-1,886474
2000-01-02 09:30:26.14,ANON002.SZ,11.97,2300.0,-1,886600
2000-01-02 09:30:26.15,ANON002.SZ,11.97,2300.0,-1,886713
2000-01-02 09:30:26.17,ANON002.SZ,11.98,1500.0,-1,886962
2000-01-02 09:30:26.18,ANON002.SZ,11.96,1500.0,-1,887114
2000-01-02 09:30:26.29,ANON002.SZ,12.0,800.0,1,888305
2000-01-02 09:30:26.29,ANON002.SZ,11.96,100.0,-1,888388
2000-01-02 09:30:26.39,ANON002.SZ,11.97,100.0,-1,889452
2000-01-02 09:30:26.52,ANON002.SZ,12.02,2300.0,1,890741
2000-01-02 09:30:26.68,ANON002.SZ,12.0,1300.0,1,892248
2000-01-02 09:30:26.78,ANON002.SZ,11.98,100.0,1,893154
2000-01-02 09:30:27.08,ANON002.SZ,11.99,500.0,-1,895645
2000-01-02 09:30:27.09,ANON002.SZ,11.96,300.0,1,895686
2000-01-02 09:30:27.1,ANON002.SZ,11.97,600.0,-1,895748
2000-01-02 09:30:27.1,ANON002.SZ,11.97,4200.0,-1,895778
2000-01-02 09:30:27.11,ANON002.SZ,12.01,100.0,1,895924
2000-01-02 09:30:27.11,ANON002.SZ,11.96,200.0,1,895942
2000-01-02 09:30:27.12,ANON002.SZ,11.96,900.0,-1,895983
2000-01-02 09:30:27.12,ANON002.SZ,11.95,200.0,1,896073
2000-01-02 09:30:27.12,ANON002.SZ,11.96,2300.0,-1,896105
2000-01-02 09:30:27.22,ANON002.SZ,11.98,100.0,-1,897320
2000-01-02 09:30:27.25,ANON002.SZ,11.98,200.0,-1,897584
2000-01-02 09:30:27.37,ANON002.SZ,11.97,400.0,-1,898770
2000-01-02 09:30:27.45,ANON002.SZ,11.95,400.0,-1,899789
2000-01-02 09:30:27.46,ANON002.SZ,11.95,5700.0,-1,899921
2000-01-02 09:30:27.46,ANON002.SZ,11.95,400.0,-1,899930
2000-01-02 09:30:27.48,ANON002.SZ,11.95,100.0,1,900120
2000-01-02 09:30:27.49,ANON002.SZ,11.95,800.0,-1,900307
2000-01-02 09:30:27.49,ANON002.SZ,11.95,400.0,-1,900315
2000-01-02 09:30:27.49,ANON002.SZ,11.95,400.0,-1,900335
2000-01-02 09:30:27.49,ANON002.SZ,11.95,600.0,-1,900336
2000-01-02 09:30:27.49,ANON002.SZ,11.95,800.0,-1,900343
2000-01-02 09:30:27.49,ANON002.SZ,11.95,400.0,-1,900348
2000-01-02 09:30:27.49,ANON002.SZ,11.95,400.0,-1,900352
2000-01-02 09:30:27.49,ANON002.SZ,11.95,400.0,-1,900355
2000-01-02 09:30:27.49,ANON002.SZ,11.95,800.0,-1,900363
2000-01-02 09:30:27.49,ANON002.SZ,11.95,400.0,-1,900376
2000-01-02 09:30:27.49,ANON002.SZ,11.95,400.0,-1,900390
2000-01-02 09:30:27.49,ANON002.SZ,11.95,700.0,-1,900392
2000-01-02 09:30:27.49,ANON002.SZ,11.95,700.0,-1,900393
2000-01-02 09:30:27.49,ANON002.SZ,11.95,400.0,-1,900398
2000-01-02 09:30:27.49,ANON002.SZ,11.95,500.0,-1,900401
2000-01-02 09:30:27.5,ANON002.SZ,11.95,400.0,-1,900413
2000-01-02 09:30:27.5,ANON002.SZ,11.95,400.0,-1,900415
2000-01-02 09:30:27.5,ANON002.SZ,11.95,600.0,-1,900418
2000-01-02 09:30:27.5,ANON002.SZ,11.95,400.0,-1,900419
2000-01-02 09:30:27.5,ANON002.SZ,11.95,100.0,-1,900422
2000-01-02 09:30:27.5,ANON002.SZ,11.94,200.0,1,900426
2000-01-02 09:30:27.5,ANON002.SZ,11.95,500.0,-1,900427
2000-01-02 09:30:27.5,ANON002.SZ,11.95,400.0,-1,900434
2000-01-02 09:30:27.5,ANON002.SZ,11.95,400.0,-1,900443
2000-01-02 09:30:27.5,ANON002.SZ,11.95,500.0,-1,900444
2000-01-02 09:30:27.5,ANON002.SZ,11.95,500.0,-1,900465
2000-01-02 09:30:27.5,ANON002.SZ,11.95,400.0,-1,900524
2000-01-02 09:30:27.51,ANON002.SZ,11.95,400.0,-1,900696
2000-01-02 09:30:27.51,ANON002.SZ,11.95,800.0,-1,900723
2000-01-02 09:30:27.51,ANON002.SZ,11.95,600.0,-1,900725
2000-01-02 09:30:27.51,ANON002.SZ,11.95,400.0,-1,900822
2000-01-02 09:30:27.52,ANON002.SZ,11.95,400.0,-1,900852
2000-01-02 09:30:27.52,ANON002.SZ,11.95,800.0,-1,900859
2000-01-02 09:30:27.52,ANON002.SZ,11.95,500.0,-1,900921
2000-01-02 09:30:27.52,ANON002.SZ,11.95,400.0,-1,900929
2000-01-02 09:30:27.52,ANON002.SZ,11.95,800.0,-1,900937
2000-01-02 09:30:27.53,ANON002.SZ,11.94,500.0,-1,901006
2000-01-02 09:30:27.54,ANON002.SZ,11.95,400.0,-1,901369
2000-01-02 09:30:27.56,ANON002.SZ,11.93,1100.0,1,901680
2000-01-02 09:30:27.57,ANON002.SZ,11.95,400.0,-1,901750
2000-01-02 09:30:27.61,ANON002.SZ,12.01,300.0,-1,902192
2000-01-02 09:30:27.65,ANON002.SZ,11.93,300.0,1,902807
2000-01-02 09:30:27.67,ANON002.SZ,11.95,500.0,-1,903053
2000-01-02 09:30:27.69,ANON002.SZ,11.99,200.0,1,903358
2000-01-02 09:30:27.81,ANON002.SZ,11.99,2000.0,-1,904810
2000-01-02 09:30:27.82,ANON002.SZ,13.0,1200.0,-1,904860
2000-01-02 09:30:28.09,ANON002.SZ,11.96,1000.0,-1,907413
2000-01-02 09:30:28.09,ANON002.SZ,11.93,600.0,-1,907473
2000-01-02 09:30:28.09,ANON002.SZ,11.93,600.0,-1,907477
2000-01-02 09:30:28.14,ANON002.SZ,11.93,1100.0,-1,908138
2000-01-02 09:30:28.15,ANON002.SZ,11.91,500.0,1,908231
2000-01-02 09:30:28.15,ANON002.SZ,11.93,800.0,1,908258
2000-01-02 09:30:28.16,ANON002.SZ,11.96,1000.0,1,908338
2000-01-02 09:30:28.16,ANON002.SZ,11.98,1000.0,-1,908427
2000-01-02 09:30:28.17,ANON002.SZ,11.91,1000.0,1,908553
2000-01-02 09:30:28.19,ANON002.SZ,11.99,3000.0,-1,908839
2000-01-02 09:30:28.26,ANON002.SZ,11.96,1500.0,1,909645
2000-01-02 09:30:28.35,ANON002.SZ,11.95,600.0,-1,910754
2000-01-02 09:30:28.4,ANON002.SZ,12.25,3500.0,-1,911190
2000-01-02 09:30:28.52,ANON002.SZ,11.91,1100.0,1,912636
2000-01-02 09:30:28.57,ANON002.SZ,11.96,600.0,1,913159
2000-01-02 09:30:28.66,ANON002.SZ,11.96,500.0,-1,913957
2000-01-02 09:30:28.69,ANON002.SZ,11.95,700.0,1,914201
2000-01-02 09:30:28.98,ANON002.SZ,11.97,1100.0,1,916996
2000-01-02 09:30:29.15,ANON002.SZ,11.94,600.0,-1,918560
2000-01-02 09:30:29.24,ANON002.SZ,11.96,1000.0,-1,919368
2000-01-02 09:30:29.79,ANON002.SZ,11.96,4700.0,-1,923215
2000-01-02 09:30:29.96,ANON002.SZ,11.99,20000.0,-1,924132
2000-01-02 09:30:30.04,ANON002.SZ,11.95,200.0,-1,924679
2000-01-02 09:30:30.06,ANON002.SZ,11.91,300.0,-1,924881
2000-01-02 09:30:30.07,ANON002.SZ,11.95,200.0,-1,925065
2000-01-02 09:30:30.13,ANON002.SZ,11.95,400.0,1,925862
2000-01-02 09:30:30.25,ANON002.SZ,11.96,100.0,-1,927024
2000-01-02 09:30:30.42,ANON002.SZ,11.96,500.0,-1,928509
2000-01-02 09:30:30.47,ANON002.SZ,11.91,1000.0,1,929098
2000-01-02 09:30:30.49,ANON002.SZ,11.91,400.0,-1,929374
2000-01-02 09:30:30.49,ANON002.SZ,11.91,500.0,-1,929482
2000-01-02 09:30:30.49,ANON002.SZ,11.91,400.0,-1,929548
2000-01-02 09:30:30.49,ANON002.SZ,11.91,700.0,-1,929566
2000-01-02 09:30:30.49,ANON002.SZ,11.91,400.0,-1,929589
2000-01-02 09:30:30.5,ANON002.SZ,11.91,600.0,-1,929618
2000-01-02 09:30:30.5,ANON002.SZ,11.91,400.0,-1,929624
2000-01-02 09:30:30.5,ANON002.SZ,11.91,400.0,-1,929666
2000-01-02 09:30:30.51,ANON002.SZ,11.91,400.0,-1,929793
2000-01-02 09:30:30.53,ANON002.SZ,11.91,400.0,-1,930009
2000-01-02 09:30:30.54,ANON002.SZ,11.91,400.0,-1,930181
2000-01-02 09:30:30.54,ANON002.SZ,11.94,4200.0,-1,930384
2000-01-02 09:30:30.55,ANON002.SZ,11.91,100.0,1,930492
2000-01-02 09:30:30.56,ANON002.SZ,11.93,300.0,-1,930600
2000-01-02 09:30:30.64,ANON002.SZ,11.91,400.0,-1,931497
2000-01-02 09:30:30.7,ANON002.SZ,11.94,300.0,-1,932045
2000-01-02 09:30:30.7,ANON002.SZ,12.0,2000.0,-1,932081
2000-01-02 09:30:30.85,ANON002.SZ,12.0,500.0,1,933763
2000-01-02 09:30:31,ANON002.SZ,11.93,800.0,-1,934874
2000-01-02 09:30:31.16,ANON002.SZ,11.91,400.0,1,936693
2000-01-02 09:30:31.43,ANON002.SZ,11.93,300.0,-1,939033
2000-01-02 09:30:31.75,ANON002.SZ,11.98,100.0,-1,941859
2000-01-02 09:30:31.77,ANON002.SZ,11.98,300.0,-1,942013
2000-01-02 09:30:31.77,ANON002.SZ,11.98,800.0,-1,942037
2000-01-02 09:30:31.83,ANON002.SZ,11.99,900.0,-1,942417
2000-01-02 09:30:31.83,ANON002.SZ,11.99,400.0,-1,942419
2000-01-02 09:30:31.9,ANON002.SZ,11.91,200.0,1,943060
2000-01-02 09:30:32.11,ANON002.SZ,11.91,400.0,-1,945026
2000-01-02 09:30:32.12,ANON002.SZ,12.46,1000.0,-1,945172
2000-01-02 09:30:32.33,ANON002.SZ,11.98,500.0,-1,946538
2000-01-02 09:30:32.38,ANON002.SZ,11.98,300.0,-1,946800
2000-01-02 09:30:32.56,ANON002.SZ,12.03,2100.0,-1,948259
2000-01-02 09:30:32.77,ANON002.SZ,11.96,4200.0,1,950036
2000-01-02 09:30:32.9,ANON002.SZ,11.93,1100.0,-1,950852
2000-01-02 09:30:32.9,ANON002.SZ,11.93,400.0,-1,950902
2000-01-02 09:30:33.01,ANON002.SZ,11.83,100.0,-1,951806
2000-01-02 09:30:33.06,ANON002.SZ,11.96,200.0,-1,952270
2000-01-02 09:30:33.23,ANON002.SZ,11.94,100.0,-1,953604
2000-01-02 09:30:33.36,ANON002.SZ,11.92,500.0,-1,954647
2000-01-02 09:30:33.36,ANON002.SZ,11.92,400.0,-1,954666
2000-01-02 09:30:33.36,ANON002.SZ,11.92,500.0,1,954687
2000-01-02 09:30:33.37,ANON002.SZ,11.91,400.0,-1,954744
2000-01-02 09:30:33.37,ANON002.SZ,11.91,400.0,-1,954750
2000-01-02 09:30:33.37,ANON002.SZ,11.91,400.0,-1,954753
2000-01-02 09:30:33.37,ANON002.SZ,11.91,400.0,-1,954771
2000-01-02 09:30:33.37,ANON002.SZ,11.91,100.0,-1,954787
2000-01-02 09:30:33.37,ANON002.SZ,11.91,400.0,-1,954799
2000-01-02 09:30:33.37,ANON002.SZ,11.92,3000.0,1,954817
2000-01-02 09:30:33.37,ANON002.SZ,11.91,400.0,-1,954823
2000-01-02 09:30:33.38,ANON002.SZ,11.91,400.0,-1,954835
2000-01-02 09:30:33.38,ANON002.SZ,11.91,400.0,-1,954838
2000-01-02 09:30:33.39,ANON002.SZ,11.91,100.0,1,955059
2000-01-02 09:30:33.4,ANON002.SZ,11.92,1200.0,-1,955121
2000-01-02 09:30:33.4,ANON002.SZ,11.92,1000.0,-1,955148
2000-01-02 09:30:33.4,ANON002.SZ,11.91,400.0,-1,955153
2000-01-02 09:30:33.4,ANON002.SZ,11.92,200.0,-1,955163
2000-01-02 09:30:33.41,ANON002.SZ,11.91,400.0,-1,955186
2000-01-02 09:30:33.42,ANON002.SZ,11.92,200.0,1,955301
2000-01-02 09:30:33.42,ANON002.SZ,11.92,100.0,-1,955313
2000-01-02 09:30:33.43,ANON002.SZ,11.91,400.0,-1,955371
2000-01-02 09:30:33.43,ANON002.SZ,11.91,800.0,1,955388
2000-01-02 09:30:33.46,ANON002.SZ,11.91,400.0,1,955566
2000-01-02 09:30:33.49,ANON002.SZ,11.91,300.0,-1,955726
2000-01-02 09:30:33.51,ANON002.SZ,11.92,100.0,-1,955908
2000-01-02 09:30:33.51,ANON002.SZ,11.94,200.0,-1,955915
2000-01-02 09:30:33.57,ANON002.SZ,11.92,2700.0,-1,956351
2000-01-02 09:30:33.57,ANON002.SZ,11.92,800.0,-1,956362
2000-01-02 09:30:33.57,ANON002.SZ,11.92,1400.0,-1,956365
2000-01-02 09:30:33.57,ANON002.SZ,11.91,300.0,-1,956397
2000-01-02 09:30:33.61,ANON002.SZ,11.91,100.0,-1,957074
2000-01-02 09:30:33.62,ANON002.SZ,11.91,1000.0,-1,957137
2000-01-02 09:30:33.75,ANON002.SZ,11.93,1000.0,-1,958698
2000-01-02 09:30:33.77,ANON002.SZ,11.94,1100.0,1,958906
2000-01-02 09:30:33.78,ANON002.SZ,11.91,100.0,-1,958960
2000-01-02 09:30:33.8,ANON002.SZ,11.91,100.0,1,959143
2000-01-02 09:30:33.8,ANON002.SZ,11.99,100.0,-1,959167
2000-01-02 09:30:33.82,ANON002.SZ,11.91,300.0,-1,959341
2000-01-02 09:30:33.83,ANON002.SZ,11.92,500.0,-1,959463
2000-01-02 09:30:33.89,ANON002.SZ,11.91,100.0,-1,959963
2000-01-02 09:30:33.89,ANON002.SZ,11.91,100.0,-1,959965
2000-01-02 09:30:33.9,ANON002.SZ,11.91,400.0,-1,959993
2000-01-02 09:30:33.91,ANON002.SZ,11.91,1000.0,1,960045
2000-01-02 09:30:34,ANON002.SZ,11.93,1200.0,-1,960608
2000-01-02 09:30:34.03,ANON002.SZ,11.91,100.0,-1,960851
2000-01-02 09:30:34.03,ANON002.SZ,11.91,100.0,-1,960854
2000-01-02 09:30:34.04,ANON002.SZ,11.91,100.0,1,960870
2000-01-02 09:30:34.13,ANON002.SZ,11.91,100.0,-1,962136
2000-01-02 09:30:34.13,ANON002.SZ,11.91,100.0,-1,962138
2000-01-02 09:30:34.39,ANON002.SZ,11.94,300.0,1,964287
2000-01-02 09:30:34.42,ANON002.SZ,11.91,300.0,-1,964560
2000-01-02 09:30:34.43,ANON002.SZ,11.91,300.0,-1,964626
2000-01-02 09:30:34.71,ANON002.SZ,11.91,100.0,-1,967385
2000-01-02 09:30:34.72,ANON002.SZ,11.91,100.0,1,967449
2000-01-02 09:30:34.73,ANON002.SZ,11.91,600.0,-1,967553
2000-01-02 09:30:34.75,ANON002.SZ,11.99,1800.0,-1,967718
2000-01-02 09:30:34.76,ANON002.SZ,11.99,100.0,-1,967759
2000-01-02 09:30:34.78,ANON002.SZ,11.99,100.0,-1,967988
2000-01-02 09:30:34.82,ANON002.SZ,11.91,1500.0,-1,968290
2000-01-02 09:30:35.02,ANON002.SZ,11.92,100.0,-1,969627
2000-01-02 09:30:35.06,ANON002.SZ,11.91,5000.0,1,969928
2000-01-02 09:30:35.08,ANON002.SZ,11.9,100.0,1,970084
2000-01-02 09:30:35.11,ANON002.SZ,11.91,800.0,-1,970255
2000-01-02 09:30:35.11,ANON002.SZ,11.91,100.0,-1,970266
2000-01-02 09:30:35.11,ANON002.SZ,11.91,100.0,-1,970268
2000-01-02 09:30:35.21,ANON002.SZ,11.96,100.0,-1,971085
2000-01-02 09:30:35.26,ANON002.SZ,12.05,900.0,1,971422
2000-01-02 09:30:35.27,ANON002.SZ,11.91,200.0,1,971459
2000-01-02 09:30:35.39,ANON002.SZ,11.96,100.0,-1,972306
2000-01-02 09:30:35.39,ANON002.SZ,11.96,100.0,-1,972312
2000-01-02 09:30:35.39,ANON002.SZ,11.96,100.0,-1,972315
2000-01-02 09:30:35.39,ANON002.SZ,11.96,100.0,-1,972317
2000-01-02 09:30:35.48,ANON002.SZ,11.91,100.0,1,972987
2000-01-02 09:30:35.5,ANON002.SZ,11.91,200.0,1,973090
2000-01-02 09:30:35.75,ANON002.SZ,11.99,300.0,-1,975106
2000-01-02 09:30:35.76,ANON002.SZ,11.99,300.0,-1,975308
2000-01-02 09:30:35.76,ANON002.SZ,11.99,300.0,-1,975313
2000-01-02 09:30:35.87,ANON002.SZ,11.9,1000.0,1,976159
2000-01-02 09:30:36,ANON002.SZ,11.91,2200.0,1,977131
2000-01-02 09:30:36.09,ANON002.SZ,11.91,400.0,1,978054
2000-01-02 09:30:36.22,ANON002.SZ,11.93,100.0,-1,979259
2000-01-02 09:30:36.26,ANON002.SZ,11.91,700.0,1,979712
2000-01-02 09:30:36.3,ANON002.SZ,11.9,4800.0,1,979979
2000-01-02 09:30:36.41,ANON002.SZ,11.93,200.0,-1,980980
2000-01-02 09:30:36.42,ANON002.SZ,11.92,3600.0,1,981023
2000-01-02 09:30:36.46,ANON002.SZ,11.91,100.0,-1,981365
2000-01-02 09:30:36.46,ANON002.SZ,11.91,400.0,-1,981376
2000-01-02 09:30:36.47,ANON002.SZ,11.91,400.0,-1,981423
2000-01-02 09:30:36.47,ANON002.SZ,11.91,400.0,-1,981457
2000-01-02 09:30:36.48,ANON002.SZ,11.91,400.0,-1,981500
2000-01-02 09:30:36.49,ANON002.SZ,11.91,400.0,-1,981589
2000-01-02 09:30:36.5,ANON002.SZ,11.91,400.0,-1,981634
2000-01-02 09:30:36.5,ANON002.SZ,11.91,100.0,1,981638
2000-01-02 09:30:36.53,ANON002.SZ,11.93,1000.0,1,981971
2000-01-02 09:30:36.57,ANON002.SZ,11.92,100.0,-1,982415
2000-01-02 09:30:36.58,ANON002.SZ,11.95,1900.0,-1,982541
2000-01-02 09:30:36.62,ANON002.SZ,11.91,100.0,-1,982873
2000-01-02 09:30:36.83,ANON002.SZ,11.92,500.0,-1,985097
2000-01-02 09:30:36.9,ANON002.SZ,12.0,100.0,-1,985749
2000-01-02 09:30:36.9,ANON002.SZ,12.0,100.0,-1,985750
2000-01-02 09:30:36.9,ANON002.SZ,12.0,100.0,-1,985754
2000-01-02 09:30:36.9,ANON002.SZ,12.0,100.0,-1,985766
2000-01-02 09:30:37,ANON002.SZ,11.91,600.0,-1,986417
2000-01-02 09:30:37.08,ANON002.SZ,11.96,300.0,1,987374
2000-01-02 09:30:37.49,ANON002.SZ,11.91,100.0,1,991024
2000-01-02 09:30:37.6,ANON002.SZ,12.12,200.0,-1,992272
2000-01-02 09:30:37.82,ANON002.SZ,12.06,100.0,-1,994304
2000-01-02 09:30:37.85,ANON002.SZ,12.0,500.0,-1,994429
2000-01-02 09:30:37.89,ANON002.SZ,11.93,600.0,1,994794
2000-01-02 09:30:38,ANON002.SZ,11.92,100.0,-1,995406
2000-01-02 09:30:38,ANON002.SZ,11.91,200.0,1,995464
2000-01-02 09:30:38,ANON002.SZ,11.91,1400.0,1,995468
2000-01-02 09:30:38.14,ANON002.SZ,11.92,100.0,-1,996506
2000-01-02 09:30:38.14,ANON002.SZ,11.92,200.0,-1,996509
2000-01-02 09:30:38.15,ANON002.SZ,11.92,400.0,1,996542
2000-01-02 09:30:38.19,ANON002.SZ,11.92,100.0,-1,996815
2000-01-02 09:30:38.22,ANON002.SZ,11.91,500.0,1,996970
2000-01-02 09:30:38.25,ANON002.SZ,11.87,500.0,-1,997157
2000-01-02 09:30:38.55,ANON002.SZ,12.04,2300.0,-1,999254
2000-01-02 09:30:38.69,ANON002.SZ,11.93,2600.0,1,1000166
2000-01-02 09:30:38.71,ANON002.SZ,11.91,100.0,1,1000334
2000-01-02 09:30:38.73,ANON002.SZ,12.0,100.0,-1,1000484
2000-01-02 09:30:38.95,ANON002.SZ,11.91,2000.0,1,1001677
2000-01-02 09:30:39.01,ANON002.SZ,11.93,5000.0,1,1002116
2000-01-02 09:30:39.04,ANON002.SZ,11.93,200.0,1,1002302
2000-01-02 09:30:39.11,ANON002.SZ,12.35,3500.0,-1,1002750
2000-01-02 09:30:39.15,ANON002.SZ,11.8,500.0,1,1003052
2000-01-02 09:30:39.29,ANON002.SZ,12.05,3000.0,-1,1004095
2000-01-02 09:30:39.41,ANON002.SZ,11.93,400.0,1,1005103
2000-01-02 09:30:39.44,ANON002.SZ,11.93,100.0,-1,1005326
2000-01-02 09:30:39.44,ANON002.SZ,11.93,100.0,-1,1005328
2000-01-02 09:30:39.45,ANON002.SZ,11.94,100.0,1,1005381
2000-01-02 09:30:39.46,ANON002.SZ,11.93,400.0,-1,1005482
2000-01-02 09:30:39.46,ANON002.SZ,11.93,400.0,-1,1005486
2000-01-02 09:30:39.47,ANON002.SZ,11.93,400.0,-1,1005571
2000-01-02 09:30:39.47,ANON002.SZ,11.93,400.0,-1,1005635
2000-01-02 09:30:39.48,ANON002.SZ,11.92,600.0,-1,1005676
2000-01-02 09:30:39.48,ANON002.SZ,11.93,200.0,-1,1005702
2000-01-02 09:30:39.48,ANON002.SZ,11.93,100.0,-1,1005705
2000-01-02 09:30:39.48,ANON002.SZ,11.93,100.0,-1,1005712
2000-01-02 09:30:39.48,ANON002.SZ,11.93,100.0,-1,1005714
2000-01-02 09:30:39.48,ANON002.SZ,11.93,500.0,-1,1005716
2000-01-02 09:30:39.48,ANON002.SZ,11.93,200.0,-1,1005718
2000-01-02 09:30:39.5,ANON002.SZ,11.91,200.0,-1,1005933
2000-01-02 09:30:39.51,ANON002.SZ,11.93,200.0,-1,1005948
2000-01-02 09:30:39.51,ANON002.SZ,11.93,400.0,-1,1005999
2000-01-02 09:30:39.58,ANON002.SZ,11.94,600.0,1,1006608
2000-01-02 09:30:39.59,ANON002.SZ,11.93,100.0,-1,1006624
2000-01-02 09:30:39.68,ANON002.SZ,11.92,500.0,1,1007323
2000-01-02 09:30:39.8,ANON002.SZ,11.93,300.0,1,1008404
2000-01-02 09:30:39.89,ANON002.SZ,12.04,1000.0,-1,1009020
2000-01-02 09:30:39.91,ANON002.SZ,11.92,200.0,1,1009169
2000-01-02 09:30:39.95,ANON002.SZ,11.92,500.0,-1,1009408
2000-01-02 09:30:39.97,ANON002.SZ,11.91,1500.0,-1,1009600
2000-01-02 09:30:40,ANON002.SZ,11.92,400.0,1,1009874
2000-01-02 09:30:40.01,ANON002.SZ,11.93,200.0,1,1009918
2000-01-02 09:30:40.01,ANON002.SZ,11.93,100.0,1,1009922
2000-01-02 09:30:40.01,ANON002.SZ,11.93,1400.0,1,1009933
2000-01-02 09:30:40.05,ANON002.SZ,11.85,1000.0,1,1010259
2000-01-02 09:30:40.07,ANON002.SZ,11.92,100.0,1,1010404
2000-01-02 09:30:40.15,ANON002.SZ,11.92,100.0,-1,1011087
2000-01-02 09:30:40.15,ANON002.SZ,11.94,700.0,1,1011092
2000-01-02 09:30:40.55,ANON002.SZ,11.93,100.0,-1,1014088
2000-01-02 09:30:40.57,ANON002.SZ,11.91,500.0,1,1014227
2000-01-02 09:30:40.59,ANON002.SZ,11.95,22300.0,1,1014404
2000-01-02 09:30:40.61,ANON002.SZ,11.93,400.0,1,1014586
2000-01-02 09:30:40.62,ANON002.SZ,11.93,100.0,1,1014663
2000-01-02 09:30:40.64,ANON002.SZ,11.94,1800.0,1,1014828
2000-01-02 09:30:40.65,ANON002.SZ,11.92,3000.0,1,1014951
2000-01-02 09:30:40.69,ANON002.SZ,11.95,200.0,1,1015291
2000-01-02 09:30:41.08,ANON002.SZ,11.93,4300.0,1,1018330
2000-01-02 09:30:41.48,ANON002.SZ,11.95,100.0,1,1020759
2000-01-02 09:30:41.63,ANON002.SZ,11.94,1000.0,-1,1021706
2000-01-02 09:30:41.66,ANON002.SZ,11.94,200.0,1,1021892
2000-01-02 09:30:41.73,ANON002.SZ,11.92,500.0,1,1022397
2000-01-02 09:30:41.86,ANON002.SZ,11.92,500.0,1,1023496
2000-01-02 09:30:42.23,ANON002.SZ,11.94,300.0,1,1025932
2000-01-02 09:30:42.24,ANON002.SZ,11.95,1400.0,1,1026001
2000-01-02 09:30:42.24,ANON002.SZ,11.96,6700.0,1,1026023
2000-01-02 09:30:42.25,ANON002.SZ,11.94,100.0,1,1026173
2000-01-02 09:30:42.44,ANON002.SZ,11.94,100.0,-1,1027509
2000-01-02 09:30:42.45,ANON002.SZ,11.97,200.0,1,1027571
2000-01-02 09:30:42.45,ANON002.SZ,11.97,600.0,1,1027635
2000-01-02 09:30:42.46,ANON002.SZ,11.97,300.0,1,1027688
2000-01-02 09:30:42.46,ANON002.SZ,11.95,100.0,1,1027742
2000-01-02 09:30:42.46,ANON002.SZ,11.97,2200.0,1,1027750
2000-01-02 09:30:42.46,ANON002.SZ,11.97,1200.0,1,1027754
2000-01-02 09:30:42.46,ANON002.SZ,11.97,300.0,-1,1027790
2000-01-02 09:30:42.47,ANON002.SZ,11.97,300.0,-1,1027801
2000-01-02 09:30:42.56,ANON002.SZ,11.97,300.0,1,1028530
2000-01-02 09:30:42.57,ANON002.SZ,11.95,300.0,1,1028729
2000-01-02 09:30:42.6,ANON002.SZ,11.94,900.0,1,1028922
2000-01-02 09:30:42.7,ANON002.SZ,11.94,100.0,-1,1029880
2000-01-02 09:30:42.82,ANON002.SZ,11.93,400.0,1,1030986
2000-01-02 09:30:42.86,ANON002.SZ,11.95,100.0,-1,1031224
2000-01-02 09:30:42.93,ANON002.SZ,11.92,1800.0,-1,1031670
2000-01-02 09:30:42.95,ANON002.SZ,11.95,300.0,1,1031756
2000-01-02 09:30:42.95,ANON002.SZ,11.94,100.0,1,1031794
2000-01-02 09:30:42.96,ANON002.SZ,11.95,600.0,1,1031865
2000-01-02 09:30:42.99,ANON002.SZ,11.92,5000.0,1,1032026
2000-01-02 09:30:43.08,ANON002.SZ,11.94,3900.0,1,1032856
2000-01-02 09:30:43.1,ANON002.SZ,11.92,2000.0,1,1033092
2000-01-02 09:30:43.21,ANON002.SZ,11.95,700.0,1,1033681
2000-01-02 09:30:43.23,ANON002.SZ,11.95,100.0,1,1033850
2000-01-02 09:30:43.27,ANON002.SZ,11.91,100.0,1,1034125
2000-01-02 09:30:43.43,ANON002.SZ,11.94,100.0,-1,1035414
2000-01-02 09:30:43.55,ANON002.SZ,11.93,200.0,1,1036398
2000-01-02 09:30:43.57,ANON002.SZ,11.93,2000.0,-1,1036536
2000-01-02 09:30:43.65,ANON002.SZ,12.0,100.0,-1,1037075
2000-01-02 09:30:44.01,ANON002.SZ,11.91,200.0,-1,1039546
2000-01-02 09:30:44.19,ANON002.SZ,11.92,500.0,1,1040712
2000-01-02 09:30:44.79,ANON002.SZ,11.85,500.0,1,1044283
2000-01-02 09:30:45.12,ANON002.SZ,11.98,100.0,-1,1046586
2000-01-02 09:30:45.3,ANON002.SZ,11.95,3000.0,1,1047978
2000-01-02 09:30:45.32,ANON002.SZ,11.95,100.0,1,1048075
2000-01-02 09:30:45.32,ANON002.SZ,11.95,100.0,1,1048102
2000-01-02 09:30:45.35,ANON002.SZ,11.93,100.0,-1,1048414
2000-01-02 09:30:45.39,ANON002.SZ,11.98,1000.0,1,1048680
2000-01-02 09:30:45.39,ANON002.SZ,11.98,1300.0,1,1048687
2000-01-02 09:30:45.39,ANON002.SZ,11.98,500.0,1,1048690
2000-01-02 09:30:45.39,ANON002.SZ,11.98,1200.0,1,1048692
2000-01-02 09:30:45.39,ANON002.SZ,11.98,400.0,1,1048694
2000-01-02 09:30:45.4,ANON002.SZ,11.98,600.0,1,1048732
2000-01-02 09:30:45.44,ANON002.SZ,11.98,100.0,1,1049061
2000-01-02 09:30:45.44,ANON002.SZ,11.98,100.0,1,1049066
2000-01-02 09:30:45.45,ANON002.SZ,11.95,100.0,1,1049118
2000-01-02 09:30:45.45,ANON002.SZ,11.98,500.0,1,1049128
2000-01-02 09:30:45.46,ANON002.SZ,11.98,500.0,1,1049130
2000-01-02 09:30:45.67,ANON002.SZ,11.89,1200.0,1,1050745
2000-01-02 09:30:45.69,ANON002.SZ,11.96,100.0,1,1050852
2000-01-02 09:30:45.72,ANON002.SZ,11.96,200.0,-1,1051209
2000-01-02 09:30:45.73,ANON002.SZ,11.96,100.0,1,1051265
2000-01-02 09:30:45.74,ANON002.SZ,11.98,3200.0,1,1051352
2000-01-02 09:30:45.74,ANON002.SZ,11.95,100.0,1,1051438
2000-01-02 09:30:45.78,ANON002.SZ,11.86,1000.0,1,1051817
2000-01-02 09:30:45.81,ANON002.SZ,11.94,600.0,1,1052086
2000-01-02 09:30:45.85,ANON002.SZ,11.8,4300.0,1,1052301
2000-01-02 09:30:45.87,ANON002.SZ,11.97,7400.0,1,1052414
2000-01-02 09:30:45.87,ANON002.SZ,11.97,7000.0,-1,1052435
2000-01-02 09:30:45.87,ANON002.SZ,11.97,1900.0,-1,1052462
2000-01-02 09:30:46.05,ANON002.SZ,11.83,1200.0,1,1053363
2000-01-02 09:30:46.07,ANON002.SZ,11.96,1500.0,1,1053555
2000-01-02 09:30:46.09,ANON002.SZ,11.96,300.0,1,1053889
2000-01-02 09:30:46.11,ANON002.SZ,11.94,600.0,1,1054064
2000-01-02 09:30:46.31,ANON002.SZ,11.96,100.0,-1,1055170
2000-01-02 09:30:46.4,ANON002.SZ,11.99,3000.0,-1,1055649
2000-01-02 09:30:46.54,ANON002.SZ,11.98,100.0,1,1056668
2000-01-02 09:30:46.66,ANON002.SZ,11.87,300.0,-1,1057553
2000-01-02 09:30:46.67,ANON002.SZ,11.98,700.0,1,1057586
2000-01-02 09:30:46.69,ANON002.SZ,11.98,1300.0,1,1057694
2000-01-02 09:30:46.69,ANON002.SZ,11.98,100.0,-1,1057719
2000-01-02 09:30:46.69,ANON002.SZ,11.98,300.0,-1,1057721
2000-01-02 09:30:46.69,ANON002.SZ,11.98,300.0,-1,1057725
2000-01-02 09:30:47.01,ANON002.SZ,12.0,400.0,1,1059747
2000-01-02 09:30:47.15,ANON002.SZ,11.93,500.0,1,1060908
2000-01-02 09:30:47.74,ANON002.SZ,11.94,200.0,1,1064081
2000-01-02 09:30:47.78,ANON002.SZ,11.97,4100.0,1,1064349
2000-01-02 09:30:47.81,ANON002.SZ,11.94,600.0,1,1064481
2000-01-02 09:30:47.82,ANON002.SZ,11.97,400.0,1,1064524
2000-01-02 09:30:47.89,ANON002.SZ,11.98,800.0,1,1064912
2000-01-02 09:30:47.9,ANON002.SZ,11.98,800.0,-1,1064933
2000-01-02 09:30:48.51,ANON002.SZ,11.94,1000.0,1,1069421
2000-01-02 09:30:48.53,ANON002.SZ,11.98,900.0,-1,1069698
2000-01-02 09:30:48.55,ANON002.SZ,13.0,500.0,-1,1069852
2000-01-02 09:30:48.57,ANON002.SZ,11.94,500.0,-1,1070045
2000-01-02 09:30:48.66,ANON002.SZ,11.91,5600.0,1,1070786
2000-01-02 09:30:48.66,ANON002.SZ,11.93,400.0,1,1070856
2000-01-02 09:30:48.81,ANON002.SZ,11.96,200.0,-1,1072057
2000-01-02 09:30:49.88,ANON002.SZ,11.92,300.0,-1,1079199
2000-01-02 09:30:49.89,ANON002.SZ,11.95,1400.0,-1,1079229
2000-01-02 09:30:49.9,ANON002.SZ,11.97,200.0,1,1079294
2000-01-02 09:30:49.9,ANON002.SZ,11.98,200.0,-1,1079300
2000-01-02 09:30:49.95,ANON002.SZ,11.95,50000.0,-1,1079474
2000-01-02 09:30:49.96,ANON002.SZ,11.95,400.0,1,1079502
2000-01-02 09:30:49.96,ANON002.SZ,11.95,7200.0,1,1079518
2000-01-02 09:30:49.96,ANON002.SZ,11.95,18100.0,1,1079520
2000-01-02 09:30:49.96,ANON002.SZ,11.95,1200.0,1,1079522
2000-01-02 09:30:49.96,ANON002.SZ,11.95,18500.0,1,1079543
2000-01-02 09:30:49.97,ANON002.SZ,11.94,200.0,1,1079550
2000-01-02 09:30:49.97,ANON002.SZ,11.95,17300.0,1,1079561
2000-01-02 09:30:49.97,ANON002.SZ,11.95,16500.0,1,1079566
2000-01-02 09:30:49.97,ANON002.SZ,11.95,1200.0,1,1079567
2000-01-02 09:30:49.98,ANON002.SZ,11.95,1400.0,1,1079625
2000-01-02 09:30:49.98,ANON002.SZ,11.95,1400.0,1,1079627
2000-01-02 09:30:49.98,ANON002.SZ,11.94,1400.0,1,1079628
2000-01-02 09:30:49.98,ANON002.SZ,11.94,1400.0,1,1079629
2000-01-02 09:30:50,ANON002.SZ,11.95,300.0,1,1079694
2000-01-02 09:30:50.05,ANON002.SZ,11.96,1800.0,1,1080016
2000-01-02 09:30:50.05,ANON002.SZ,11.96,500.0,1,1080030
2000-01-02 09:30:50.06,ANON002.SZ,11.96,500.0,1,1080063
2000-01-02 09:30:50.06,ANON002.SZ,11.96,400.0,1,1080067
2000-01-02 09:30:50.06,ANON002.SZ,11.96,500.0,1,1080109
2000-01-02 09:30:50.06,ANON002.SZ,11.98,900.0,1,1080110
2000-01-02 09:30:50.07,ANON002.SZ,11.99,200.0,1,1080176
2000-01-02 09:30:50.07,ANON002.SZ,11.96,900.0,1,1080184
2000-01-02 09:30:50.22,ANON002.SZ,11.98,100.0,1,1080918
2000-01-02 09:30:50.23,ANON002.SZ,11.98,100.0,-1,1080924
2000-01-02 09:30:50.23,ANON002.SZ,11.98,100.0,-1,1080946
2000-01-02 09:30:50.48,ANON002.SZ,11.96,300.0,1,1082612
2000-01-02 09:30:50.53,ANON002.SZ,11.92,5000.0,1,1082966
2000-01-02 09:30:50.9,ANON002.SZ,11.96,200.0,1,1085286
2000-01-02 09:30:50.93,ANON002.SZ,11.98,700.0,1,1085378
2000-01-02 09:30:50.93,ANON002.SZ,11.98,600.0,-1,1085390
2000-01-02 09:30:50.93,ANON002.SZ,11.98,600.0,-1,1085392
2000-01-02 09:30:50.95,ANON002.SZ,11.98,100.0,1,1085450
2000-01-02 09:30:51.09,ANON002.SZ,11.94,1100.0,1,1086193
2000-01-02 09:30:51.44,ANON002.SZ,11.99,700.0,1,1088713
2000-01-02 09:30:51.44,ANON002.SZ,11.99,200.0,1,1088716
2000-01-02 09:30:51.44,ANON002.SZ,11.99,400.0,1,1088718
2000-01-02 09:30:51.44,ANON002.SZ,11.99,300.0,1,1088720
2000-01-02 09:30:51.44,ANON002.SZ,11.99,400.0,1,1088722
2000-01-02 09:30:51.44,ANON002.SZ,11.99,400.0,1,1088724
2000-01-02 09:30:51.44,ANON002.SZ,11.99,500.0,1,1088727
2000-01-02 09:30:51.44,ANON002.SZ,11.99,100.0,1,1088729
2000-01-02 09:30:51.44,ANON002.SZ,11.99,600.0,1,1088731
2000-01-02 09:30:51.44,ANON002.SZ,11.99,100.0,1,1088733
2000-01-02 09:30:51.44,ANON002.SZ,11.99,200.0,1,1088735
2000-01-02 09:30:51.45,ANON002.SZ,11.96,100.0,1,1088764
2000-01-02 09:30:51.45,ANON002.SZ,11.96,1000.0,1,1088786
2000-01-02 09:30:51.46,ANON002.SZ,11.96,1000.0,1,1088843
2000-01-02 09:30:51.46,ANON002.SZ,11.99,100.0,-1,1088874
2000-01-02 09:30:51.53,ANON002.SZ,11.99,100.0,1,1089313
2000-01-02 09:30:51.54,ANON002.SZ,11.99,100.0,1,1089373
2000-01-02 09:30:51.67,ANON002.SZ,11.95,1200.0,1,1090314
2000-01-02 09:30:51.88,ANON002.SZ,11.98,2000.0,1,1091787
2000-01-02 09:30:51.89,ANON002.SZ,11.98,2000.0,-1,1091812
2000-01-02 09:30:51.89,ANON002.SZ,11.98,2000.0,-1,1091841
2000-01-02 09:30:51.9,ANON002.SZ,11.98,300.0,1,1091921
2000-01-02 09:30:51.91,ANON002.SZ,11.98,200.0,1,1091928
2000-01-02 09:30:51.97,ANON002.SZ,12.0,7000.0,1,1092422
2000-01-02 09:30:52.28,ANON002.SZ,11.99,100.0,1,1094820
2000-01-02 09:30:52.36,ANON002.SZ,11.98,400.0,-1,1095336
2000-01-02 09:30:52.42,ANON002.SZ,11.93,400.0,1,1095771
2000-01-02 09:30:52.54,ANON002.SZ,11.99,100.0,1,1096515
2000-01-02 09:30:52.8,ANON002.SZ,11.98,2000.0,-1,1098338
2000-01-02 09:30:53.01,ANON002.SZ,11.93,1000.0,1,1099236
2000-01-02 09:30:53.28,ANON002.SZ,11.9,300.0,1,1100751
2000-01-02 09:30:53.64,ANON002.SZ,11.96,500.0,1,1102492
2000-01-02 09:30:53.87,ANON002.SZ,11.98,1000.0,-1,1103707
2000-01-02 09:30:53.94,ANON002.SZ,11.98,3000.0,-1,1104087
2000-01-02 09:30:54.09,ANON002.SZ,11.98,1300.0,1,1104955
2000-01-02 09:30:54.1,ANON002.SZ,11.97,200.0,1,1104968
2000-01-02 09:30:54.36,ANON002.SZ,11.98,100.0,1,1106711
2000-01-02 09:30:54.61,ANON002.SZ,11.97,3000.0,1,1108279
2000-01-02 09:30:54.64,ANON002.SZ,11.97,100.0,1,1108492
2000-01-02 09:30:54.65,ANON002.SZ,11.91,4100.0,1,1108535
2000-01-02 09:30:54.74,ANON002.SZ,11.97,500.0,1,1109201
2000-01-02 09:30:55.15,ANON002.SZ,11.97,900.0,1,1111554
2000-01-02 09:30:55.41,ANON002.SZ,11.98,500.0,-1,1113254
2000-01-02 09:30:55.46,ANON002.SZ,11.93,6900.0,1,1113650
2000-01-02 09:30:55.49,ANON002.SZ,11.71,600.0,1,1113885
2000-01-02 09:30:55.81,ANON002.SZ,11.99,200.0,1,1115888
2000-01-02 09:30:56.31,ANON002.SZ,12.05,500.0,-1,1118616
2000-01-02 09:30:56.41,ANON002.SZ,11.98,400.0,-1,1119018
2000-01-02 09:30:56.44,ANON002.SZ,11.98,200.0,-1,1119115
2000-01-02 09:30:56.68,ANON002.SZ,11.96,4900.0,1,1120479
2000-01-02 09:30:56.94,ANON002.SZ,11.98,100.0,1,1121689
2000-01-02 09:30:57.05,ANON002.SZ,11.98,500.0,-1,1122254
2000-01-02 09:30:57.23,ANON002.SZ,11.98,100.0,-1,1123207
2000-01-02 09:30:57.31,ANON002.SZ,11.97,100.0,1,1123754
2000-01-02 09:30:57.45,ANON002.SZ,11.97,400.0,-1,1124585
2000-01-02 09:30:57.46,ANON002.SZ,11.97,400.0,-1,1124594
2000-01-02 09:30:57.46,ANON002.SZ,11.97,500.0,-1,1124603
2000-01-02 09:30:57.46,ANON002.SZ,11.97,500.0,-1,1124606
2000-01-02 09:30:57.46,ANON002.SZ,11.97,400.0,-1,1124641
2000-01-02 09:30:57.46,ANON002.SZ,11.97,400.0,-1,1124659
2000-01-02 09:30:57.46,ANON002.SZ,11.97,400.0,-1,1124661
2000-01-02 09:30:57.46,ANON002.SZ,11.97,400.0,-1,1124665
2000-01-02 09:30:57.46,ANON002.SZ,11.97,4000.0,-1,1124674
2000-01-02 09:30:57.46,ANON002.SZ,11.97,400.0,-1,1124684
2000-01-02 09:30:57.47,ANON002.SZ,11.97,400.0,-1,1124688
2000-01-02 09:30:57.47,ANON002.SZ,11.97,400.0,-1,1124692
2000-01-02 09:30:57.47,ANON002.SZ,11.98,100.0,-1,1124727
2000-01-02 09:30:57.47,ANON002.SZ,11.97,400.0,-1,1124734
2000-01-02 09:30:57.47,ANON002.SZ,11.97,400.0,-1,1124741
2000-01-02 09:30:57.48,ANON002.SZ,11.97,400.0,-1,1124810
2000-01-02 09:30:57.48,ANON002.SZ,11.97,400.0,-1,1124811
2000-01-02 09:30:57.48,ANON002.SZ,11.97,400.0,-1,1124822
2000-01-02 09:30:57.49,ANON002.SZ,11.97,400.0,-1,1124836
2000-01-02 09:30:57.49,ANON002.SZ,11.97,100.0,1,1124851
2000-01-02 09:30:57.49,ANON002.SZ,11.97,400.0,-1,1124861
2000-01-02 09:30:57.49,ANON002.SZ,11.97,400.0,-1,1124877
2000-01-02 09:30:57.5,ANON002.SZ,11.96,500.0,-1,1124998
2000-01-02 09:30:57.73,ANON002.SZ,12.06,300.0,-1,1126692
2000-01-02 09:30:57.92,ANON002.SZ,11.96,200.0,1,1127604
2000-01-02 09:30:58.04,ANON002.SZ,12.97,2000.0,-1,1128182
2000-01-02 09:30:58.05,ANON002.SZ,11.99,400.0,1,1128247
2000-01-02 09:30:58.08,ANON002.SZ,11.96,300.0,1,1128443
2000-01-02 09:30:58.08,ANON002.SZ,11.97,400.0,-1,1128451
2000-01-02 09:30:58.11,ANON002.SZ,11.97,500.0,-1,1128599
2000-01-02 09:30:58.13,ANON002.SZ,11.97,1000.0,1,1128777
2000-01-02 09:30:58.34,ANON002.SZ,11.94,500.0,1,1130044
2000-01-02 09:30:58.42,ANON002.SZ,11.81,1000.0,1,1130682
2000-01-02 09:30:58.62,ANON002.SZ,12.15,500.0,-1,1131860
2000-01-02 09:30:58.64,ANON002.SZ,11.99,200.0,-1,1132016
2000-01-02 09:30:58.67,ANON002.SZ,11.97,4000.0,-1,1132182
2000-01-02 09:30:58.94,ANON002.SZ,11.98,300.0,1,1133810
2000-01-02 09:30:59.11,ANON002.SZ,11.96,500.0,-1,1134675
2000-01-02 09:30:59.57,ANON002.SZ,11.97,200.0,-1,1136837
2000-01-02 09:30:59.62,ANON002.SZ,11.95,1500.0,1,1137083
2000-01-02 09:30:59.64,ANON002.SZ,13.0,200.0,-1,1137208
2000-01-02 09:30:59.76,ANON002.SZ,11.97,1000.0,-1,1137747
2000-01-02 09:30:59.77,ANON002.SZ,12.28,200.0,-1,1137808
2000-01-02 09:30:59.88,ANON002.SZ,11.97,100.0,1,1138355
