datetime,sym,price,size,side,orderid
2000-01-13 09:15:00.01,ANON013.SH,7.78,100.0,1,55
2000-01-13 09:15:00.01,ANON013.SH,8.85,1700.0,-1,184
2000-01-13 09:15:00.01,ANON013.SH,7.78,100.0,1,221
2000-01-13 09:15:00.01,ANON013.SH,7.78,100.0,1,292
2000-01-13 09:15:00.07,ANON013.SH,7.78,100.0,1,445
2000-01-13 09:15:00.08,ANON013.SH,7.82,100.0,1,666
2000-01-13 09:15:00.12,ANON013.SH,7.78,100.0,1,806
2000-01-13 09:15:00.12,ANON013.SH,7.78,100.0,1,1118
2000-01-13 09:15:00.12,ANON013.SH,7.78,100.0,1,1123
2000-01-13 09:15:00.27,ANON013.SH,7.78,100.0,1,1266
2000-01-13 09:15:00.27,ANON013.SH,7.78,100.0,1,1272
2000-01-13 09:15:00.29,ANON013.SH,7.78,100.0,1,1457
2000-01-13 09:15:00.29,ANON013.SH,7.82,200.0,1,1577
2000-01-13 09:15:00.29,ANON013.SH,7.82,100.0,1,1580
2000-01-13 09:15:00.29,ANON013.SH,7.82,200.0,1,1583
2000-01-13 09:15:00.32,ANON013.SH,8.79,500.0,-1,1832
2000-01-13 09:15:00.32,ANON013.SH,9.5,5000.0,-1,2000
2000-01-13 09:15:00.44,ANON013.SH,8.85,500.0,-1,2607
2000-01-13 09:15:00.44,ANON013.SH,8.73,500.0,-1,2611
2000-01-13 09:15:00.47,ANON013.SH,8.73,500.0,-1,3218
2000-01-13 09:15:00.47,ANON013.SH,8.64,1300.0,1,3450
2000-01-13 09:15:01.06,ANON013.SH,9.27,4800.0,-1,4086
2000-01-13 09:15:01.06,ANON013.SH,8.8,6000.0,-1,4144
2000-01-13 09:15:01.06,ANON013.SH,8.85,6000.0,-1,4160
2000-01-13 09:15:01.06,ANON013.SH,8.9,6000.0,-1,4161
2000-01-13 09:15:01.16,ANON013.SH,9.0,1000.0,-1,4334
2000-01-13 09:15:01.19,ANON013.SH,8.54,6000.0,1,4482
2000-01-13 09:15:01.3,ANON013.SH,8.99,600.0,-1,4745
2000-01-13 09:15:01.32,ANON013.SH,8.44,2400.0,1,4888
2000-01-13 09:15:01.35,ANON013.SH,9.49,50000.0,-1,4967
2000-01-13 09:15:01.35,ANON013.SH,9.4,200.0,-1,5443
2000-01-13 09:15:01.35,ANON013.SH,8.71,300.0,-1,5714
2000-01-13 09:15:01.35,ANON013.SH,8.88,1400.0,-1,5759
2000-01-13 09:15:01.35,ANON013.SH,8.89,300.0,-1,5806
2000-01-13 09:15:01.35,ANON013.SH,9.03,10000.0,-1,5846
2000-01-13 09:15:01.35,ANON013.SH,9.43,10000.0,-1,5866
2000-01-13 09:15:01.35,ANON013.SH,9.07,300.0,-1,5876
2000-01-13 09:15:01.35,ANON013.SH,9.25,300.0,-1,5900
2000-01-13 09:15:01.35,ANON013.SH,7.84,300.0,1,5901
2000-01-13 09:15:01.35,ANON013.SH,8.8,1000.0,-1,5980
2000-01-13 09:15:01.35,ANON013.SH,8.9,1000.0,-1,5981
2000-01-13 09:15:01.35,ANON013.SH,9.0,1000.0,-1,5999
2000-01-13 09:15:01.35,ANON013.SH,8.88,10000.0,-1,6029
2000-01-13 09:15:01.41,ANON013.SH,8.75,6000.0,-1,6259
2000-01-13 09:15:01.41,ANON013.SH,9.18,500.0,-1,6325
2000-01-13 09:15:01.41,ANON013.SH,8.96,5000.0,-1,6334
2000-01-13 09:15:01.41,ANON013.SH,8.8,1000.0,-1,6467
2000-01-13 09:15:01.41,ANON013.SH,8.42,1000.0,1,6546
2000-01-13 09:15:01.41,ANON013.SH,8.66,1000.0,-1,6870
2000-01-13 09:15:01.41,ANON013.SH,9.23,3100.0,-1,6949
2000-01-13 09:15:01.41,ANON013.SH,8.66,300.0,-1,7377
2000-01-13 09:15:01.41,ANON013.SH,8.56,1900.0,1,7424
2000-01-13 09:15:01.41,ANON013.SH,8.5,1900.0,1,7425
2000-01-13 09:15:01.41,ANON013.SH,8.84,400.0,-1,7790
2000-01-13 09:15:01.41,ANON013.SH,9.5,2000.0,-1,7943
2000-01-13 09:15:01.53,ANON013.SH,9.0,200.0,-1,8081
2000-01-13 09:15:01.53,ANON013.SH,8.8,300.0,-1,8096
2000-01-13 09:15:01.53,ANON013.SH,8.9,300.0,-1,8281
2000-01-13 09:15:01.53,ANON013.SH,8.47,8800.0,1,8315
2000-01-13 09:15:01.53,ANON013.SH,8.72,500.0,-1,8590
2000-01-13 09:15:01.53,ANON013.SH,8.86,500.0,-1,8596
2000-01-13 09:15:01.53,ANON013.SH,9.12,500.0,-1,8597
2000-01-13 09:15:01.53,ANON013.SH,9.38,500.0,-1,8600
2000-01-13 09:15:01.53,ANON013.SH,9.5,1000.0,-1,9032
2000-01-13 09:15:01.53,ANON013.SH,8.8,800.0,-1,9216
2000-01-13 09:15:01.53,ANON013.SH,8.79,1600.0,-1,9240
2000-01-13 09:15:01.53,ANON013.SH,8.93,500.0,-1,9281
2000-01-13 09:15:01.53,ANON013.SH,9.44,500.0,-1,9292
2000-01-13 09:15:01.53,ANON013.SH,8.12,500.0,1,9323
2000-01-13 09:15:01.53,ANON013.SH,8.68,1000.0,-1,9700
2000-01-13 09:15:01.53,ANON013.SH,9.38,1000.0,-1,9916
2000-01-13 09:15:01.65,ANON013.SH,8.79,2500.0,-1,10186
2000-01-13 09:15:01.65,ANON013.SH,9.3,10000.0,-1,10269
2000-01-13 09:15:01.65,ANON013.SH,9.5,500.0,-1,10366
2000-01-13 09:15:01.65,ANON013.SH,8.9,100.0,-1,10422
2000-01-13 09:15:01.65,ANON013.SH,8.64,100.0,1,10527
2000-01-13 09:15:01.65,ANON013.SH,9.5,27400.0,-1,10554
2000-01-13 09:15:01.65,ANON013.SH,8.94,4500.0,-1,10647
2000-01-13 09:15:01.65,ANON013.SH,8.69,5000.0,-1,10648
2000-01-13 09:15:01.65,ANON013.SH,9.28,300.0,-1,10650
2000-01-13 09:15:01.65,ANON013.SH,8.83,300.0,-1,10841
2000-01-13 09:15:01.65,ANON013.SH,8.88,400.0,-1,10903
2000-01-13 09:15:01.65,ANON013.SH,9.5,5000.0,-1,10906
2000-01-13 09:15:01.65,ANON013.SH,8.21,1300.0,1,10986
2000-01-13 09:15:01.65,ANON013.SH,9.0,1200.0,-1,10995
2000-01-13 09:15:01.65,ANON013.SH,8.83,1300.0,-1,11001
2000-01-13 09:15:01.65,ANON013.SH,8.63,7400.0,-1,11024
2000-01-13 09:15:01.65,ANON013.SH,8.64,3100.0,-1,11025
2000-01-13 09:15:01.97,ANON013.SH,9.5,10000.0,-1,12021
2000-01-13 09:15:02.09,ANON013.SH,8.9,6000.0,-1,12572
2000-01-13 09:15:02.09,ANON013.SH,8.93,1000.0,-1,12938
2000-01-13 09:15:02.14,ANON013.SH,8.81,500.0,-1,13348
2000-01-13 09:15:02.14,ANON013.SH,8.88,100.0,-1,13538
2000-01-13 09:15:02.14,ANON013.SH,9.5,3000.0,-1,13962
2000-01-13 09:15:02.14,ANON013.SH,9.0,3800.0,-1,14105
2000-01-13 09:15:02.26,ANON013.SH,9.0,500.0,-1,14523
2000-01-13 09:15:02.26,ANON013.SH,9.5,300.0,-1,14856
2000-01-13 09:15:02.26,ANON013.SH,9.0,300.0,-1,14899
2000-01-13 09:15:02.26,ANON013.SH,8.75,300.0,-1,14900
2000-01-13 09:15:02.26,ANON013.SH,8.84,400.0,-1,14907
2000-01-13 09:15:02.26,ANON013.SH,8.68,100.0,-1,14998
2000-01-13 09:15:02.26,ANON013.SH,8.9,4000.0,-1,15285
2000-01-13 09:15:02.26,ANON013.SH,9.2,4000.0,-1,15290
2000-01-13 09:15:02.26,ANON013.SH,8.93,2200.0,-1,15507
2000-01-13 09:15:02.26,ANON013.SH,9.13,2200.0,-1,15508
2000-01-13 09:15:02.26,ANON013.SH,9.33,2200.0,-1,15509
2000-01-13 09:15:02.26,ANON013.SH,9.49,2200.0,-1,15510
2000-01-13 09:15:02.26,ANON013.SH,8.51,200.0,1,15600
2000-01-13 09:15:02.26,ANON013.SH,8.64,4700.0,1,15876
2000-01-13 09:15:02.38,ANON013.SH,8.68,500.0,-1,16431
2000-01-13 09:15:02.38,ANON013.SH,8.72,500.0,-1,16432
2000-01-13 09:15:02.38,ANON013.SH,8.76,500.0,-1,16433
2000-01-13 09:15:02.38,ANON013.SH,8.8,1000.0,-1,16457
2000-01-13 09:15:02.38,ANON013.SH,8.85,1500.0,-1,16458
2000-01-13 09:15:02.38,ANON013.SH,8.75,900.0,-1,16462
2000-01-13 09:15:02.38,ANON013.SH,8.9,2000.0,-1,16472
2000-01-13 09:15:02.38,ANON013.SH,8.47,1000.0,1,16473
2000-01-13 09:15:02.39,ANON013.SH,7.8,100.0,1,17607
2000-01-13 09:15:02.39,ANON013.SH,9.5,100.0,-1,17633
2000-01-13 09:15:02.39,ANON013.SH,8.43,4000.0,1,17691
2000-01-13 09:15:02.39,ANON013.SH,9.45,500.0,-1,17761
2000-01-13 09:15:02.39,ANON013.SH,8.46,2000.0,1,17861
2000-01-13 09:15:02.39,ANON013.SH,8.5,10000.0,1,17967
2000-01-13 09:15:02.39,ANON013.SH,9.03,300.0,-1,18076
2000-01-13 09:15:02.5,ANON013.SH,8.79,1200.0,-1,18573
2000-01-13 09:15:02.5,ANON013.SH,8.78,500.0,-1,18832
2000-01-13 09:15:02.5,ANON013.SH,9.5,400.0,-1,18854
2000-01-13 09:15:02.5,ANON013.SH,8.9,500.0,-1,19022
2000-01-13 09:15:02.5,ANON013.SH,8.78,1000.0,-1,20050
2000-01-13 09:15:02.5,ANON013.SH,9.5,1200.0,-1,20075
2000-01-13 09:15:02.5,ANON013.SH,9.5,1200.0,-1,20122
2000-01-13 09:15:02.63,ANON013.SH,8.63,500.0,-1,20331
2000-01-13 09:15:02.63,ANON013.SH,8.69,1000.0,-1,20696
2000-01-13 09:15:02.63,ANON013.SH,8.96,842.0,-1,20898
2000-01-13 09:15:02.63,ANON013.SH,8.87,1000.0,-1,21067
2000-01-13 09:15:02.75,ANON013.SH,8.2,6000.0,1,22647
2000-01-13 09:15:02.75,ANON013.SH,8.31,30000.0,1,23140
2000-01-13 09:15:02.75,ANON013.SH,8.95,5000.0,-1,23183
2000-01-13 09:15:02.75,ANON013.SH,8.93,600.0,-1,23245
2000-01-13 09:15:02.75,ANON013.SH,8.72,500.0,-1,23656
2000-01-13 09:15:02.75,ANON013.SH,9.35,2800.0,-1,23662
2000-01-13 09:15:02.75,ANON013.SH,9.11,2800.0,-1,23694
2000-01-13 09:15:02.75,ANON013.SH,8.7,1000.0,-1,23753
2000-01-13 09:15:02.75,ANON013.SH,8.79,100.0,-1,23957
2000-01-13 09:15:02.75,ANON013.SH,8.8,100.0,-1,23968
2000-01-13 09:15:02.87,ANON013.SH,8.4,300.0,1,24257
2000-01-13 09:15:02.87,ANON013.SH,9.08,500.0,-1,24303
2000-01-13 09:15:02.87,ANON013.SH,8.88,1200.0,-1,24371
2000-01-13 09:15:02.87,ANON013.SH,8.94,2000.0,-1,25288
2000-01-13 09:15:02.87,ANON013.SH,8.7,1200.0,-1,25640
2000-01-13 09:15:03,ANON013.SH,8.86,3000.0,-1,26203
2000-01-13 09:15:03,ANON013.SH,8.73,2300.0,-1,26884
2000-01-13 09:15:03,ANON013.SH,8.85,25900.0,-1,27010
2000-01-13 09:15:03,ANON013.SH,9.0,8800.0,-1,27021
2000-01-13 09:15:03,ANON013.SH,8.81,400.0,-1,27231
2000-01-13 09:15:03,ANON013.SH,8.83,200.0,-1,27377
2000-01-13 09:15:03,ANON013.SH,9.03,100.0,-1,27378
2000-01-13 09:15:03,ANON013.SH,9.26,100.0,-1,27486
2000-01-13 09:15:03,ANON013.SH,9.5,500.0,-1,27938
2000-01-13 09:15:03.13,ANON013.SH,8.64,500.0,1,28581
2000-01-13 09:15:03.13,ANON013.SH,8.7,700.0,-1,28755
2000-01-13 09:15:03.13,ANON013.SH,8.91,2000.0,-1,28893
2000-01-13 09:15:03.13,ANON013.SH,8.45,100.0,1,28927
2000-01-13 09:15:03.13,ANON013.SH,8.87,500.0,-1,29107
2000-01-13 09:15:03.13,ANON013.SH,9.49,1500.0,-1,29464
2000-01-13 09:15:03.13,ANON013.SH,8.72,1000.0,-1,29504
2000-01-13 09:15:03.13,ANON013.SH,8.8,4600.0,-1,29619
2000-01-13 09:15:03.13,ANON013.SH,9.5,700.0,-1,29746
2000-01-13 09:15:03.13,ANON013.SH,8.6,3700.0,1,29798
2000-01-13 09:15:03.13,ANON013.SH,8.7,3500.0,-1,29821
2000-01-13 09:15:03.13,ANON013.SH,8.55,500.0,1,30003
2000-01-13 09:15:03.26,ANON013.SH,8.63,26200.0,-1,31151
2000-01-13 09:15:03.26,ANON013.SH,8.7,1000.0,-1,31167
2000-01-13 09:15:03.26,ANON013.SH,9.26,1000.0,-1,31171
2000-01-13 09:15:03.26,ANON013.SH,8.8,1000.0,-1,31178
2000-01-13 09:15:03.26,ANON013.SH,9.5,100.0,-1,31496
2000-01-13 09:15:03.26,ANON013.SH,8.68,1500.0,-1,31526
2000-01-13 09:15:03.26,ANON013.SH,9.2,4000.0,-1,31564
2000-01-13 09:15:03.26,ANON013.SH,8.64,400.0,-1,31688
2000-01-13 09:15:03.26,ANON013.SH,8.73,1500.0,-1,31689
2000-01-13 09:15:03.26,ANON013.SH,8.78,1500.0,-1,31690
2000-01-13 09:15:03.26,ANON013.SH,8.83,1500.0,-1,31708
2000-01-13 09:15:03.26,ANON013.SH,8.88,1500.0,-1,31715
2000-01-13 09:15:03.4,ANON013.SH,8.52,1700.0,1,32113
2000-01-13 09:15:03.4,ANON013.SH,7.93,100.0,1,32257
2000-01-13 09:15:03.4,ANON013.SH,9.0,200.0,-1,32279
2000-01-13 09:15:03.4,ANON013.SH,8.93,200.0,-1,32282
2000-01-13 09:15:03.4,ANON013.SH,8.77,200.0,-1,32289
2000-01-13 09:15:03.4,ANON013.SH,8.7,200.0,-1,32343
2000-01-13 09:15:03.4,ANON013.SH,8.93,1500.0,-1,32456
2000-01-13 09:15:03.4,ANON013.SH,8.98,1500.0,-1,32483
2000-01-13 09:15:03.4,ANON013.SH,8.8,200.0,-1,32505
2000-01-13 09:15:03.4,ANON013.SH,9.2,200.0,-1,32655
2000-01-13 09:15:03.4,ANON013.SH,8.85,200.0,-1,32698
2000-01-13 09:15:03.4,ANON013.SH,8.54,3300.0,1,33007
2000-01-13 09:15:03.4,ANON013.SH,8.44,3300.0,1,33010
2000-01-13 09:15:03.4,ANON013.SH,8.34,3400.0,1,33047
2000-01-13 09:15:03.4,ANON013.SH,8.74,3200.0,-1,33108
2000-01-13 09:15:03.4,ANON013.SH,8.84,3200.0,-1,33121
2000-01-13 09:15:03.4,ANON013.SH,8.94,3200.0,-1,33122
2000-01-13 09:15:03.4,ANON013.SH,9.04,3200.0,-1,33150
2000-01-13 09:15:03.4,ANON013.SH,9.14,3100.0,-1,33151
2000-01-13 09:15:03.4,ANON013.SH,9.24,3100.0,-1,33152
2000-01-13 09:15:03.4,ANON013.SH,9.34,3200.0,-1,33166
2000-01-13 09:15:03.4,ANON013.SH,9.44,3200.0,-1,33169
2000-01-13 09:15:03.4,ANON013.SH,8.41,1000.0,1,33220
2000-01-13 09:15:03.4,ANON013.SH,9.5,100.0,-1,33221
2000-01-13 09:15:03.4,ANON013.SH,8.31,2500.0,1,33275
2000-01-13 09:15:03.4,ANON013.SH,8.7,1000.0,-1,33881
2000-01-13 09:15:03.4,ANON013.SH,9.49,250000.0,-1,33944
2000-01-13 09:15:03.52,ANON013.SH,9.48,40000.0,-1,33999
2000-01-13 09:15:03.52,ANON013.SH,8.99,3000.0,-1,34129
2000-01-13 09:15:03.52,ANON013.SH,9.5,100.0,-1,34176
2000-01-13 09:15:03.52,ANON013.SH,8.85,1000.0,-1,34191
2000-01-13 09:15:03.52,ANON013.SH,9.5,167700.0,-1,34372
2000-01-13 09:15:03.52,ANON013.SH,8.7,100.0,-1,34671
2000-01-13 09:15:03.52,ANON013.SH,9.18,100.0,-1,34672
2000-01-13 09:15:03.52,ANON013.SH,8.7,2000.0,-1,35091
2000-01-13 09:15:03.52,ANON013.SH,8.7,5000.0,-1,35491
2000-01-13 09:15:03.52,ANON013.SH,8.74,5000.0,-1,35578
2000-01-13 09:15:03.52,ANON013.SH,8.78,10000.0,-1,35579
2000-01-13 09:15:03.52,ANON013.SH,8.11,200.0,1,35665
2000-01-13 09:15:03.52,ANON013.SH,8.6,5000.0,1,35685
2000-01-13 09:15:03.52,ANON013.SH,8.7,200.0,-1,35691
2000-01-13 09:15:03.52,ANON013.SH,8.59,5000.0,1,35710
2000-01-13 09:15:03.52,ANON013.SH,8.69,4000.0,-1,35765
2000-01-13 09:15:03.52,ANON013.SH,8.58,5000.0,1,35772
2000-01-13 09:15:03.52,ANON013.SH,8.69,200.0,-1,35791
2000-01-13 09:15:03.52,ANON013.SH,8.57,5000.0,1,35825
2000-01-13 09:15:03.52,ANON013.SH,8.55,10000.0,1,35895
2000-01-13 09:15:03.65,ANON013.SH,8.53,10000.0,1,35955
2000-01-13 09:15:03.65,ANON013.SH,8.83,300.0,-1,36031
2000-01-13 09:15:03.65,ANON013.SH,8.79,200.0,-1,36077
2000-01-13 09:15:03.65,ANON013.SH,8.5,2000.0,1,36259
2000-01-13 09:15:03.65,ANON013.SH,8.64,200.0,-1,37108
2000-01-13 09:15:03.65,ANON013.SH,9.5,600.0,-1,37162
2000-01-13 09:15:03.65,ANON013.SH,8.7,1100.0,-1,37388
2000-01-13 09:15:03.65,ANON013.SH,8.68,1000.0,-1,37613
2000-01-13 09:15:03.65,ANON013.SH,8.68,1500.0,-1,37862
2000-01-13 09:15:03.65,ANON013.SH,8.88,1500.0,-1,37864
2000-01-13 09:15:03.65,ANON013.SH,9.19,1500.0,-1,37874
2000-01-13 09:15:03.65,ANON013.SH,9.39,1500.0,-1,37876
2000-01-13 09:15:03.78,ANON013.SH,8.96,2000.0,-1,37933
2000-01-13 09:15:03.78,ANON013.SH,8.8,300.0,-1,38166
2000-01-13 09:15:03.78,ANON013.SH,9.11,400.0,-1,38834
2000-01-13 09:15:03.84,ANON013.SH,9.01,6900.0,-1,38931
2000-01-13 09:15:03.84,ANON013.SH,9.06,500.0,-1,39134
2000-01-13 09:15:03.84,ANON013.SH,7.88,500.0,1,39139
2000-01-13 09:15:03.84,ANON013.SH,8.7,500.0,-1,39163
2000-01-13 09:15:03.84,ANON013.SH,8.96,1000.0,-1,39202
2000-01-13 09:15:03.84,ANON013.SH,9.16,1000.0,-1,39203
2000-01-13 09:15:03.84,ANON013.SH,9.5,1000.0,-1,40286
2000-01-13 09:15:03.84,ANON013.SH,8.7,1000.0,-1,40353
2000-01-13 09:15:03.84,ANON013.SH,8.76,1000.0,-1,40354
2000-01-13 09:15:03.84,ANON013.SH,8.8,1000.0,-1,40355
2000-01-13 09:15:03.84,ANON013.SH,8.45,3000.0,1,40455
2000-01-13 09:15:03.84,ANON013.SH,8.37,3000.0,1,40472
2000-01-13 09:15:03.84,ANON013.SH,8.88,400.0,-1,40603
2000-01-13 09:15:03.84,ANON013.SH,8.68,7600.0,-1,40625
2000-01-13 09:15:03.84,ANON013.SH,8.89,200.0,-1,40788
2000-01-13 09:15:03.98,ANON013.SH,8.58,1000.0,1,41409
2000-01-13 09:15:03.98,ANON013.SH,8.5,1000.0,1,41426
2000-01-13 09:15:03.98,ANON013.SH,9.5,780.0,-1,41558
2000-01-13 09:15:03.98,ANON013.SH,8.52,1000.0,1,41705
2000-01-13 09:15:03.98,ANON013.SH,8.51,3300.0,1,41781
2000-01-13 09:15:03.98,ANON013.SH,9.18,2000.0,-1,41815
2000-01-13 09:15:03.98,ANON013.SH,8.53,1300.0,-1,41885
2000-01-13 09:15:03.98,ANON013.SH,8.83,10000.0,-1,42064
2000-01-13 09:15:03.98,ANON013.SH,9.11,20000.0,-1,42076
2000-01-13 09:15:03.98,ANON013.SH,8.71,3700.0,-1,42079
2000-01-13 09:15:03.98,ANON013.SH,8.81,3700.0,-1,42087
2000-01-13 09:15:03.98,ANON013.SH,8.91,3700.0,-1,42099
2000-01-13 09:15:03.98,ANON013.SH,9.01,3700.0,-1,42124
2000-01-13 09:15:03.98,ANON013.SH,9.11,3600.0,-1,42133
2000-01-13 09:15:03.98,ANON013.SH,9.21,3600.0,-1,42149
2000-01-13 09:15:03.98,ANON013.SH,9.31,3600.0,-1,42169
2000-01-13 09:15:03.98,ANON013.SH,8.76,1000.0,-1,42174
2000-01-13 09:15:03.98,ANON013.SH,8.86,3000.0,-1,42706
2000-01-13 09:15:03.98,ANON013.SH,8.85,49500.0,-1,42764
2000-01-13 09:15:04.11,ANON013.SH,8.72,400.0,-1,43316
2000-01-13 09:15:04.11,ANON013.SH,8.48,10000.0,1,43677
2000-01-13 09:15:04.11,ANON013.SH,8.51,3000.0,1,43700
2000-01-13 09:15:04.11,ANON013.SH,9.0,3500.0,-1,43731
2000-01-13 09:15:04.11,ANON013.SH,9.3,20000.0,-1,43737
2000-01-13 09:15:04.11,ANON013.SH,8.52,1500.0,1,43739
2000-01-13 09:15:04.11,ANON013.SH,8.47,1500.0,1,43740
2000-01-13 09:15:04.11,ANON013.SH,8.42,1500.0,1,43741
2000-01-13 09:15:04.11,ANON013.SH,8.37,1500.0,1,43768
2000-01-13 09:15:04.11,ANON013.SH,9.23,10000.0,-1,43866
2000-01-13 09:15:04.11,ANON013.SH,9.5,400.0,-1,43875
2000-01-13 09:15:04.11,ANON013.SH,9.3,400.0,-1,43876
2000-01-13 09:15:04.11,ANON013.SH,9.1,400.0,-1,43896
2000-01-13 09:15:04.11,ANON013.SH,8.48,1100.0,1,43948
2000-01-13 09:15:04.11,ANON013.SH,8.9,400.0,-1,43962
2000-01-13 09:15:04.11,ANON013.SH,8.7,400.0,-1,44563
2000-01-13 09:15:04.11,ANON013.SH,8.65,200.0,-1,44567
2000-01-13 09:15:04.11,ANON013.SH,8.85,500.0,-1,44575
2000-01-13 09:15:04.11,ANON013.SH,8.88,5300.0,-1,44700
2000-01-13 09:15:04.25,ANON013.SH,9.43,1000.0,-1,45334
2000-01-13 09:15:04.25,ANON013.SH,8.81,600.0,-1,45357
2000-01-13 09:15:04.25,ANON013.SH,8.7,200.0,-1,45363
2000-01-13 09:15:04.25,ANON013.SH,9.33,600.0,-1,45486
2000-01-13 09:15:04.25,ANON013.SH,8.72,1200.0,1,45583
2000-01-13 09:15:04.25,ANON013.SH,8.93,10000.0,-1,46165
2000-01-13 09:15:04.25,ANON013.SH,9.33,20000.0,-1,46181
2000-01-13 09:15:04.4,ANON013.SH,8.52,1000.0,1,47151
2000-01-13 09:15:04.4,ANON013.SH,8.51,800.0,1,47167
2000-01-13 09:15:04.4,ANON013.SH,9.49,1000.0,-1,47284
2000-01-13 09:15:04.4,ANON013.SH,8.8,1000.0,-1,47332
2000-01-13 09:15:04.4,ANON013.SH,8.8,400.0,-1,47461
2000-01-13 09:15:04.4,ANON013.SH,8.68,100.0,-1,47817
2000-01-13 09:15:04.4,ANON013.SH,8.86,5000.0,-1,47924
2000-01-13 09:15:04.4,ANON013.SH,8.78,100.0,-1,47955
2000-01-13 09:15:04.54,ANON013.SH,8.74,1200.0,-1,48888
2000-01-13 09:15:04.54,ANON013.SH,8.7,500.0,-1,48956
2000-01-13 09:15:04.54,ANON013.SH,9.42,2030.0,-1,49015
2000-01-13 09:15:04.54,ANON013.SH,8.45,100.0,1,49462
2000-01-13 09:15:04.54,ANON013.SH,9.47,1000.0,-1,49468
2000-01-13 09:15:04.54,ANON013.SH,9.45,100.0,-1,49778
2000-01-13 09:15:04.54,ANON013.SH,8.68,400.0,-1,49848
2000-01-13 09:15:04.54,ANON013.SH,8.78,400.0,-1,49849
2000-01-13 09:15:04.54,ANON013.SH,8.88,400.0,-1,49991
2000-01-13 09:15:04.54,ANON013.SH,8.68,400.0,-1,50339
2000-01-13 09:15:04.54,ANON013.SH,8.78,400.0,-1,50340
2000-01-13 09:15:04.54,ANON013.SH,8.88,400.0,-1,50341
2000-01-13 09:15:04.67,ANON013.SH,8.7,700.0,-1,50719
2000-01-13 09:15:04.67,ANON013.SH,8.53,800.0,-1,50769
2000-01-13 09:15:04.67,ANON013.SH,8.9,2100.0,-1,51052
2000-01-13 09:15:04.67,ANON013.SH,9.5,4500.0,-1,51258
2000-01-13 09:15:04.67,ANON013.SH,8.66,2000.0,-1,51888
2000-01-13 09:15:04.67,ANON013.SH,8.69,2000.0,-1,51892
2000-01-13 09:15:04.67,ANON013.SH,8.71,2300.0,-1,51893
2000-01-13 09:15:04.67,ANON013.SH,8.9,800.0,-1,52344
2000-01-13 09:15:04.67,ANON013.SH,8.88,1000.0,-1,52360
2000-01-13 09:15:04.79,ANON013.SH,8.82,2000.0,-1,52696
2000-01-13 09:15:04.79,ANON013.SH,9.03,4000.0,-1,52697
2000-01-13 09:15:04.79,ANON013.SH,9.5,5000.0,-1,52698
2000-01-13 09:15:04.79,ANON013.SH,8.85,300.0,-1,52905
2000-01-13 09:15:04.79,ANON013.SH,9.5,2800.0,-1,53080
2000-01-13 09:15:04.79,ANON013.SH,9.42,2800.0,-1,53086
2000-01-13 09:15:04.79,ANON013.SH,9.27,2800.0,-1,53093
2000-01-13 09:15:04.79,ANON013.SH,9.19,2800.0,-1,53096
2000-01-13 09:15:04.79,ANON013.SH,9.03,2800.0,-1,53099
2000-01-13 09:15:04.79,ANON013.SH,8.7,1300.0,-1,53116
2000-01-13 09:15:04.79,ANON013.SH,8.95,2800.0,-1,53152
2000-01-13 09:15:04.79,ANON013.SH,8.87,2800.0,-1,53157
2000-01-13 09:15:04.79,ANON013.SH,8.79,2800.0,-1,53158
2000-01-13 09:15:04.79,ANON013.SH,9.19,800.0,-1,53168
2000-01-13 09:15:04.79,ANON013.SH,8.71,2000.0,-1,53218
2000-01-13 09:15:04.79,ANON013.SH,8.69,10000.0,-1,53439
2000-01-13 09:15:04.79,ANON013.SH,8.27,800.0,1,53631
2000-01-13 09:15:04.79,ANON013.SH,8.8,800.0,-1,53691
2000-01-13 09:15:04.79,ANON013.SH,8.83,2000.0,-1,53919
2000-01-13 09:15:04.79,ANON013.SH,9.09,500.0,-1,54146
2000-01-13 09:15:04.79,ANON013.SH,9.03,600.0,-1,54181
2000-01-13 09:15:04.79,ANON013.SH,8.96,400.0,-1,54224
2000-01-13 09:15:04.79,ANON013.SH,8.2,10000.0,1,54414
2000-01-13 09:15:04.79,ANON013.SH,8.7,10000.0,-1,54417
2000-01-13 09:15:04.93,ANON013.SH,8.64,1000.0,1,54852
2000-01-13 09:15:04.93,ANON013.SH,8.78,100.0,-1,54865
2000-01-13 09:15:04.93,ANON013.SH,9.0,200.0,-1,55161
2000-01-13 09:15:04.93,ANON013.SH,8.65,50000.0,-1,55501
2000-01-13 09:15:04.93,ANON013.SH,8.66,100000.0,-1,55502
2000-01-13 09:15:04.93,ANON013.SH,8.7,100000.0,-1,55503
2000-01-13 09:15:04.93,ANON013.SH,8.75,100000.0,-1,55506
2000-01-13 09:15:04.93,ANON013.SH,8.8,100000.0,-1,55516
2000-01-13 09:15:04.93,ANON013.SH,9.0,2000.0,-1,55518
2000-01-13 09:15:04.93,ANON013.SH,8.7,1000.0,-1,55590
2000-01-13 09:15:04.93,ANON013.SH,8.8,1000.0,-1,55595
2000-01-13 09:15:04.93,ANON013.SH,8.9,1000.0,-1,55599
2000-01-13 09:15:04.93,ANON013.SH,8.96,200.0,-1,55746
2000-01-13 09:15:04.93,ANON013.SH,8.8,5000.0,-1,55903
2000-01-13 09:15:04.93,ANON013.SH,9.34,2000.0,-1,56062
2000-01-13 09:15:04.93,ANON013.SH,8.62,600.0,1,56118
2000-01-13 09:15:04.93,ANON013.SH,8.7,300.0,-1,56136
2000-01-13 09:15:04.93,ANON013.SH,8.83,2100.0,-1,56186
2000-01-13 09:15:04.93,ANON013.SH,8.7,1000.0,-1,56317
2000-01-13 09:15:04.93,ANON013.SH,8.74,12700.0,-1,56453
2000-01-13 09:15:05.07,ANON013.SH,8.8,2000.0,-1,56726
2000-01-13 09:15:05.07,ANON013.SH,8.54,100.0,1,57101
2000-01-13 09:15:05.07,ANON013.SH,8.5,100.0,1,57102
2000-01-13 09:15:05.07,ANON013.SH,8.8,100.0,-1,57810
2000-01-13 09:15:05.17,ANON013.SH,8.8,2000.0,-1,58026
2000-01-13 09:15:05.17,ANON013.SH,8.9,500.0,-1,58430
2000-01-13 09:15:05.17,ANON013.SH,8.86,500.0,-1,58499
2000-01-13 09:15:05.17,ANON013.SH,8.59,1200.0,-1,58520
2000-01-13 09:15:05.17,ANON013.SH,8.99,5000.0,-1,58639
2000-01-13 09:15:05.17,ANON013.SH,8.69,5900.0,-1,59090
2000-01-13 09:15:05.17,ANON013.SH,8.98,200.0,-1,59215
2000-01-13 09:15:05.17,ANON013.SH,8.72,5000.0,-1,59357
2000-01-13 09:15:05.17,ANON013.SH,8.64,8900.0,1,59722
2000-01-13 09:15:05.3,ANON013.SH,8.69,300.0,-1,60036
2000-01-13 09:15:05.3,ANON013.SH,8.86,2500.0,-1,60081
2000-01-13 09:15:05.3,ANON013.SH,8.36,2500.0,1,60082
2000-01-13 09:15:05.3,ANON013.SH,8.11,2500.0,1,60084
2000-01-13 09:15:05.3,ANON013.SH,7.86,2500.0,1,60085
2000-01-13 09:15:05.3,ANON013.SH,8.56,2100.0,1,60108
2000-01-13 09:15:05.3,ANON013.SH,8.26,400.0,1,60166
2000-01-13 09:15:05.3,ANON013.SH,8.06,400.0,1,60172
2000-01-13 09:15:05.3,ANON013.SH,9.48,400.0,-1,60205
2000-01-13 09:15:05.3,ANON013.SH,9.15,500.0,-1,60217
2000-01-13 09:15:05.3,ANON013.SH,8.69,5000.0,-1,60427
2000-01-13 09:15:05.3,ANON013.SH,8.79,5000.0,-1,60430
2000-01-13 09:15:05.3,ANON013.SH,8.89,5000.0,-1,60431
2000-01-13 09:15:05.3,ANON013.SH,8.99,5000.0,-1,60435
2000-01-13 09:15:05.3,ANON013.SH,9.09,5000.0,-1,60437
2000-01-13 09:15:05.3,ANON013.SH,9.19,5000.0,-1,60438
2000-01-13 09:15:05.3,ANON013.SH,9.29,5000.0,-1,60439
2000-01-13 09:15:05.3,ANON013.SH,8.62,300.0,1,60463
2000-01-13 09:15:05.3,ANON013.SH,8.4,5000.0,1,60496
2000-01-13 09:15:05.3,ANON013.SH,8.2,5000.0,1,60498
2000-01-13 09:15:05.3,ANON013.SH,8.0,5000.0,1,60500
2000-01-13 09:15:05.3,ANON013.SH,8.99,28600.0,-1,60536
2000-01-13 09:15:05.3,ANON013.SH,8.95,10000.0,-1,60548
2000-01-13 09:15:05.3,ANON013.SH,8.78,2000.0,-1,60586
2000-01-13 09:15:05.3,ANON013.SH,8.7,1000.0,-1,60712
2000-01-13 09:15:05.3,ANON013.SH,8.5,1000.0,1,60713
2000-01-13 09:15:05.3,ANON013.SH,9.23,3000.0,-1,60813
2000-01-13 09:15:05.3,ANON013.SH,8.8,14700.0,-1,60868
2000-01-13 09:15:05.3,ANON013.SH,8.75,200.0,-1,60997
2000-01-13 09:15:05.3,ANON013.SH,8.86,2000.0,-1,61434
2000-01-13 09:15:05.3,ANON013.SH,8.73,900.0,-1,61481
2000-01-13 09:15:05.3,ANON013.SH,9.0,500.0,-1,61560
2000-01-13 09:15:05.3,ANON013.SH,8.88,1500.0,-1,61565
2000-01-13 09:15:05.3,ANON013.SH,9.5,1000.0,-1,61788
2000-01-13 09:15:05.3,ANON013.SH,9.0,500.0,-1,61789
2000-01-13 09:15:05.45,ANON013.SH,9.49,28600.0,-1,62176
2000-01-13 09:15:05.45,ANON013.SH,8.99,1000.0,-1,62342
2000-01-13 09:15:05.45,ANON013.SH,8.83,100.0,-1,63186
2000-01-13 09:15:05.45,ANON013.SH,9.5,2000.0,-1,63294
2000-01-13 09:15:05.45,ANON013.SH,9.39,1500.0,-1,63331
2000-01-13 09:15:05.45,ANON013.SH,8.88,200.0,-1,63448
2000-01-13 09:15:05.59,ANON013.SH,8.88,300.0,-1,63898
2000-01-13 09:15:05.59,ANON013.SH,8.8,200.0,-1,64711
2000-01-13 09:15:05.59,ANON013.SH,9.2,200.0,-1,64736
2000-01-13 09:15:05.59,ANON013.SH,8.67,200.0,-1,64929
2000-01-13 09:15:05.59,ANON013.SH,8.68,400.0,-1,65041
2000-01-13 09:15:05.59,ANON013.SH,8.7,400.0,-1,65042
2000-01-13 09:15:05.59,ANON013.SH,8.9,5000.0,-1,65359
2000-01-13 09:15:05.59,ANON013.SH,9.5,2300.0,-1,65606
2000-01-13 09:15:05.73,ANON013.SH,9.27,2200.0,-1,65929
2000-01-13 09:15:05.73,ANON013.SH,9.0,2000.0,-1,65960
2000-01-13 09:15:05.73,ANON013.SH,8.92,3000.0,-1,65973
2000-01-13 09:15:05.73,ANON013.SH,8.82,20000.0,-1,65988
2000-01-13 09:15:05.73,ANON013.SH,8.8,1000.0,-1,66047
2000-01-13 09:15:05.73,ANON013.SH,9.2,2000.0,-1,66055
2000-01-13 09:15:05.73,ANON013.SH,8.72,500.0,-1,66088
2000-01-13 09:15:05.73,ANON013.SH,8.64,2800.0,1,66524
2000-01-13 09:15:05.73,ANON013.SH,9.5,10000.0,-1,66721
2000-01-13 09:15:05.73,ANON013.SH,8.72,400.0,-1,66775
2000-01-13 09:15:05.73,ANON013.SH,8.75,400.0,-1,66788
2000-01-13 09:15:05.73,ANON013.SH,8.78,400.0,-1,66792
2000-01-13 09:15:05.73,ANON013.SH,8.8,400.0,-1,66793
2000-01-13 09:15:05.73,ANON013.SH,8.82,400.0,-1,66794
2000-01-13 09:15:05.73,ANON013.SH,8.85,400.0,-1,66803
2000-01-13 09:15:05.73,ANON013.SH,8.88,400.0,-1,66809
2000-01-13 09:15:05.73,ANON013.SH,8.9,400.0,-1,66812
2000-01-13 09:15:05.73,ANON013.SH,8.92,400.0,-1,66851
2000-01-13 09:15:05.73,ANON013.SH,8.95,400.0,-1,66853
2000-01-13 09:15:05.73,ANON013.SH,8.98,400.0,-1,66854
2000-01-13 09:15:05.73,ANON013.SH,9.0,400.0,-1,66889
2000-01-13 09:15:05.73,ANON013.SH,9.02,400.0,-1,66894
2000-01-13 09:15:05.73,ANON013.SH,8.67,100.0,-1,67343
2000-01-13 09:15:05.73,ANON013.SH,8.68,1400.0,-1,67457
2000-01-13 09:15:05.73,ANON013.SH,8.7,400.0,-1,67632
2000-01-13 09:15:05.86,ANON013.SH,8.8,400.0,-1,67799
2000-01-13 09:15:05.86,ANON013.SH,8.01,200.0,1,67833
2000-01-13 09:15:05.86,ANON013.SH,8.9,400.0,-1,67856
2000-01-13 09:15:05.86,ANON013.SH,9.0,400.0,-1,67867
2000-01-13 09:15:05.86,ANON013.SH,9.0,400.0,-1,67940
2000-01-13 09:15:05.86,ANON013.SH,9.0,20000.0,-1,68246
2000-01-13 09:15:05.86,ANON013.SH,8.57,4800.0,1,68466
2000-01-13 09:15:05.86,ANON013.SH,8.7,2400.0,-1,68467
2000-01-13 09:15:05.86,ANON013.SH,8.73,2900.0,-1,68781
2000-01-13 09:15:05.86,ANON013.SH,9.2,1000.0,-1,69000
2000-01-13 09:15:05.86,ANON013.SH,9.27,6000.0,-1,69302
2000-01-13 09:15:05.86,ANON013.SH,8.88,2000.0,-1,69325
2000-01-13 09:15:05.86,ANON013.SH,8.9,10000.0,-1,69376
2000-01-13 09:15:05.86,ANON013.SH,8.45,20000.0,1,69377
2000-01-13 09:15:05.86,ANON013.SH,9.05,400.0,-1,69611
2000-01-13 09:15:05.86,ANON013.SH,9.08,400.0,-1,69612
2000-01-13 09:15:05.86,ANON013.SH,9.1,400.0,-1,69613
2000-01-13 09:15:05.86,ANON013.SH,9.12,400.0,-1,69615
2000-01-13 09:15:05.86,ANON013.SH,9.15,400.0,-1,69616
2000-01-13 09:15:05.86,ANON013.SH,9.18,400.0,-1,69617
2000-01-13 09:15:05.86,ANON013.SH,9.1,3000.0,-1,69626
2000-01-13 09:15:06.01,ANON013.SH,8.97,10000.0,-1,71363
2000-01-13 09:15:06.01,ANON013.SH,8.35,3600.0,1,71400
2000-01-13 09:15:06.01,ANON013.SH,8.25,3600.0,1,71429
2000-01-13 09:15:06.17,ANON013.SH,8.11,400.0,1,71723
2000-01-13 09:15:06.17,ANON013.SH,8.7,400.0,-1,71725
2000-01-13 09:15:06.17,ANON013.SH,9.41,300.0,-1,71735
2000-01-13 09:15:06.17,ANON013.SH,8.9,18000.0,-1,71908
2000-01-13 09:15:06.17,ANON013.SH,8.8,18000.0,-1,71911
2000-01-13 09:15:06.17,ANON013.SH,8.7,18000.0,-1,71912
2000-01-13 09:15:06.17,ANON013.SH,8.41,27700.0,1,72057
2000-01-13 09:15:06.17,ANON013.SH,8.96,500.0,-1,72081
2000-01-13 09:15:06.17,ANON013.SH,8.7,3000.0,-1,72086
2000-01-13 09:15:06.17,ANON013.SH,8.68,3000.0,-1,72087
2000-01-13 09:15:06.17,ANON013.SH,8.76,3000.0,-1,72088
2000-01-13 09:15:06.17,ANON013.SH,9.28,1000.0,-1,72106
2000-01-13 09:15:06.17,ANON013.SH,7.78,100.0,1,72113
2000-01-13 09:15:06.17,ANON013.SH,9.5,100.0,-1,72129
2000-01-13 09:15:06.17,ANON013.SH,8.51,2000.0,1,72221
2000-01-13 09:15:06.17,ANON013.SH,8.99,1500.0,-1,72460
2000-01-13 09:15:06.17,ANON013.SH,8.63,300.0,-1,72551
2000-01-13 09:15:06.17,ANON013.SH,8.69,300.0,-1,72570
2000-01-13 09:15:06.17,ANON013.SH,8.99,500.0,-1,73236
2000-01-13 09:15:06.17,ANON013.SH,8.95,1200.0,-1,73271
2000-01-13 09:15:06.17,ANON013.SH,8.0,1000.0,1,73447
2000-01-13 09:15:06.35,ANON013.SH,8.78,400.0,-1,73680
2000-01-13 09:15:06.35,ANON013.SH,8.68,2400.0,-1,73727
2000-01-13 09:15:06.35,ANON013.SH,8.69,100.0,-1,74144
2000-01-13 09:15:06.35,ANON013.SH,8.08,2000.0,1,74250
2000-01-13 09:15:06.35,ANON013.SH,8.88,1000.0,-1,74497
2000-01-13 09:15:06.35,ANON013.SH,9.5,100.0,-1,74531
2000-01-13 09:15:06.35,ANON013.SH,8.89,200.0,-1,74569
2000-01-13 09:15:06.35,ANON013.SH,9.09,200.0,-1,74615
2000-01-13 09:15:06.35,ANON013.SH,9.29,200.0,-1,74616
2000-01-13 09:15:06.35,ANON013.SH,8.88,500.0,-1,74993
2000-01-13 09:15:06.35,ANON013.SH,8.86,100.0,-1,75061
2000-01-13 09:15:06.35,ANON013.SH,8.79,5000.0,-1,75202
2000-01-13 09:15:06.35,ANON013.SH,8.44,5000.0,1,75204
2000-01-13 09:15:06.35,ANON013.SH,8.76,3000.0,-1,75449
2000-01-13 09:15:06.35,ANON013.SH,9.5,500.0,-1,75492
2000-01-13 09:15:06.51,ANON013.SH,8.11,400.0,1,75748
2000-01-13 09:15:06.51,ANON013.SH,8.7,400.0,-1,75755
2000-01-13 09:15:06.55,ANON013.SH,9.2,400.0,-1,76886
2000-01-13 09:15:06.55,ANON013.SH,9.22,400.0,-1,76887
2000-01-13 09:15:06.55,ANON013.SH,9.25,400.0,-1,76894
2000-01-13 09:15:06.55,ANON013.SH,9.28,400.0,-1,76895
2000-01-13 09:15:06.55,ANON013.SH,9.3,400.0,-1,76896
2000-01-13 09:15:06.55,ANON013.SH,9.32,400.0,-1,76902
2000-01-13 09:15:06.55,ANON013.SH,9.35,400.0,-1,76903
2000-01-13 09:15:06.55,ANON013.SH,9.38,400.0,-1,76904
2000-01-13 09:15:06.55,ANON013.SH,9.4,400.0,-1,76905
2000-01-13 09:15:06.55,ANON013.SH,9.42,400.0,-1,76906
2000-01-13 09:15:06.55,ANON013.SH,9.45,400.0,-1,76919
2000-01-13 09:15:06.55,ANON013.SH,9.48,400.0,-1,76920
2000-01-13 09:15:06.55,ANON013.SH,9.5,3000.0,-1,76921
2000-01-13 09:15:06.55,ANON013.SH,8.95,800.0,-1,76939
2000-01-13 09:15:06.55,ANON013.SH,8.58,100000.0,1,77251
2000-01-13 09:15:06.55,ANON013.SH,8.38,1100.0,1,77469
2000-01-13 09:15:06.55,ANON013.SH,8.29,600.0,1,77867
2000-01-13 09:15:06.69,ANON013.SH,8.88,600.0,-1,78019
2000-01-13 09:15:06.69,ANON013.SH,8.98,500.0,-1,78302
2000-01-13 09:15:06.69,ANON013.SH,8.31,500.0,1,78330
2000-01-13 09:15:06.69,ANON013.SH,8.03,500.0,1,78331
2000-01-13 09:15:06.69,ANON013.SH,8.51,1000.0,1,79304
2000-01-13 09:15:06.69,ANON013.SH,8.88,1200.0,-1,79347
2000-01-13 09:15:06.69,ANON013.SH,8.79,1000.0,-1,79360
2000-01-13 09:15:06.69,ANON013.SH,9.0,26800.0,-1,79411
2000-01-13 09:15:06.69,ANON013.SH,7.78,100.0,1,79456
2000-01-13 09:15:06.69,ANON013.SH,8.69,2500.0,-1,79769
2000-01-13 09:15:06.84,ANON013.SH,8.84,2500.0,-1,80022
2000-01-13 09:15:06.84,ANON013.SH,8.79,1000.0,-1,80207
2000-01-13 09:15:06.84,ANON013.SH,9.5,3000.0,-1,80382
2000-01-13 09:15:06.84,ANON013.SH,9.29,2000.0,-1,80383
2000-01-13 09:15:06.84,ANON013.SH,8.61,4500.0,1,80622
2000-01-13 09:15:06.84,ANON013.SH,8.74,4500.0,-1,80643
2000-01-13 09:15:06.84,ANON013.SH,9.5,3000.0,-1,80780
2000-01-13 09:15:06.84,ANON013.SH,8.85,100.0,-1,80783
2000-01-13 09:15:06.84,ANON013.SH,8.51,1000.0,1,80785
2000-01-13 09:15:06.84,ANON013.SH,8.7,300.0,-1,80951
2000-01-13 09:15:06.84,ANON013.SH,8.75,500.0,-1,80952
2000-01-13 09:15:06.84,ANON013.SH,8.8,500.0,-1,80953
2000-01-13 09:15:06.84,ANON013.SH,8.85,700.0,-1,80954
2000-01-13 09:15:06.84,ANON013.SH,8.9,500.0,-1,80955
2000-01-13 09:15:06.84,ANON013.SH,8.95,500.0,-1,80957
2000-01-13 09:15:06.84,ANON013.SH,8.7,1000.0,-1,81237
2000-01-13 09:15:06.84,ANON013.SH,8.75,1000.0,-1,81238
2000-01-13 09:15:06.84,ANON013.SH,8.8,1000.0,-1,81239
2000-01-13 09:15:06.84,ANON013.SH,8.85,1000.0,-1,81240
2000-01-13 09:15:06.84,ANON013.SH,8.9,1000.0,-1,81241
2000-01-13 09:15:06.84,ANON013.SH,8.95,1000.0,-1,81245
2000-01-13 09:15:06.84,ANON013.SH,9.0,1000.0,-1,81246
2000-01-13 09:15:06.84,ANON013.SH,8.78,300.0,-1,81618
2000-01-13 09:15:06.84,ANON013.SH,8.88,300.0,-1,81620
2000-01-13 09:15:06.84,ANON013.SH,8.14,2200.0,1,81760
2000-01-13 09:15:06.98,ANON013.SH,9.49,10100.0,-1,82397
2000-01-13 09:15:06.98,ANON013.SH,9.49,80000.0,-1,82400
2000-01-13 09:15:06.98,ANON013.SH,8.85,1000.0,-1,82408
2000-01-13 09:15:06.98,ANON013.SH,8.73,200.0,-1,82510
2000-01-13 09:15:06.98,ANON013.SH,8.5,3000.0,1,82634
2000-01-13 09:15:06.98,ANON013.SH,8.75,500.0,-1,82734
2000-01-13 09:15:06.98,ANON013.SH,8.73,3000.0,-1,82852
2000-01-13 09:15:06.98,ANON013.SH,8.82,3000.0,-1,82883
2000-01-13 09:15:06.98,ANON013.SH,9.5,20000.0,-1,83167
2000-01-13 09:15:06.98,ANON013.SH,8.0,100.0,1,83199
2000-01-13 09:15:06.98,ANON013.SH,9.47,300.0,-1,83242
2000-01-13 09:15:06.98,ANON013.SH,8.98,1400.0,-1,83435
2000-01-13 09:15:06.98,ANON013.SH,8.88,500.0,-1,83662
2000-01-13 09:15:07.12,ANON013.SH,8.8,1000.0,-1,83772
2000-01-13 09:15:07.12,ANON013.SH,8.6,600.0,1,83941
2000-01-13 09:15:07.12,ANON013.SH,8.44,2000.0,1,84310
2000-01-13 09:15:07.21,ANON013.SH,8.84,600.0,-1,84977
2000-01-13 09:15:07.21,ANON013.SH,8.72,500.0,-1,85039
2000-01-13 09:15:07.21,ANON013.SH,8.81,6500.0,-1,85057
2000-01-13 09:15:07.21,ANON013.SH,8.69,4000.0,-1,85197
2000-01-13 09:15:07.21,ANON013.SH,8.59,5000.0,1,85534
2000-01-13 09:15:07.21,ANON013.SH,9.02,400.0,-1,85654
2000-01-13 09:15:07.21,ANON013.SH,9.12,400.0,-1,85678
2000-01-13 09:15:07.21,ANON013.SH,9.22,400.0,-1,85680
2000-01-13 09:15:07.21,ANON013.SH,8.35,1000.0,1,85749
2000-01-13 09:15:07.21,ANON013.SH,8.3,1000.0,1,85751
2000-01-13 09:15:07.21,ANON013.SH,8.88,500.0,-1,86108
2000-01-13 09:15:07.21,ANON013.SH,8.0,1000.0,1,86166
2000-01-13 09:15:07.21,ANON013.SH,9.0,1000.0,-1,86167
2000-01-13 09:15:07.21,ANON013.SH,7.78,100.0,1,86462
2000-01-13 09:15:07.21,ANON013.SH,8.42,2900.0,1,86569
2000-01-13 09:15:07.36,ANON013.SH,9.5,1500.0,-1,86774
2000-01-13 09:15:07.36,ANON013.SH,8.58,2500.0,1,86843
2000-01-13 09:15:07.36,ANON013.SH,8.54,3000.0,1,86850
2000-01-13 09:15:07.36,ANON013.SH,8.5,3000.0,1,86854
2000-01-13 09:15:07.36,ANON013.SH,9.5,300.0,-1,87201
2000-01-13 09:15:07.36,ANON013.SH,8.5,5000.0,1,87320
2000-01-13 09:15:07.36,ANON013.SH,8.52,500.0,1,87393
2000-01-13 09:15:07.36,ANON013.SH,8.8,3000.0,-1,87448
2000-01-13 09:15:07.36,ANON013.SH,7.78,100.0,1,87553
2000-01-13 09:15:07.36,ANON013.SH,8.83,600.0,-1,88176
2000-01-13 09:15:07.36,ANON013.SH,8.78,5000.0,-1,88202
2000-01-13 09:15:07.36,ANON013.SH,8.7,2000.0,-1,88208
2000-01-13 09:15:07.36,ANON013.SH,8.75,2000.0,-1,88214
2000-01-13 09:15:07.36,ANON013.SH,9.48,200.0,-1,88218
2000-01-13 09:15:07.36,ANON013.SH,9.5,1000.0,-1,88302
2000-01-13 09:15:07.36,ANON013.SH,9.5,1000.0,-1,88393
2000-01-13 09:15:07.36,ANON013.SH,9.5,10100.0,-1,88642
2000-01-13 09:15:07.5,ANON013.SH,8.79,2500.0,-1,88683
2000-01-13 09:15:07.5,ANON013.SH,8.89,400.0,-1,88708
2000-01-13 09:15:07.5,ANON013.SH,9.27,300.0,-1,88747
2000-01-13 09:15:07.5,ANON013.SH,8.0,2000.0,1,88913
2000-01-13 09:15:07.5,ANON013.SH,9.5,400.0,-1,88999
2000-01-13 09:15:07.5,ANON013.SH,9.3,200.0,-1,89000
2000-01-13 09:15:07.5,ANON013.SH,8.72,3000.0,-1,89466
2000-01-13 09:15:07.5,ANON013.SH,8.5,500.0,1,89583
2000-01-13 09:15:07.5,ANON013.SH,8.68,600.0,-1,89834
2000-01-13 09:15:07.5,ANON013.SH,9.5,2700.0,-1,90094
2000-01-13 09:15:07.5,ANON013.SH,9.26,2700.0,-1,90101
2000-01-13 09:15:07.5,ANON013.SH,8.93,2800.0,-1,90102
2000-01-13 09:15:07.5,ANON013.SH,8.81,12100.0,-1,90316
2000-01-13 09:15:07.5,ANON013.SH,9.49,800.0,-1,90321
2000-01-13 09:15:07.5,ANON013.SH,8.98,300.0,-1,90471
2000-01-13 09:15:07.5,ANON013.SH,9.08,500.0,-1,90472
2000-01-13 09:15:07.5,ANON013.SH,9.28,1000.0,-1,90473
2000-01-13 09:15:07.5,ANON013.SH,9.18,500.0,-1,90474
2000-01-13 09:15:07.5,ANON013.SH,8.75,1000.0,-1,90529
2000-01-13 09:15:07.5,ANON013.SH,8.8,1000.0,-1,90530
2000-01-13 09:15:07.5,ANON013.SH,8.85,3000.0,-1,90532
2000-01-13 09:15:07.5,ANON013.SH,8.9,3000.0,-1,90538
2000-01-13 09:15:07.5,ANON013.SH,9.15,100.0,-1,90564
2000-01-13 09:15:07.65,ANON013.SH,8.75,700.0,-1,90758
2000-01-13 09:15:07.65,ANON013.SH,8.72,600.0,-1,91007
2000-01-13 09:15:07.65,ANON013.SH,9.5,89800.0,-1,91123
2000-01-13 09:15:07.65,ANON013.SH,9.5,400.0,-1,91125
2000-01-13 09:15:07.65,ANON013.SH,8.85,300.0,-1,91391
2000-01-13 09:15:07.65,ANON013.SH,8.72,1000.0,-1,91402
2000-01-13 09:15:07.65,ANON013.SH,8.79,2000.0,-1,91407
2000-01-13 09:15:07.65,ANON013.SH,8.81,500.0,-1,91455
2000-01-13 09:15:07.65,ANON013.SH,7.78,100.0,1,91656
2000-01-13 09:15:07.65,ANON013.SH,9.0,1000.0,-1,91774
2000-01-13 09:15:07.65,ANON013.SH,8.97,700.0,-1,91885
2000-01-13 09:15:07.65,ANON013.SH,8.77,1000.0,-1,92140
2000-01-13 09:15:07.79,ANON013.SH,8.72,200.0,-1,92379
2000-01-13 09:15:07.79,ANON013.SH,9.0,4500.0,-1,92385
2000-01-13 09:15:07.79,ANON013.SH,8.4,200.0,1,92386
2000-01-13 09:15:07.79,ANON013.SH,9.17,300.0,-1,92393
2000-01-13 09:15:07.79,ANON013.SH,8.91,1200.0,-1,92415
2000-01-13 09:15:07.84,ANON013.SH,8.78,300.0,-1,93763
2000-01-13 09:15:07.84,ANON013.SH,8.0,40000.0,1,94168
2000-01-13 09:15:07.84,ANON013.SH,9.5,300.0,-1,94518
2000-01-13 09:15:07.84,ANON013.SH,9.49,500.0,-1,94526
2000-01-13 09:15:07.84,ANON013.SH,8.99,2300.0,-1,94817
2000-01-13 09:15:07.84,ANON013.SH,9.27,1000.0,-1,94843
2000-01-13 09:15:07.99,ANON013.SH,9.49,800.0,-1,94951
2000-01-13 09:15:07.99,ANON013.SH,7.79,100.0,1,95146
2000-01-13 09:15:07.99,ANON013.SH,8.82,200.0,-1,95262
2000-01-13 09:15:08.06,ANON013.SH,8.88,28000.0,-1,95924
2000-01-13 09:15:08.06,ANON013.SH,8.75,1000.0,-1,96084
2000-01-13 09:15:08.06,ANON013.SH,8.8,1000.0,-1,96085
2000-01-13 09:15:08.06,ANON013.SH,8.88,800.0,-1,96182
2000-01-13 09:15:08.06,ANON013.SH,8.99,1000.0,-1,96183
2000-01-13 09:15:08.06,ANON013.SH,8.99,200.0,-1,96747
2000-01-13 09:15:08.06,ANON013.SH,9.49,2000.0,-1,96795
2000-01-13 09:15:08.17,ANON013.SH,8.02,2000.0,1,97065
2000-01-13 09:15:08.17,ANON013.SH,8.77,300.0,-1,97099
2000-01-13 09:15:08.17,ANON013.SH,9.45,100.0,-1,97326
2000-01-13 09:15:08.17,ANON013.SH,9.3,1000.0,-1,97422
2000-01-13 09:15:08.17,ANON013.SH,8.7,7000.0,-1,97499
2000-01-13 09:15:08.17,ANON013.SH,8.99,600.0,-1,97845
2000-01-13 09:15:08.17,ANON013.SH,8.5,3900.0,1,98330
2000-01-13 09:15:08.17,ANON013.SH,8.79,1500.0,-1,98341
2000-01-13 09:15:08.17,ANON013.SH,8.79,400.0,-1,98683
2000-01-13 09:15:08.32,ANON013.SH,8.88,500.0,-1,99147
2000-01-13 09:15:08.32,ANON013.SH,8.68,600.0,-1,99198
2000-01-13 09:15:08.32,ANON013.SH,9.0,2000.0,-1,99558
2000-01-13 09:15:08.32,ANON013.SH,8.95,500.0,-1,99729
2000-01-13 09:15:08.32,ANON013.SH,8.82,500.0,-1,99914
2000-01-13 09:15:08.32,ANON013.SH,8.68,200.0,-1,100030
2000-01-13 09:15:08.32,ANON013.SH,8.8,800.0,-1,100035
2000-01-13 09:15:08.32,ANON013.SH,8.98,6000.0,-1,100074
2000-01-13 09:15:08.32,ANON013.SH,8.7,5000.0,-1,100448
2000-01-13 09:15:08.32,ANON013.SH,8.76,14400.0,-1,100654
2000-01-13 09:15:08.46,ANON013.SH,9.0,1000.0,-1,100924
2000-01-13 09:15:08.46,ANON013.SH,8.45,4800.0,1,101426
2000-01-13 09:15:08.46,ANON013.SH,9.5,300.0,-1,101622
2000-01-13 09:15:08.46,ANON013.SH,9.5,1300.0,-1,101745
2000-01-13 09:15:08.46,ANON013.SH,8.41,7200.0,1,101927
2000-01-13 09:15:08.46,ANON013.SH,8.94,400.0,-1,101988
2000-01-13 09:15:08.46,ANON013.SH,7.78,1000.0,1,102145
2000-01-13 09:15:08.46,ANON013.SH,8.9,1900.0,-1,102155
2000-01-13 09:15:08.46,ANON013.SH,8.48,5000.0,1,102231
2000-01-13 09:15:08.46,ANON013.SH,8.7,200.0,-1,102488
2000-01-13 09:15:08.6,ANON013.SH,9.49,1100.0,-1,102651
2000-01-13 09:15:08.6,ANON013.SH,8.66,40000.0,-1,102767
2000-01-13 09:15:08.6,ANON013.SH,8.7,1000.0,-1,102771
2000-01-13 09:15:08.6,ANON013.SH,8.75,1000.0,-1,102772
2000-01-13 09:15:08.6,ANON013.SH,8.8,1000.0,-1,102778
2000-01-13 09:15:08.6,ANON013.SH,8.85,1000.0,-1,102779
2000-01-13 09:15:08.6,ANON013.SH,8.9,1000.0,-1,102783
2000-01-13 09:15:08.6,ANON013.SH,8.95,1000.0,-1,102797
2000-01-13 09:15:08.6,ANON013.SH,9.0,1000.0,-1,103145
2000-01-13 09:15:08.6,ANON013.SH,8.79,500.0,-1,103225
2000-01-13 09:15:08.6,ANON013.SH,8.3,9300.0,1,103299
2000-01-13 09:15:08.6,ANON013.SH,8.76,1000.0,-1,103613
2000-01-13 09:15:08.69,ANON013.SH,9.5,1000.0,-1,103758
2000-01-13 09:15:08.69,ANON013.SH,8.75,100.0,-1,103779
2000-01-13 09:15:08.69,ANON013.SH,8.85,100.0,-1,103780
2000-01-13 09:15:08.69,ANON013.SH,8.0,500.0,1,103900
2000-01-13 09:15:08.69,ANON013.SH,7.8,500.0,1,103901
2000-01-13 09:15:08.69,ANON013.SH,9.48,1000.0,-1,103950
2000-01-13 09:15:08.69,ANON013.SH,9.38,1000.0,-1,104066
2000-01-13 09:15:08.69,ANON013.SH,8.8,1000.0,-1,104211
2000-01-13 09:15:08.69,ANON013.SH,8.7,2000.0,-1,104234
2000-01-13 09:15:08.69,ANON013.SH,8.56,2000.0,1,104235
2000-01-13 09:15:08.69,ANON013.SH,9.2,500.0,-1,104318
2000-01-13 09:15:08.69,ANON013.SH,9.4,500.0,-1,104319
2000-01-13 09:15:08.69,ANON013.SH,9.5,1000.0,-1,104497
2000-01-13 09:15:08.69,ANON013.SH,8.2,500.0,1,104589
2000-01-13 09:15:08.69,ANON013.SH,8.8,500.0,-1,104590
2000-01-13 09:15:08.69,ANON013.SH,9.0,500.0,-1,104591
2000-01-13 09:15:08.69,ANON013.SH,9.0,500.0,-1,104677
2000-01-13 09:15:08.69,ANON013.SH,8.64,100.0,1,104857
2000-01-13 09:15:08.8,ANON013.SH,9.49,40000.0,-1,104998
2000-01-13 09:15:08.8,ANON013.SH,9.5,100.0,-1,105080
2000-01-13 09:15:08.8,ANON013.SH,8.01,500.0,1,105699
2000-01-13 09:15:08.8,ANON013.SH,8.65,400.0,-1,105706
2000-01-13 09:15:08.8,ANON013.SH,8.72,1200.0,-1,105948
2000-01-13 09:15:08.8,ANON013.SH,8.8,1100.0,-1,105949
2000-01-13 09:15:08.8,ANON013.SH,8.67,3200.0,-1,106099
2000-01-13 09:15:08.8,ANON013.SH,8.77,3200.0,-1,106112
2000-01-13 09:15:08.8,ANON013.SH,8.87,3200.0,-1,106125
2000-01-13 09:15:08.8,ANON013.SH,9.1,1000.0,-1,106410
2000-01-13 09:15:08.92,ANON013.SH,8.98,700.0,-1,106418
2000-01-13 09:15:08.92,ANON013.SH,9.0,5000.0,-1,106442
2000-01-13 09:15:08.92,ANON013.SH,9.23,5000.0,-1,106450
2000-01-13 09:15:08.92,ANON013.SH,9.0,100000.0,-1,106786
2000-01-13 09:15:08.92,ANON013.SH,8.97,3100.0,-1,106792
2000-01-13 09:15:08.92,ANON013.SH,9.07,3100.0,-1,106796
2000-01-13 09:15:08.92,ANON013.SH,9.16,100.0,-1,106807
2000-01-13 09:15:08.92,ANON013.SH,9.09,800.0,-1,106877
2000-01-13 09:15:08.92,ANON013.SH,8.0,400.0,1,106985
2000-01-13 09:15:08.92,ANON013.SH,8.8,300.0,-1,107050
2000-01-13 09:15:08.92,ANON013.SH,9.3,300.0,-1,107171
2000-01-13 09:15:08.92,ANON013.SH,8.3,1000.0,1,107221
2000-01-13 09:15:09,ANON013.SH,8.88,51600.0,-1,107345
2000-01-13 09:15:09,ANON013.SH,9.17,3100.0,-1,107392
2000-01-13 09:15:09,ANON013.SH,8.22,500.0,1,107507
2000-01-13 09:15:09,ANON013.SH,8.68,100.0,-1,107611
2000-01-13 09:15:09,ANON013.SH,9.27,3100.0,-1,107675
2000-01-13 09:15:09,ANON013.SH,8.27,2500.0,1,107760
2000-01-13 09:15:09,ANON013.SH,8.9,2500.0,-1,107763
2000-01-13 09:15:09,ANON013.SH,9.39,100.0,-1,107786
2000-01-13 09:15:09,ANON013.SH,8.78,4000.0,-1,108020
2000-01-13 09:15:09,ANON013.SH,8.38,200.0,-1,108044
2000-01-13 09:15:09,ANON013.SH,8.69,1000.0,-1,108071
2000-01-13 09:15:09,ANON013.SH,8.81,2000.0,-1,108075
2000-01-13 09:15:09,ANON013.SH,8.81,1200.0,1,108213
2000-01-13 09:15:09,ANON013.SH,9.37,3100.0,-1,108241
2000-01-13 09:15:09.08,ANON013.SH,8.3,1000.0,1,108655
2000-01-13 09:15:09.08,ANON013.SH,8.88,500.0,-1,108712
2000-01-13 09:15:09.15,ANON013.SH,9.45,2500.0,-1,109283
2000-01-13 09:15:09.15,ANON013.SH,8.8,1000.0,-1,109400
2000-01-13 09:15:09.2,ANON013.SH,8.73,20000.0,-1,109506
2000-01-13 09:15:09.2,ANON013.SH,8.74,200.0,1,109540
2000-01-13 09:15:09.2,ANON013.SH,8.79,500.0,-1,109749
2000-01-13 09:15:09.2,ANON013.SH,9.02,500.0,-1,109750
2000-01-13 09:15:09.2,ANON013.SH,8.95,200.0,-1,109851
2000-01-13 09:15:09.2,ANON013.SH,7.95,4000.0,1,109991
2000-01-13 09:15:09.2,ANON013.SH,8.7,500.0,-1,110033
2000-01-13 09:15:09.2,ANON013.SH,8.48,100.0,1,110115
2000-01-13 09:15:09.2,ANON013.SH,8.47,100.0,1,110118
2000-01-13 09:15:09.2,ANON013.SH,8.46,100.0,1,110172
2000-01-13 09:15:09.2,ANON013.SH,8.75,4000.0,-1,110201
2000-01-13 09:15:09.2,ANON013.SH,9.15,4000.0,-1,110227
2000-01-13 09:15:09.2,ANON013.SH,8.45,100.0,1,110248
2000-01-13 09:15:09.2,ANON013.SH,8.44,100.0,1,110282
2000-01-13 09:15:09.2,ANON013.SH,8.43,100.0,1,110284
2000-01-13 09:15:09.2,ANON013.SH,8.42,100.0,1,110286
2000-01-13 09:15:09.2,ANON013.SH,8.41,100.0,1,110347
2000-01-13 09:15:09.2,ANON013.SH,8.4,100.0,1,110348
2000-01-13 09:15:09.2,ANON013.SH,8.18,100.0,1,110565
2000-01-13 09:15:09.2,ANON013.SH,8.78,600.0,-1,110608
2000-01-13 09:15:09.2,ANON013.SH,8.88,600.0,-1,110617
2000-01-13 09:15:09.2,ANON013.SH,9.5,600.0,-1,110680
2000-01-13 09:15:09.2,ANON013.SH,8.93,1000.0,-1,111200
2000-01-13 09:15:09.2,ANON013.SH,8.61,1000.0,1,111213
2000-01-13 09:15:09.33,ANON013.SH,8.4,500.0,1,111346
2000-01-13 09:15:09.33,ANON013.SH,8.64,28900.0,1,111392
2000-01-13 09:15:09.33,ANON013.SH,9.5,7000.0,-1,111516
2000-01-13 09:15:09.38,ANON013.SH,8.36,80000.0,1,111655
2000-01-13 09:15:09.38,ANON013.SH,8.86,700.0,-1,112086
2000-01-13 09:15:09.38,ANON013.SH,9.48,1000.0,-1,112102
2000-01-13 09:15:09.38,ANON013.SH,8.53,600.0,1,112142
2000-01-13 09:15:09.46,ANON013.SH,8.9,2000.0,-1,112744
2000-01-13 09:15:09.59,ANON013.SH,9.0,1000.0,-1,113471
2000-01-13 09:15:09.59,ANON013.SH,9.37,10900.0,-1,113743
2000-01-13 09:15:09.66,ANON013.SH,8.2,15000.0,1,114303
2000-01-13 09:15:09.69,ANON013.SH,9.5,3400.0,-1,114455
2000-01-13 09:15:09.69,ANON013.SH,9.5,2000.0,-1,114485
2000-01-13 09:15:09.71,ANON013.SH,9.5,3400.0,-1,114578
2000-01-13 09:15:09.75,ANON013.SH,8.9,1000.0,-1,114679
2000-01-13 09:15:09.86,ANON013.SH,9.5,200.0,-1,114936
2000-01-13 09:15:09.97,ANON013.SH,8.8,15800.0,-1,115077
2000-01-13 09:15:10.28,ANON013.SH,9.5,3000.0,-1,115356
2000-01-13 09:15:10.3,ANON013.SH,9.0,1500.0,-1,115398
2000-01-13 09:15:10.3,ANON013.SH,9.2,2000.0,-1,115399
2000-01-13 09:15:10.3,ANON013.SH,9.4,2000.0,-1,115401
2000-01-13 09:15:11.1,ANON013.SH,8.72,400.0,-1,115779
2000-01-13 09:15:11.26,ANON013.SH,8.64,100.0,1,115890
2000-01-13 09:15:11.98,ANON013.SH,7.83,100.0,1,116205
2000-01-13 09:15:11.98,ANON013.SH,7.83,100.0,1,116206
2000-01-13 09:15:11.99,ANON013.SH,7.83,100.0,1,116209
2000-01-13 09:15:11.99,ANON013.SH,7.83,100.0,1,116210
2000-01-13 09:15:11.99,ANON013.SH,7.83,100.0,1,116211
2000-01-13 09:15:11.99,ANON013.SH,7.83,100.0,1,116212
2000-01-13 09:15:11.99,ANON013.SH,7.83,100.0,1,116213
2000-01-13 09:15:11.99,ANON013.SH,7.83,100.0,1,116214
2000-01-13 09:15:11.99,ANON013.SH,7.83,100.0,1,116215
2000-01-13 09:15:11.99,ANON013.SH,7.83,100.0,1,116216
2000-01-13 09:15:11.99,ANON013.SH,7.83,100.0,1,116217
2000-01-13 09:15:11.99,ANON013.SH,7.83,100.0,1,116218
2000-01-13 09:15:11.99,ANON013.SH,7.83,100.0,1,116219
2000-01-13 09:15:11.99,ANON013.SH,7.83,100.0,1,116222
2000-01-13 09:15:12.02,ANON013.SH,7.83,100.0,1,116227
2000-01-13 09:15:12.05,ANON013.SH,7.83,100.0,1,116232
2000-01-13 09:15:12.05,ANON013.SH,7.83,100.0,1,116233
2000-01-13 09:15:12.05,ANON013.SH,7.83,100.0,1,116234
2000-01-13 09:15:12.07,ANON013.SH,7.83,100.0,1,116243
2000-01-13 09:15:12.09,ANON013.SH,7.83,100.0,1,116256
2000-01-13 09:15:12.09,ANON013.SH,7.83,100.0,1,116257
2000-01-13 09:15:12.09,ANON013.SH,7.83,100.0,1,116258
2000-01-13 09:15:12.11,ANON013.SH,7.83,100.0,1,116267
2000-01-13 09:15:12.11,ANON013.SH,7.83,100.0,1,116268
2000-01-13 09:15:12.11,ANON013.SH,7.83,100.0,1,116269
2000-01-13 09:15:12.12,ANON013.SH,7.83,100.0,1,116290
2000-01-13 09:15:12.12,ANON013.SH,7.83,100.0,1,116291
2000-01-13 09:15:12.12,ANON013.SH,7.83,100.0,1,116292
2000-01-13 09:15:12.12,ANON013.SH,7.83,100.0,1,116293
2000-01-13 09:15:12.12,ANON013.SH,7.83,100.0,1,116294
2000-01-13 09:15:12.12,ANON013.SH,7.83,100.0,1,116295
2000-01-13 09:15:12.12,ANON013.SH,7.83,100.0,1,116296
2000-01-13 09:15:12.12,ANON013.SH,7.83,100.0,1,116297
2000-01-13 09:15:12.12,ANON013.SH,7.83,100.0,1,116298
2000-01-13 09:15:12.12,ANON013.SH,7.83,100.0,1,116299
2000-01-13 09:15:12.12,ANON013.SH,7.83,100.0,1,116300
2000-01-13 09:15:12.12,ANON013.SH,7.83,100.0,1,116301
2000-01-13 09:15:12.14,ANON013.SH,7.83,100.0,1,116307
2000-01-13 09:15:12.14,ANON013.SH,7.83,100.0,1,116308
2000-01-13 09:15:12.14,ANON013.SH,7.83,100.0,1,116309
2000-01-13 09:15:12.14,ANON013.SH,7.83,100.0,1,116310
2000-01-13 09:15:12.14,ANON013.SH,7.83,100.0,1,116311
2000-01-13 09:15:12.18,ANON013.SH,7.83,100.0,1,116327
2000-01-13 09:15:12.18,ANON013.SH,7.83,100.0,1,116328
2000-01-13 09:15:12.21,ANON013.SH,7.83,100.0,1,116349
2000-01-13 09:15:12.27,ANON013.SH,7.83,100.0,1,116369
2000-01-13 09:15:12.28,ANON013.SH,7.83,100.0,1,116386
2000-01-13 09:15:12.3,ANON013.SH,7.83,100.0,1,116391
2000-01-13 09:15:12.3,ANON013.SH,7.83,100.0,1,116396
2000-01-13 09:15:12.3,ANON013.SH,7.83,100.0,1,116397
2000-01-13 09:15:12.3,ANON013.SH,7.83,100.0,1,116400
2000-01-13 09:15:12.3,ANON013.SH,7.83,100.0,1,116401
2000-01-13 09:15:12.3,ANON013.SH,7.83,100.0,1,116402
2000-01-13 09:15:12.31,ANON013.SH,7.83,100.0,1,116405
2000-01-13 09:15:12.31,ANON013.SH,7.83,100.0,1,116406
2000-01-13 09:15:12.31,ANON013.SH,7.83,100.0,1,116407
2000-01-13 09:15:12.31,ANON013.SH,7.83,100.0,1,116408
2000-01-13 09:15:12.34,ANON013.SH,7.83,100.0,1,116416
2000-01-13 09:15:12.34,ANON013.SH,7.83,100.0,1,116417
2000-01-13 09:15:12.34,ANON013.SH,7.83,100.0,1,116418
2000-01-13 09:15:12.34,ANON013.SH,7.83,100.0,1,116423
2000-01-13 09:15:12.37,ANON013.SH,7.83,100.0,1,116428
2000-01-13 09:15:12.37,ANON013.SH,7.83,100.0,1,116433
2000-01-13 09:15:12.37,ANON013.SH,7.83,100.0,1,116434
2000-01-13 09:15:12.37,ANON013.SH,7.83,100.0,1,116435
2000-01-13 09:15:12.37,ANON013.SH,7.83,100.0,1,116436
2000-01-13 09:15:12.37,ANON013.SH,7.83,100.0,1,116437
2000-01-13 09:15:12.37,ANON013.SH,7.83,100.0,1,116438
2000-01-13 09:15:12.37,ANON013.SH,7.83,100.0,1,116439
2000-01-13 09:15:12.38,ANON013.SH,7.83,100.0,1,116453
2000-01-13 09:15:12.4,ANON013.SH,7.83,100.0,1,116454
2000-01-13 09:15:12.41,ANON013.SH,7.83,100.0,1,116464
2000-01-13 09:15:12.41,ANON013.SH,7.83,100.0,1,116465
2000-01-13 09:15:12.41,ANON013.SH,7.83,100.0,1,116466
2000-01-13 09:15:12.44,ANON013.SH,7.83,100.0,1,116468
2000-01-13 09:15:12.44,ANON013.SH,7.83,100.0,1,116469
2000-01-13 09:15:12.44,ANON013.SH,7.83,100.0,1,116470
2000-01-13 09:15:12.44,ANON013.SH,7.83,100.0,1,116471
2000-01-13 09:15:12.45,ANON013.SH,7.83,100.0,1,116474
2000-01-13 09:15:12.45,ANON013.SH,7.83,100.0,1,116475
2000-01-13 09:15:12.45,ANON013.SH,7.83,100.0,1,116476
2000-01-13 09:15:12.45,ANON013.SH,7.83,100.0,1,116477
2000-01-13 09:15:12.45,ANON013.SH,7.83,100.0,1,116478
2000-01-13 09:15:12.45,ANON013.SH,7.83,100.0,1,116479
2000-01-13 09:15:12.48,ANON013.SH,7.83,100.0,1,116483
2000-01-13 09:15:12.49,ANON013.SH,7.83,100.0,1,116485
2000-01-13 09:15:12.49,ANON013.SH,7.83,100.0,1,116487
2000-01-13 09:15:12.5,ANON013.SH,7.83,100.0,1,116488
2000-01-13 09:15:12.53,ANON013.SH,7.83,100.0,1,116490
2000-01-13 09:15:12.53,ANON013.SH,7.83,100.0,1,116492
2000-01-13 09:15:12.53,ANON013.SH,7.83,100.0,1,116493
2000-01-13 09:15:12.53,ANON013.SH,7.83,100.0,1,116494
2000-01-13 09:15:12.53,ANON013.SH,7.83,100.0,1,116495
2000-01-13 09:15:12.53,ANON013.SH,7.83,100.0,1,116496
2000-01-13 09:15:12.53,ANON013.SH,7.83,100.0,1,116497
2000-01-13 09:15:12.53,ANON013.SH,7.83,100.0,1,116498
2000-01-13 09:15:12.53,ANON013.SH,7.83,100.0,1,116500
2000-01-13 09:15:12.54,ANON013.SH,7.83,100.0,1,116501
2000-01-13 09:15:12.54,ANON013.SH,7.83,100.0,1,116502
2000-01-13 09:15:12.54,ANON013.SH,7.83,100.0,1,116503
2000-01-13 09:15:12.54,ANON013.SH,7.83,100.0,1,116504
2000-01-13 09:15:12.55,ANON013.SH,7.83,100.0,1,116505
2000-01-13 09:15:12.55,ANON013.SH,7.83,100.0,1,116506
2000-01-13 09:15:12.56,ANON013.SH,7.83,100.0,1,116509
2000-01-13 09:15:12.57,ANON013.SH,7.83,100.0,1,116512
2000-01-13 09:15:12.57,ANON013.SH,7.83,100.0,1,116513
2000-01-13 09:15:12.59,ANON013.SH,7.83,100.0,1,116515
2000-01-13 09:15:12.6,ANON013.SH,7.83,100.0,1,116516
2000-01-13 09:15:12.64,ANON013.SH,7.83,100.0,1,116517
2000-01-13 09:15:12.64,ANON013.SH,7.83,100.0,1,116518
2000-01-13 09:15:12.64,ANON013.SH,7.83,100.0,1,116519
2000-01-13 09:15:12.64,ANON013.SH,7.83,100.0,1,116520
2000-01-13 09:15:12.64,ANON013.SH,7.83,100.0,1,116521
2000-01-13 09:15:12.64,ANON013.SH,7.83,100.0,1,116522
2000-01-13 09:15:12.65,ANON013.SH,7.83,100.0,1,116526
2000-01-13 09:15:12.65,ANON013.SH,7.83,100.0,1,116528
2000-01-13 09:15:12.66,ANON013.SH,7.83,100.0,1,116530
2000-01-13 09:15:12.66,ANON013.SH,7.83,100.0,1,116531
2000-01-13 09:15:12.68,ANON013.SH,7.83,100.0,1,116533
2000-01-13 09:15:12.69,ANON013.SH,7.83,100.0,1,116535
2000-01-13 09:15:12.69,ANON013.SH,7.83,100.0,1,116536
2000-01-13 09:15:12.69,ANON013.SH,7.83,100.0,1,116537
2000-01-13 09:15:12.7,ANON013.SH,7.83,100.0,1,116539
2000-01-13 09:15:12.7,ANON013.SH,7.83,100.0,1,116540
2000-01-13 09:15:12.7,ANON013.SH,7.83,100.0,1,116543
2000-01-13 09:15:12.7,ANON013.SH,7.83,100.0,1,116544
2000-01-13 09:15:12.72,ANON013.SH,7.83,100.0,1,116545
2000-01-13 09:15:12.72,ANON013.SH,7.83,100.0,1,116546
2000-01-13 09:15:12.73,ANON013.SH,7.83,100.0,1,116547
2000-01-13 09:15:12.73,ANON013.SH,7.83,100.0,1,116548
2000-01-13 09:15:12.73,ANON013.SH,7.83,100.0,1,116550
2000-01-13 09:15:12.75,ANON013.SH,7.83,100.0,1,116552
2000-01-13 09:15:12.75,ANON013.SH,7.83,100.0,1,116553
2000-01-13 09:15:12.75,ANON013.SH,7.83,100.0,1,116554
2000-01-13 09:15:12.75,ANON013.SH,7.83,100.0,1,116556
2000-01-13 09:15:12.76,ANON013.SH,7.83,100.0,1,116557
2000-01-13 09:15:12.76,ANON013.SH,7.83,100.0,1,116558
2000-01-13 09:15:12.79,ANON013.SH,7.83,100.0,1,116560
2000-01-13 09:15:12.79,ANON013.SH,7.83,100.0,1,116561
2000-01-13 09:15:12.79,ANON013.SH,7.83,100.0,1,116562
2000-01-13 09:15:12.8,ANON013.SH,7.83,100.0,1,116564
2000-01-13 09:15:12.81,ANON013.SH,7.83,100.0,1,116565
2000-01-13 09:15:12.81,ANON013.SH,7.83,100.0,1,116566
2000-01-13 09:15:12.82,ANON013.SH,7.83,100.0,1,116568
2000-01-13 09:15:12.89,ANON013.SH,7.83,100.0,1,116587
2000-01-13 09:15:12.92,ANON013.SH,7.83,100.0,1,116589
2000-01-13 09:15:12.92,ANON013.SH,7.83,100.0,1,116591
2000-01-13 09:15:12.93,ANON013.SH,7.83,100.0,1,116592
2000-01-13 09:15:12.93,ANON013.SH,7.83,100.0,1,116593
2000-01-13 09:15:12.93,ANON013.SH,7.83,100.0,1,116594
2000-01-13 09:15:12.94,ANON013.SH,7.83,100.0,1,116595
2000-01-13 09:15:12.95,ANON013.SH,7.83,100.0,1,116597
2000-01-13 09:15:12.95,ANON013.SH,7.83,100.0,1,116599
2000-01-13 09:15:12.95,ANON013.SH,7.83,100.0,1,116600
2000-01-13 09:15:12.95,ANON013.SH,7.83,100.0,1,116601
2000-01-13 09:15:13,ANON013.SH,7.83,100.0,1,116603
2000-01-13 09:15:13,ANON013.SH,7.83,100.0,1,116604
2000-01-13 09:15:13,ANON013.SH,7.83,100.0,1,116605
2000-01-13 09:15:13.01,ANON013.SH,7.83,100.0,1,116606
2000-01-13 09:15:13.01,ANON013.SH,7.83,100.0,1,116607
2000-01-13 09:15:13.06,ANON013.SH,7.83,100.0,1,116610
2000-01-13 09:15:13.06,ANON013.SH,7.83,100.0,1,116612
2000-01-13 09:15:13.06,ANON013.SH,7.83,100.0,1,116615
2000-01-13 09:15:13.07,ANON013.SH,7.83,100.0,1,116616
2000-01-13 09:15:13.09,ANON013.SH,7.83,100.0,1,116617
2000-01-13 09:15:13.09,ANON013.SH,7.83,100.0,1,116619
2000-01-13 09:15:13.11,ANON013.SH,7.83,100.0,1,116632
2000-01-13 09:15:13.14,ANON013.SH,7.83,100.0,1,116642
2000-01-13 09:15:13.15,ANON013.SH,7.83,100.0,1,116647
2000-01-13 09:15:13.17,ANON013.SH,7.83,100.0,1,116654
2000-01-13 09:15:13.17,ANON013.SH,7.83,100.0,1,116655
2000-01-13 09:15:13.17,ANON013.SH,7.83,100.0,1,116657
2000-01-13 09:15:13.19,ANON013.SH,7.83,100.0,1,116668
2000-01-13 09:15:13.2,ANON013.SH,7.83,100.0,1,116671
2000-01-13 09:15:13.21,ANON013.SH,7.83,100.0,1,116673
2000-01-13 09:15:13.23,ANON013.SH,7.83,100.0,1,116682
2000-01-13 09:15:13.24,ANON013.SH,7.83,100.0,1,116687
2000-01-13 09:15:13.31,ANON013.SH,7.83,100.0,1,116702
2000-01-13 09:15:13.31,ANON013.SH,7.83,100.0,1,116708
2000-01-13 09:15:13.34,ANON013.SH,7.83,100.0,1,116713
2000-01-13 09:15:13.35,ANON013.SH,7.83,100.0,1,116716
2000-01-13 09:15:13.47,ANON013.SH,7.83,100.0,1,116738
2000-01-13 09:15:13.54,ANON013.SH,7.83,100.0,1,116742
2000-01-13 09:15:13.65,ANON013.SH,7.83,100.0,1,116754
2000-01-13 09:15:13.66,ANON013.SH,7.83,100.0,1,116757
2000-01-13 09:15:13.66,ANON013.SH,7.83,100.0,1,116758
2000-01-13 09:15:13.66,ANON013.SH,7.83,100.0,1,116759
2000-01-13 09:15:13.67,ANON013.SH,7.83,100.0,1,116762
2000-01-13 09:15:13.67,ANON013.SH,7.83,100.0,1,116763
2000-01-13 09:15:13.7,ANON013.SH,7.83,100.0,1,116766
2000-01-13 09:15:13.74,ANON013.SH,7.83,100.0,1,116770
2000-01-13 09:15:13.74,ANON013.SH,7.83,100.0,1,116771
2000-01-13 09:15:13.74,ANON013.SH,7.83,100.0,1,116772
2000-01-13 09:15:13.76,ANON013.SH,7.83,100.0,1,116774
2000-01-13 09:15:13.84,ANON013.SH,7.83,100.0,1,116782
2000-01-13 09:15:13.88,ANON013.SH,7.83,100.0,1,116784
2000-01-13 09:15:13.97,ANON013.SH,7.83,100.0,1,116789
2000-01-13 09:15:13.99,ANON013.SH,7.83,100.0,1,116792
2000-01-13 09:15:14.06,ANON013.SH,7.83,100.0,1,116804
2000-01-13 09:15:14.13,ANON013.SH,7.83,100.0,1,116828
2000-01-13 09:15:14.17,ANON013.SH,7.83,100.0,1,116843
2000-01-13 09:15:14.21,ANON013.SH,7.83,100.0,1,116862
2000-01-13 09:15:14.28,ANON013.SH,7.83,100.0,1,116892
2000-01-13 09:15:14.33,ANON013.SH,7.83,100.0,1,116907
2000-01-13 09:15:14.38,ANON013.SH,7.83,100.0,1,116925
2000-01-13 09:15:14.4,ANON013.SH,7.83,100.0,1,116927
2000-01-13 09:15:14.43,ANON013.SH,7.83,100.0,1,116933
2000-01-13 09:15:14.43,ANON013.SH,7.83,100.0,1,116934
2000-01-13 09:15:14.44,ANON013.SH,7.83,100.0,1,116935
2000-01-13 09:15:14.44,ANON013.SH,7.83,100.0,1,116936
2000-01-13 09:15:14.44,ANON013.SH,7.83,100.0,1,116937
2000-01-13 09:15:14.46,ANON013.SH,7.83,100.0,1,116940
2000-01-13 09:15:14.46,ANON013.SH,7.83,100.0,1,116943
2000-01-13 09:15:14.47,ANON013.SH,7.83,100.0,1,116944
2000-01-13 09:15:14.47,ANON013.SH,7.83,100.0,1,116946
2000-01-13 09:15:14.47,ANON013.SH,7.83,100.0,1,116947
2000-01-13 09:15:14.53,ANON013.SH,7.83,100.0,1,116955
2000-01-13 09:15:14.54,ANON013.SH,7.83,100.0,1,116956
2000-01-13 09:15:14.54,ANON013.SH,7.83,100.0,1,116957
2000-01-13 09:15:14.59,ANON013.SH,7.83,100.0,1,116964
2000-01-13 09:15:14.59,ANON013.SH,7.83,100.0,1,116965
2000-01-13 09:15:14.59,ANON013.SH,7.83,100.0,1,116966
2000-01-13 09:15:14.59,ANON013.SH,7.83,100.0,1,116968
2000-01-13 09:15:14.59,ANON013.SH,7.83,100.0,1,116969
2000-01-13 09:15:14.6,ANON013.SH,7.83,100.0,1,116970
2000-01-13 09:15:14.61,ANON013.SH,7.83,100.0,1,116972
2000-01-13 09:15:14.62,ANON013.SH,7.83,100.0,1,116975
2000-01-13 09:15:14.65,ANON013.SH,7.83,100.0,1,116978
2000-01-13 09:15:14.65,ANON013.SH,7.83,100.0,1,116979
2000-01-13 09:15:14.66,ANON013.SH,7.83,100.0,1,116980
2000-01-13 09:15:14.66,ANON013.SH,7.83,100.0,1,116981
2000-01-13 09:15:14.68,ANON013.SH,7.83,100.0,1,116982
2000-01-13 09:15:14.71,ANON013.SH,7.83,100.0,1,116986
2000-01-13 09:15:14.73,ANON013.SH,7.83,100.0,1,116989
2000-01-13 09:15:14.74,ANON013.SH,7.83,100.0,1,116990
2000-01-13 09:15:14.74,ANON013.SH,7.83,100.0,1,116992
2000-01-13 09:15:14.77,ANON013.SH,7.83,100.0,1,116994
2000-01-13 09:15:14.77,ANON013.SH,7.83,100.0,1,116995
2000-01-13 09:15:14.8,ANON013.SH,7.83,100.0,1,116998
2000-01-13 09:15:14.86,ANON013.SH,7.83,100.0,1,117006
2000-01-13 09:15:14.87,ANON013.SH,7.83,100.0,1,117008
2000-01-13 09:15:14.88,ANON013.SH,7.83,100.0,1,117010
2000-01-13 09:15:14.89,ANON013.SH,7.83,100.0,1,117014
2000-01-13 09:15:14.91,ANON013.SH,7.83,100.0,1,117016
2000-01-13 09:15:14.92,ANON013.SH,7.83,100.0,1,117017
2000-01-13 09:15:14.92,ANON013.SH,7.83,100.0,1,117018
2000-01-13 09:15:14.93,ANON013.SH,7.83,100.0,1,117022
2000-01-13 09:15:14.99,ANON013.SH,7.83,100.0,1,117026
2000-01-13 09:15:14.99,ANON013.SH,7.83,100.0,1,117027
2000-01-13 09:15:14.99,ANON013.SH,7.83,100.0,1,117028
2000-01-13 09:15:15.06,ANON013.SH,7.83,100.0,1,117032
2000-01-13 09:15:15.06,ANON013.SH,7.83,100.0,1,117033
2000-01-13 09:15:15.07,ANON013.SH,7.83,100.0,1,117037
2000-01-13 09:15:15.07,ANON013.SH,7.83,100.0,1,117038
2000-01-13 09:15:15.13,ANON013.SH,7.83,100.0,1,117060
2000-01-13 09:15:15.19,ANON013.SH,7.83,100.0,1,117077
2000-01-13 09:15:15.29,ANON013.SH,7.83,100.0,1,117096
2000-01-13 09:15:17.37,ANON013.SH,7.79,100.0,1,117340
2000-01-13 09:15:17.42,ANON013.SH,8.28,100.0,1,117347
2000-01-13 09:15:17.45,ANON013.SH,8.28,100.0,1,117352
2000-01-13 09:15:17.45,ANON013.SH,8.28,100.0,1,117353
2000-01-13 09:15:17.48,ANON013.SH,8.28,100.0,1,117355
2000-01-13 09:15:17.51,ANON013.SH,8.28,100.0,1,117359
2000-01-13 09:15:17.54,ANON013.SH,8.28,100.0,1,117361
2000-01-13 09:15:17.54,ANON013.SH,7.83,100.0,1,117363
2000-01-13 09:15:17.54,ANON013.SH,7.83,100.0,1,117364
2000-01-13 09:15:17.54,ANON013.SH,7.83,100.0,1,117365
2000-01-13 09:15:17.56,ANON013.SH,8.28,100.0,1,117366
2000-01-13 09:15:17.59,ANON013.SH,8.28,100.0,1,117368
2000-01-13 09:15:17.67,ANON013.SH,8.28,100.0,1,117371
2000-01-13 09:15:17.67,ANON013.SH,8.28,100.0,1,117372
2000-01-13 09:15:17.67,ANON013.SH,8.28,100.0,1,117375
2000-01-13 09:15:17.67,ANON013.SH,8.28,100.0,1,117376
2000-01-13 09:15:17.67,ANON013.SH,8.28,100.0,1,117377
2000-01-13 09:15:17.7,ANON013.SH,8.28,100.0,1,117379
2000-01-13 09:15:17.7,ANON013.SH,8.28,100.0,1,117380
2000-01-13 09:15:17.71,ANON013.SH,8.28,100.0,1,117382
2000-01-13 09:15:17.74,ANON013.SH,8.28,100.0,1,117384
2000-01-13 09:15:17.74,ANON013.SH,8.28,100.0,1,117385
2000-01-13 09:15:17.75,ANON013.SH,8.28,100.0,1,117386
2000-01-13 09:15:19.86,ANON013.SH,8.66,3000.0,-1,117653
2000-01-13 09:15:19.94,ANON013.SH,7.83,100.0,1,117657
2000-01-13 09:15:19.95,ANON013.SH,7.83,100.0,1,117658
2000-01-13 09:15:19.97,ANON013.SH,7.83,100.0,1,117660
2000-01-13 09:15:19.97,ANON013.SH,7.83,100.0,1,117661
2000-01-13 09:15:20,ANON013.SH,7.83,100.0,1,117663
2000-01-13 09:15:20.04,ANON013.SH,7.83,100.0,1,117686
2000-01-13 09:15:20.15,ANON013.SH,8.98,300.0,-1,117722
2000-01-13 09:15:26.37,ANON013.SH,8.4,100.0,1,118568
2000-01-13 09:15:28.15,ANON013.SH,8.67,500.0,-1,118875
2000-01-13 09:15:28.15,ANON013.SH,8.55,500.0,1,118876
2000-01-13 09:15:32.67,ANON013.SH,8.86,3900.0,-1,119572
2000-01-13 09:15:33.56,ANON013.SH,7.78,100.0,1,119683
2000-01-13 09:15:33.58,ANON013.SH,7.78,100.0,1,119685
2000-01-13 09:15:33.6,ANON013.SH,7.78,100.0,1,119689
2000-01-13 09:15:33.68,ANON013.SH,7.78,100.0,1,119696
2000-01-13 09:15:33.71,ANON013.SH,7.78,100.0,1,119699
2000-01-13 09:15:33.71,ANON013.SH,7.78,100.0,1,119700
2000-01-13 09:15:33.78,ANON013.SH,7.78,100.0,1,119705
2000-01-13 09:15:33.83,ANON013.SH,7.78,100.0,1,119707
2000-01-13 09:15:33.83,ANON013.SH,7.78,100.0,1,119708
2000-01-13 09:15:33.85,ANON013.SH,7.78,100.0,1,119712
2000-01-13 09:15:33.91,ANON013.SH,7.78,100.0,1,119714
2000-01-13 09:15:33.91,ANON013.SH,7.78,100.0,1,119715
2000-01-13 09:15:33.92,ANON013.SH,7.78,100.0,1,119716
2000-01-13 09:15:33.92,ANON013.SH,7.78,100.0,1,119717
2000-01-13 09:15:33.95,ANON013.SH,7.78,100.0,1,119719
2000-01-13 09:15:33.95,ANON013.SH,7.78,100.0,1,119720
2000-01-13 09:15:33.98,ANON013.SH,7.78,100.0,1,119721
2000-01-13 09:15:33.99,ANON013.SH,7.78,100.0,1,119722
2000-01-13 09:15:34,ANON013.SH,7.78,100.0,1,119723
2000-01-13 09:15:34.01,ANON013.SH,7.78,100.0,1,119724
2000-01-13 09:15:34.01,ANON013.SH,7.78,100.0,1,119725
2000-01-13 09:15:34.02,ANON013.SH,7.78,100.0,1,119726
2000-01-13 09:15:34.02,ANON013.SH,7.78,100.0,1,119727
2000-01-13 09:15:34.02,ANON013.SH,7.78,100.0,1,119729
2000-01-13 09:15:34.02,ANON013.SH,7.78,100.0,1,119730
2000-01-13 09:15:34.02,ANON013.SH,7.78,100.0,1,119731
2000-01-13 09:15:34.04,ANON013.SH,8.74,2500.0,-1,119733
2000-01-13 09:15:34.05,ANON013.SH,7.78,100.0,1,119734
2000-01-13 09:15:34.05,ANON013.SH,7.78,100.0,1,119735
2000-01-13 09:15:34.05,ANON013.SH,7.78,100.0,1,119736
2000-01-13 09:15:34.05,ANON013.SH,7.78,100.0,1,119737
2000-01-13 09:15:34.05,ANON013.SH,7.78,100.0,1,119738
2000-01-13 09:15:34.05,ANON013.SH,7.78,100.0,1,119739
2000-01-13 09:15:34.06,ANON013.SH,7.78,100.0,1,119740
2000-01-13 09:15:34.06,ANON013.SH,7.78,100.0,1,119741
2000-01-13 09:15:34.06,ANON013.SH,7.78,100.0,1,119742
2000-01-13 09:15:34.14,ANON013.SH,7.78,100.0,1,119770
2000-01-13 09:15:34.14,ANON013.SH,8.76,100.0,-1,119776
2000-01-13 09:15:34.14,ANON013.SH,8.24,100.0,1,119777
2000-01-13 09:15:34.17,ANON013.SH,7.78,100.0,1,119782
2000-01-13 09:15:34.19,ANON013.SH,7.78,100.0,1,119789
2000-01-13 09:15:34.22,ANON013.SH,7.78,100.0,1,119809
2000-01-13 09:15:34.23,ANON013.SH,8.83,2500.0,-1,119811
2000-01-13 09:15:34.33,ANON013.SH,7.78,100.0,1,119836
2000-01-13 09:15:34.33,ANON013.SH,7.78,100.0,1,119837
2000-01-13 09:15:34.74,ANON013.SH,7.78,100.0,1,119894
2000-01-13 09:15:34.98,ANON013.SH,7.78,100.0,1,119910
2000-01-13 09:15:35,ANON013.SH,7.78,100.0,1,119914
2000-01-13 09:15:35,ANON013.SH,7.78,100.0,1,119915
2000-01-13 09:15:35.01,ANON013.SH,7.78,100.0,1,119916
2000-01-13 09:15:35.02,ANON013.SH,7.78,100.0,1,119918
2000-01-13 09:15:35.03,ANON013.SH,7.78,100.0,1,119919
2000-01-13 09:15:35.08,ANON013.SH,7.78,100.0,1,119933
2000-01-13 09:15:35.12,ANON013.SH,7.78,100.0,1,119952
2000-01-13 09:15:35.14,ANON013.SH,7.78,100.0,1,119963
2000-01-13 09:15:35.17,ANON013.SH,7.78,100.0,1,119982
2000-01-13 09:15:35.21,ANON013.SH,7.78,100.0,1,120001
2000-01-13 09:15:35.24,ANON013.SH,7.78,100.0,1,120015
2000-01-13 09:15:35.44,ANON013.SH,7.78,100.0,1,120034
2000-01-13 09:15:35.44,ANON013.SH,7.78,100.0,1,120035
2000-01-13 09:15:35.44,ANON013.SH,7.78,100.0,1,120036
2000-01-13 09:15:35.44,ANON013.SH,7.78,100.0,1,120037
2000-01-13 09:15:35.44,ANON013.SH,7.78,100.0,1,120038
2000-01-13 09:15:35.44,ANON013.SH,7.78,100.0,1,120039
2000-01-13 09:15:35.44,ANON013.SH,7.78,100.0,1,120040
2000-01-13 09:15:35.44,ANON013.SH,7.78,100.0,1,120041
2000-01-13 09:15:35.44,ANON013.SH,7.78,100.0,1,120042
2000-01-13 09:15:35.44,ANON013.SH,7.78,100.0,1,120043
2000-01-13 09:15:35.44,ANON013.SH,7.78,100.0,1,120044
2000-01-13 09:15:37.73,ANON013.SH,7.78,100.0,1,120349
2000-01-13 09:15:37.76,ANON013.SH,7.78,100.0,1,120351
2000-01-13 09:15:37.79,ANON013.SH,7.78,100.0,1,120353
2000-01-13 09:15:38.64,ANON013.SH,7.78,100.0,1,120478
2000-01-13 09:15:38.74,ANON013.SH,7.78,100.0,1,120489
2000-01-13 09:15:38.76,ANON013.SH,7.78,100.0,1,120492
2000-01-13 09:15:38.79,ANON013.SH,7.78,100.0,1,120493
2000-01-13 09:15:38.83,ANON013.SH,7.78,100.0,1,120494
2000-01-13 09:15:38.83,ANON013.SH,7.78,100.0,1,120495
2000-01-13 09:15:38.83,ANON013.SH,7.78,100.0,1,120496
2000-01-13 09:15:38.83,ANON013.SH,7.78,100.0,1,120498
2000-01-13 09:15:38.85,ANON013.SH,7.78,100.0,1,120499
2000-01-13 09:15:38.85,ANON013.SH,7.78,100.0,1,120500
2000-01-13 09:15:38.85,ANON013.SH,7.78,100.0,1,120501
2000-01-13 09:15:38.85,ANON013.SH,7.78,100.0,1,120502
2000-01-13 09:15:38.85,ANON013.SH,7.78,100.0,1,120503
2000-01-13 09:15:38.85,ANON013.SH,7.78,100.0,1,120504
2000-01-13 09:15:38.86,ANON013.SH,7.78,100.0,1,120505
2000-01-13 09:15:38.86,ANON013.SH,7.78,100.0,1,120506
2000-01-13 09:15:38.86,ANON013.SH,7.78,100.0,1,120507
2000-01-13 09:15:38.86,ANON013.SH,7.78,100.0,1,120508
2000-01-13 09:15:38.86,ANON013.SH,7.78,100.0,1,120509
2000-01-13 09:15:38.86,ANON013.SH,7.78,100.0,1,120510
2000-01-13 09:15:38.86,ANON013.SH,7.78,100.0,1,120511
2000-01-13 09:15:38.87,ANON013.SH,7.78,100.0,1,120512
2000-01-13 09:15:38.87,ANON013.SH,7.78,100.0,1,120513
2000-01-13 09:15:38.87,ANON013.SH,7.78,100.0,1,120514
2000-01-13 09:15:38.87,ANON013.SH,7.78,100.0,1,120515
2000-01-13 09:15:38.88,ANON013.SH,7.78,100.0,1,120517
2000-01-13 09:15:38.88,ANON013.SH,7.78,100.0,1,120518
2000-01-13 09:15:38.88,ANON013.SH,7.78,100.0,1,120519
2000-01-13 09:15:38.88,ANON013.SH,7.78,100.0,1,120520
2000-01-13 09:15:38.88,ANON013.SH,7.78,100.0,1,120521
2000-01-13 09:15:38.92,ANON013.SH,7.78,100.0,1,120522
2000-01-13 09:15:38.93,ANON013.SH,7.78,100.0,1,120523
2000-01-13 09:15:38.96,ANON013.SH,7.78,100.0,1,120526
2000-01-13 09:15:38.98,ANON013.SH,7.78,100.0,1,120528
2000-01-13 09:15:38.99,ANON013.SH,7.78,100.0,1,120529
2000-01-13 09:15:39,ANON013.SH,7.78,100.0,1,120531
2000-01-13 09:15:39,ANON013.SH,7.78,100.0,1,120532
2000-01-13 09:15:39,ANON013.SH,7.78,100.0,1,120533
2000-01-13 09:15:39.03,ANON013.SH,7.78,100.0,1,120535
2000-01-13 09:15:39.03,ANON013.SH,7.78,100.0,1,120536
2000-01-13 09:15:39.03,ANON013.SH,7.78,100.0,1,120537
2000-01-13 09:15:39.03,ANON013.SH,7.78,100.0,1,120539
2000-01-13 09:15:39.03,ANON013.SH,7.78,100.0,1,120542
2000-01-13 09:15:39.03,ANON013.SH,7.78,100.0,1,120545
2000-01-13 09:15:39.03,ANON013.SH,7.78,100.0,1,120546
2000-01-13 09:15:39.03,ANON013.SH,7.78,100.0,1,120547
2000-01-13 09:15:39.03,ANON013.SH,7.78,100.0,1,120548
2000-01-13 09:15:39.03,ANON013.SH,7.78,100.0,1,120549
2000-01-13 09:15:39.03,ANON013.SH,7.78,100.0,1,120550
2000-01-13 09:15:39.03,ANON013.SH,7.78,100.0,1,120551
2000-01-13 09:15:39.03,ANON013.SH,7.78,100.0,1,120552
2000-01-13 09:15:39.03,ANON013.SH,7.78,100.0,1,120553
2000-01-13 09:15:39.03,ANON013.SH,7.78,100.0,1,120554
2000-01-13 09:15:39.04,ANON013.SH,7.78,100.0,1,120555
2000-01-13 09:15:39.04,ANON013.SH,7.78,100.0,1,120556
2000-01-13 09:15:39.04,ANON013.SH,7.78,100.0,1,120557
2000-01-13 09:15:39.04,ANON013.SH,7.78,100.0,1,120558
2000-01-13 09:15:39.04,ANON013.SH,7.78,100.0,1,120559
2000-01-13 09:15:39.1,ANON013.SH,7.78,100.0,1,120567
2000-01-13 09:15:39.12,ANON013.SH,7.78,100.0,1,120596
2000-01-13 09:15:40.77,ANON013.SH,7.78,100.0,1,120833
2000-01-13 09:15:41.18,ANON013.SH,7.78,100.0,1,120927
2000-01-13 09:15:41.22,ANON013.SH,7.78,100.0,1,120943
2000-01-13 09:15:41.3,ANON013.SH,7.78,100.0,1,120951
2000-01-13 09:15:41.3,ANON013.SH,7.78,100.0,1,120952
2000-01-13 09:15:41.33,ANON013.SH,7.78,100.0,1,120955
2000-01-13 09:15:41.33,ANON013.SH,7.78,100.0,1,120956
2000-01-13 09:15:41.33,ANON013.SH,7.78,100.0,1,120957
2000-01-13 09:15:41.33,ANON013.SH,7.78,100.0,1,120958
2000-01-13 09:15:41.33,ANON013.SH,7.78,100.0,1,120959
2000-01-13 09:15:41.33,ANON013.SH,7.78,100.0,1,120960
2000-01-13 09:15:41.33,ANON013.SH,7.78,100.0,1,120961
2000-01-13 09:15:41.34,ANON013.SH,7.78,100.0,1,120962
2000-01-13 09:15:41.36,ANON013.SH,7.78,100.0,1,120970
2000-01-13 09:15:41.38,ANON013.SH,7.78,100.0,1,120973
2000-01-13 09:15:41.39,ANON013.SH,7.78,100.0,1,120974
2000-01-13 09:15:41.39,ANON013.SH,7.78,100.0,1,120975
2000-01-13 09:15:41.39,ANON013.SH,7.78,100.0,1,120976
2000-01-13 09:15:41.41,ANON013.SH,7.78,100.0,1,120980
2000-01-13 09:15:41.43,ANON013.SH,7.78,100.0,1,120983
2000-01-13 09:15:41.43,ANON013.SH,7.78,100.0,1,120984
2000-01-13 09:15:41.43,ANON013.SH,7.78,100.0,1,120985
2000-01-13 09:15:41.43,ANON013.SH,7.78,100.0,1,120986
2000-01-13 09:15:41.43,ANON013.SH,7.78,100.0,1,120987
2000-01-13 09:15:41.43,ANON013.SH,7.78,100.0,1,120988
2000-01-13 09:15:41.44,ANON013.SH,7.78,100.0,1,120989
2000-01-13 09:15:41.45,ANON013.SH,7.78,100.0,1,120990
2000-01-13 09:15:41.45,ANON013.SH,7.78,100.0,1,120991
2000-01-13 09:15:41.45,ANON013.SH,7.78,100.0,1,120994
2000-01-13 09:15:41.47,ANON013.SH,7.78,100.0,1,120995
2000-01-13 09:15:41.47,ANON013.SH,7.78,100.0,1,120996
2000-01-13 09:15:41.47,ANON013.SH,7.78,100.0,1,120997
2000-01-13 09:15:41.47,ANON013.SH,7.78,100.0,1,120998
2000-01-13 09:15:41.47,ANON013.SH,7.78,100.0,1,120999
2000-01-13 09:15:41.47,ANON013.SH,7.78,100.0,1,121000
2000-01-13 09:15:41.48,ANON013.SH,7.78,100.0,1,121001
2000-01-13 09:15:41.48,ANON013.SH,7.78,100.0,1,121002
2000-01-13 09:15:41.49,ANON013.SH,7.78,100.0,1,121005
2000-01-13 09:15:41.52,ANON013.SH,7.78,100.0,1,121007
2000-01-13 09:15:41.52,ANON013.SH,7.78,100.0,1,121008
2000-01-13 09:15:41.58,ANON013.SH,7.78,100.0,1,121014
2000-01-13 09:15:41.58,ANON013.SH,7.78,100.0,1,121016
2000-01-13 09:15:41.58,ANON013.SH,7.78,100.0,1,121017
2000-01-13 09:15:41.59,ANON013.SH,7.78,100.0,1,121020
2000-01-13 09:15:41.6,ANON013.SH,7.78,100.0,1,121021
2000-01-13 09:15:41.6,ANON013.SH,7.78,100.0,1,121022
2000-01-13 09:15:41.62,ANON013.SH,7.78,100.0,1,121023
2000-01-13 09:15:41.63,ANON013.SH,7.78,100.0,1,121025
2000-01-13 09:15:41.66,ANON013.SH,7.78,100.0,1,121027
2000-01-13 09:15:41.69,ANON013.SH,7.78,100.0,1,121029
2000-01-13 09:15:41.8,ANON013.SH,7.78,100.0,1,121036
2000-01-13 09:15:41.8,ANON013.SH,7.78,100.0,1,121037
2000-01-13 09:15:41.81,ANON013.SH,7.78,100.0,1,121038
2000-01-13 09:15:41.81,ANON013.SH,7.78,100.0,1,121039
2000-01-13 09:15:41.81,ANON013.SH,7.78,100.0,1,121040
2000-01-13 09:15:41.81,ANON013.SH,7.78,100.0,1,121041
2000-01-13 09:15:41.81,ANON013.SH,7.78,100.0,1,121042
2000-01-13 09:15:41.81,ANON013.SH,7.78,100.0,1,121043
2000-01-13 09:15:41.81,ANON013.SH,7.78,100.0,1,121044
2000-01-13 09:15:41.83,ANON013.SH,7.78,100.0,1,121045
2000-01-13 09:15:41.83,ANON013.SH,7.78,100.0,1,121046
2000-01-13 09:15:41.83,ANON013.SH,7.78,100.0,1,121047
2000-01-13 09:15:41.83,ANON013.SH,7.78,100.0,1,121048
2000-01-13 09:15:41.83,ANON013.SH,7.78,100.0,1,121049
2000-01-13 09:15:41.85,ANON013.SH,7.78,100.0,1,121050
2000-01-13 09:15:41.85,ANON013.SH,7.78,100.0,1,121051
2000-01-13 09:15:41.85,ANON013.SH,7.78,100.0,1,121052
2000-01-13 09:15:41.96,ANON013.SH,7.78,100.0,1,121060
2000-01-13 09:15:41.96,ANON013.SH,7.78,100.0,1,121061
2000-01-13 09:15:41.96,ANON013.SH,7.78,100.0,1,121062
2000-01-13 09:15:41.97,ANON013.SH,7.78,100.0,1,121063
2000-01-13 09:15:41.97,ANON013.SH,7.78,100.0,1,121064
2000-01-13 09:15:41.97,ANON013.SH,7.78,100.0,1,121065
2000-01-13 09:15:41.97,ANON013.SH,7.78,100.0,1,121066
2000-01-13 09:15:41.97,ANON013.SH,7.78,100.0,1,121067
2000-01-13 09:15:41.98,ANON013.SH,7.78,100.0,1,121068
2000-01-13 09:15:41.98,ANON013.SH,7.78,100.0,1,121069
2000-01-13 09:15:43.48,ANON013.SH,8.63,58300.0,-1,121318
2000-01-13 09:15:44.14,ANON013.SH,8.98,200.0,-1,121392
2000-01-13 09:15:47.34,ANON013.SH,8.79,200.0,-1,121928
2000-01-13 09:15:48.19,ANON013.SH,8.43,300.0,-1,122044
2000-01-13 09:15:48.19,ANON013.SH,8.39,300.0,1,122045
2000-01-13 09:15:53.33,ANON013.SH,8.8,1000.0,-1,122830
2000-01-13 09:15:58.84,ANON013.SH,8.5,100.0,1,123675
2000-01-13 09:15:59.29,ANON013.SH,9.32,2300.0,-1,123766
2000-01-13 09:15:59.51,ANON013.SH,8.5,100.0,1,123794
2000-01-13 09:16:00.16,ANON013.SH,9.5,100.0,-1,123893
2000-01-13 09:16:00.2,ANON013.SH,8.5,100.0,1,123916
2000-01-13 09:16:00.23,ANON013.SH,7.79,100.0,1,123925
2000-01-13 09:16:00.29,ANON013.SH,9.5,100.0,-1,123939
2000-01-13 09:16:00.29,ANON013.SH,9.5,100.0,-1,123940
2000-01-13 09:16:00.34,ANON013.SH,7.79,100.0,1,123955
2000-01-13 09:16:00.36,ANON013.SH,7.79,100.0,1,123958
2000-01-13 09:16:00.95,ANON013.SH,8.5,100.0,1,124006
2000-01-13 09:16:01.03,ANON013.SH,7.78,100.0,1,124012
2000-01-13 09:16:01.03,ANON013.SH,7.78,100.0,1,124013
2000-01-13 09:16:01.1,ANON013.SH,8.68,4100.0,-1,124036
2000-01-13 09:16:01.85,ANON013.SH,8.5,100.0,1,124179
2000-01-13 09:16:02.72,ANON013.SH,7.78,100.0,1,124301
2000-01-13 09:16:02.88,ANON013.SH,7.78,100.0,1,124317
2000-01-13 09:16:02.88,ANON013.SH,9.5,100.0,-1,124318
2000-01-13 09:16:02.88,ANON013.SH,7.78,100.0,1,124322
2000-01-13 09:16:02.88,ANON013.SH,9.5,100.0,-1,124323
2000-01-13 09:16:02.89,ANON013.SH,7.78,100.0,1,124324
2000-01-13 09:16:02.89,ANON013.SH,9.5,100.0,-1,124325
2000-01-13 09:16:02.89,ANON013.SH,7.78,100.0,1,124326
2000-01-13 09:16:02.89,ANON013.SH,9.5,100.0,-1,124327
2000-01-13 09:16:02.89,ANON013.SH,7.78,100.0,1,124328
2000-01-13 09:16:02.89,ANON013.SH,9.5,100.0,-1,124329
2000-01-13 09:16:02.89,ANON013.SH,7.78,100.0,1,124330
2000-01-13 09:16:02.89,ANON013.SH,9.5,100.0,-1,124331
2000-01-13 09:16:02.9,ANON013.SH,7.78,100.0,1,124334
2000-01-13 09:16:02.9,ANON013.SH,9.5,100.0,-1,124335
2000-01-13 09:16:02.9,ANON013.SH,7.78,100.0,1,124336
2000-01-13 09:16:02.9,ANON013.SH,9.5,100.0,-1,124337
2000-01-13 09:16:02.9,ANON013.SH,7.78,100.0,1,124338
2000-01-13 09:16:02.9,ANON013.SH,9.5,100.0,-1,124339
2000-01-13 09:16:02.9,ANON013.SH,7.78,100.0,1,124340
2000-01-13 09:16:02.9,ANON013.SH,9.5,100.0,-1,124341
2000-01-13 09:16:02.9,ANON013.SH,7.78,100.0,1,124342
2000-01-13 09:16:02.9,ANON013.SH,9.5,100.0,-1,124343
2000-01-13 09:16:02.9,ANON013.SH,7.78,100.0,1,124344
2000-01-13 09:16:02.9,ANON013.SH,9.5,100.0,-1,124345
2000-01-13 09:16:02.9,ANON013.SH,7.78,100.0,1,124346
2000-01-13 09:16:02.9,ANON013.SH,9.5,100.0,-1,124347
2000-01-13 09:16:02.9,ANON013.SH,7.78,100.0,1,124348
2000-01-13 09:16:02.9,ANON013.SH,9.5,100.0,-1,124349
2000-01-13 09:16:02.9,ANON013.SH,7.78,100.0,1,124350
2000-01-13 09:16:02.9,ANON013.SH,9.5,100.0,-1,124351
2000-01-13 09:16:02.91,ANON013.SH,7.78,100.0,1,124352
2000-01-13 09:16:02.91,ANON013.SH,9.5,100.0,-1,124353
2000-01-13 09:16:03.14,ANON013.SH,7.79,100.0,1,124392
2000-01-13 09:16:03.16,ANON013.SH,7.79,100.0,1,124396
2000-01-13 09:16:03.32,ANON013.SH,7.79,100.0,1,124446
2000-01-13 09:16:03.43,ANON013.SH,8.5,100.0,1,124461
2000-01-13 09:16:03.5,ANON013.SH,7.78,100.0,1,124472
2000-01-13 09:16:04.27,ANON013.SH,8.5,100.0,1,124559
2000-01-13 09:16:04.3,ANON013.SH,7.78,100.0,1,124566
2000-01-13 09:16:05.03,ANON013.SH,8.5,100.0,1,124619
2000-01-13 09:16:05.08,ANON013.SH,7.78,100.0,1,124630
2000-01-13 09:16:05.37,ANON013.SH,9.49,1000.0,-1,124690
2000-01-13 09:16:05.86,ANON013.SH,7.78,100.0,1,124732
2000-01-13 09:16:06.34,ANON013.SH,7.79,100.0,1,124795
2000-01-13 09:16:06.64,ANON013.SH,7.78,100.0,1,124811
2000-01-13 09:16:06.75,ANON013.SH,8.54,100.0,1,124818
2000-01-13 09:16:07.38,ANON013.SH,8.54,100.0,1,124882
2000-01-13 09:16:07.45,ANON013.SH,7.78,100.0,1,124886
2000-01-13 09:16:08.23,ANON013.SH,7.78,100.0,1,124944
2000-01-13 09:16:08.36,ANON013.SH,7.79,100.0,1,124948
2000-01-13 09:16:08.44,ANON013.SH,7.79,100.0,1,124963
2000-01-13 09:16:09.03,ANON013.SH,7.78,100.0,1,125002
2000-01-13 09:16:09.34,ANON013.SH,7.79,100.0,1,125034
2000-01-13 09:16:09.79,ANON013.SH,7.78,100.0,1,125065
2000-01-13 09:16:10,ANON013.SH,7.79,100.0,1,125078
2000-01-13 09:16:10.44,ANON013.SH,7.79,100.0,1,125108
2000-01-13 09:16:11.2,ANON013.SH,8.53,10000.0,1,125276
2000-01-13 09:16:12.34,ANON013.SH,7.79,100.0,1,125353
2000-01-13 09:16:15.33,ANON013.SH,7.79,100.0,1,125547
2000-01-13 09:16:18.34,ANON013.SH,7.79,100.0,1,125747
2000-01-13 09:16:21.33,ANON013.SH,7.79,100.0,1,125984
2000-01-13 09:16:24.33,ANON013.SH,7.79,100.0,1,126193
2000-01-13 09:16:27.34,ANON013.SH,7.79,100.0,1,126393
2000-01-13 09:16:27.45,ANON013.SH,8.98,4200.0,-1,126402
2000-01-13 09:16:28.8,ANON013.SH,8.78,3000.0,-1,126506
2000-01-13 09:16:29.33,ANON013.SH,8.51,10000.0,1,126547
2000-01-13 09:16:30.02,ANON013.SH,8.64,5000.0,-1,126598
2000-01-13 09:16:30.33,ANON013.SH,7.79,100.0,1,126623
2000-01-13 09:16:31.7,ANON013.SH,8.9,1000.0,-1,126708
2000-01-13 09:16:33.33,ANON013.SH,7.79,100.0,1,126803
2000-01-13 09:16:33.67,ANON013.SH,7.78,100.0,1,126829
2000-01-13 09:16:33.7,ANON013.SH,7.78,100.0,1,126831
2000-01-13 09:16:33.75,ANON013.SH,7.78,100.0,1,126834
2000-01-13 09:16:36.34,ANON013.SH,7.79,100.0,1,127018
2000-01-13 09:16:36.81,ANON013.SH,8.82,6000.0,-1,127044
2000-01-13 09:16:39.33,ANON013.SH,7.79,100.0,1,127211
2000-01-13 09:16:42.35,ANON013.SH,7.79,100.0,1,127443
2000-01-13 09:16:44.19,ANON013.SH,9.29,4200.0,-1,127565
2000-01-13 09:16:45.34,ANON013.SH,7.79,100.0,1,127653
2000-01-13 09:16:47.71,ANON013.SH,8.76,1000.0,-1,127843
2000-01-13 09:16:48.33,ANON013.SH,7.79,100.0,1,127889
2000-01-13 09:16:48.81,ANON013.SH,8.82,1000.0,-1,127931
2000-01-13 09:16:50.57,ANON013.SH,9.26,5700.0,-1,128079
2000-01-13 09:16:51.33,ANON013.SH,7.79,100.0,1,128132
2000-01-13 09:16:54.33,ANON013.SH,7.79,100.0,1,128343
2000-01-13 09:16:57.34,ANON013.SH,7.79,100.0,1,128570
2000-01-13 09:17:00.34,ANON013.SH,7.79,100.0,1,128782
2000-01-13 09:17:00.77,ANON013.SH,8.68,100.0,-1,128819
2000-01-13 09:17:06.52,ANON013.SH,8.54,100.0,1,129373
2000-01-13 09:17:06.97,ANON013.SH,8.54,100.0,1,129408
2000-01-13 09:17:09.3,ANON013.SH,8.0,6300.0,1,129616
2000-01-13 09:17:09.67,ANON013.SH,8.6,3200.0,1,129656
2000-01-13 09:17:12.47,ANON013.SH,8.69,2000.0,-1,129895
2000-01-13 09:17:12.92,ANON013.SH,7.78,100.0,1,129929
2000-01-13 09:17:17.97,ANON013.SH,8.55,5000.0,1,130273
2000-01-13 09:17:22.39,ANON013.SH,7.78,100.0,1,130621
2000-01-13 09:17:30.13,ANON013.SH,9.5,7150.0,-1,131200
2000-01-13 09:17:33.69,ANON013.SH,7.78,100.0,1,131508
2000-01-13 09:17:33.71,ANON013.SH,7.78,100.0,1,131509
2000-01-13 09:17:33.72,ANON013.SH,7.78,100.0,1,131513
2000-01-13 09:17:34.46,ANON013.SH,8.65,9000.0,-1,131575
2000-01-13 09:17:36.98,ANON013.SH,8.64,200.0,1,131759
2000-01-13 09:17:37.77,ANON013.SH,8.99,6000.0,-1,131829
2000-01-13 09:17:37.84,ANON013.SH,8.77,1000.0,-1,131837
2000-01-13 09:17:39.67,ANON013.SH,8.5,5000.0,1,131974
2000-01-13 09:17:41.12,ANON013.SH,7.79,100.0,1,132092
2000-01-13 09:17:43.13,ANON013.SH,8.4,5000.0,1,132251
2000-01-13 09:17:45.28,ANON013.SH,8.65,30000.0,-1,132439
2000-01-13 09:17:45.31,ANON013.SH,8.68,1000.0,-1,132447
2000-01-13 09:17:46.75,ANON013.SH,8.8,17000.0,-1,132551
2000-01-13 09:17:47.72,ANON013.SH,8.72,1500.0,-1,132636
2000-01-13 09:17:48.29,ANON013.SH,8.85,5000.0,-1,132683
2000-01-13 09:17:52.33,ANON013.SH,8.98,300.0,-1,133025
2000-01-13 09:17:53.39,ANON013.SH,8.44,6000.0,1,133120
2000-01-13 09:17:53.82,ANON013.SH,8.78,5000.0,-1,133144
2000-01-13 09:18:00.06,ANON013.SH,7.78,100.0,1,133689
2000-01-13 09:18:00.06,ANON013.SH,7.78,100.0,1,133690
2000-01-13 09:18:01.26,ANON013.SH,8.73,100.0,-1,133783
2000-01-13 09:18:04.12,ANON013.SH,8.0,9900.0,1,134038
2000-01-13 09:18:05.56,ANON013.SH,8.1,5000.0,1,134172
2000-01-13 09:18:07.27,ANON013.SH,8.54,100.0,1,134325
2000-01-13 09:18:09.81,ANON013.SH,8.82,5400.0,-1,134550
2000-01-13 09:18:13.11,ANON013.SH,8.0,100.0,1,134831
2000-01-13 09:18:13.11,ANON013.SH,8.0,100.0,1,134832
2000-01-13 09:18:13.12,ANON013.SH,8.0,100.0,1,134833
2000-01-13 09:18:13.12,ANON013.SH,8.0,100.0,1,134834
2000-01-13 09:18:13.12,ANON013.SH,8.0,100.0,1,134835
2000-01-13 09:18:14.96,ANON013.SH,8.96,6000.0,-1,134983
2000-01-13 09:18:15.65,ANON013.SH,8.01,700.0,1,135051
2000-01-13 09:18:21.5,ANON013.SH,9.1,10000.0,-1,135566
2000-01-13 09:18:23.51,ANON013.SH,8.55,10000.0,1,135743
2000-01-13 09:18:31.22,ANON013.SH,9.29,1700.0,-1,136445
2000-01-13 09:18:33.23,ANON013.SH,7.79,100.0,1,136620
2000-01-13 09:18:33.37,ANON013.SH,7.79,100.0,1,136636
2000-01-13 09:18:33.37,ANON013.SH,7.79,100.0,1,136637
2000-01-13 09:18:33.37,ANON013.SH,7.79,100.0,1,136638
2000-01-13 09:18:33.37,ANON013.SH,7.79,100.0,1,136639
2000-01-13 09:18:33.47,ANON013.SH,7.79,100.0,1,136647
2000-01-13 09:18:33.68,ANON013.SH,7.79,100.0,1,136670
2000-01-13 09:18:33.71,ANON013.SH,7.78,100.0,1,136674
2000-01-13 09:18:33.72,ANON013.SH,7.78,100.0,1,136676
2000-01-13 09:18:33.75,ANON013.SH,7.78,100.0,1,136681
2000-01-13 09:18:34.2,ANON013.SH,7.79,100.0,1,136729
2000-01-13 09:18:34.33,ANON013.SH,8.76,7000.0,-1,136743
2000-01-13 09:18:40.75,ANON013.SH,9.06,500.0,-1,137318
2000-01-13 09:18:42.29,ANON013.SH,8.8,100.0,-1,137462
2000-01-13 09:18:51.8,ANON013.SH,8.51,1300.0,-1,138311
2000-01-13 09:18:52,ANON013.SH,8.77,100.0,-1,138324
2000-01-13 09:18:53.18,ANON013.SH,7.79,100.0,1,138423
2000-01-13 09:18:58.07,ANON013.SH,8.88,200.0,-1,138845
2000-01-13 09:19:00.3,ANON013.SH,8.72,2000.0,-1,139038
2000-01-13 09:19:08.08,ANON013.SH,8.68,500.0,-1,139764
2000-01-13 09:19:08.53,ANON013.SH,8.73,500.0,-1,139805
2000-01-13 09:19:09.66,ANON013.SH,8.7,2000.0,-1,139908
2000-01-13 09:19:16.99,ANON013.SH,8.8,2000.0,-1,140597
2000-01-13 09:19:18.85,ANON013.SH,8.48,6900.0,1,140763
2000-01-13 09:19:22.3,ANON013.SH,8.9,2000.0,-1,141081
2000-01-13 09:19:25.04,ANON013.SH,8.64,100.0,-1,141360
2000-01-13 09:19:25.43,ANON013.SH,8.9,100.0,-1,141397
2000-01-13 09:19:27.24,ANON013.SH,9.0,2000.0,-1,141549
2000-01-13 09:19:28.73,ANON013.SH,9.0,400.0,-1,141671
2000-01-13 09:19:35.03,ANON013.SH,8.68,300.0,-1,142252
2000-01-13 09:19:35.58,ANON013.SH,8.5,2000.0,1,142307
2000-01-13 09:19:36.26,ANON013.SH,8.7,500.0,-1,142374
2000-01-13 09:19:38.04,ANON013.SH,9.0,10000.0,-1,142519
2000-01-13 09:19:39.21,ANON013.SH,9.18,400.0,-1,142634
2000-01-13 09:19:40.94,ANON013.SH,8.66,3000.0,-1,142783
2000-01-13 09:19:41.2,ANON013.SH,8.4,2000.0,1,142806
2000-01-13 09:19:42.78,ANON013.SH,8.68,1000.0,-1,142941
2000-01-13 09:19:42.96,ANON013.SH,8.88,1000.0,-1,142955
2000-01-13 09:19:43.33,ANON013.SH,7.78,100.0,1,142986
2000-01-13 09:19:45.51,ANON013.SH,7.78,100.0,1,143192
2000-01-13 09:19:46.55,ANON013.SH,8.45,2000.0,1,143283
2000-01-13 09:19:46.71,ANON013.SH,8.65,1000.0,-1,143300
2000-01-13 09:19:46.78,ANON013.SH,9.45,100.0,1,143303
2000-01-13 09:19:49.47,ANON013.SH,8.73,2400.0,-1,143551
2000-01-13 09:19:53.65,ANON013.SH,8.81,5400.0,1,143988
2000-01-13 09:19:56.48,ANON013.SH,8.64,2500.0,-1,144258
2000-01-13 09:19:56.64,ANON013.SH,9.22,1000.0,-1,144272
2000-01-13 09:19:57.9,ANON013.SH,8.81,100.0,1,144420
2000-01-13 09:20:01.05,ANON013.SH,8.21,100.0,-1,144758
2000-01-13 09:20:01.05,ANON013.SH,8.21,800.0,-1,144759
2000-01-13 09:20:01.05,ANON013.SH,8.21,1200.0,-1,144766
2000-01-13 09:20:01.05,ANON013.SH,8.21,200.0,-1,144768
2000-01-13 09:20:01.06,ANON013.SH,8.21,300.0,-1,144775
2000-01-13 09:20:01.06,ANON013.SH,8.21,2900.0,-1,144776
2000-01-13 09:20:01.06,ANON013.SH,8.21,300.0,-1,144777
2000-01-13 09:20:01.07,ANON013.SH,8.21,100.0,-1,144778
2000-01-13 09:20:01.13,ANON013.SH,9.5,600.0,-1,144783
2000-01-13 09:20:02.4,ANON013.SH,8.69,3000.0,-1,145048
2000-01-13 09:20:03.88,ANON013.SH,7.78,100.0,1,145400
2000-01-13 09:20:10.28,ANON013.SH,7.78,100.0,-1,146200
2000-01-13 09:20:10.36,ANON013.SH,7.78,100.0,-1,146215
2000-01-13 09:20:10.38,ANON013.SH,7.78,100.0,-1,146219
2000-01-13 09:20:13.46,ANON013.SH,9.5,100.0,-1,146573
2000-01-13 09:20:14.92,ANON013.SH,8.7,1000.0,-1,146710
2000-01-13 09:20:17.14,ANON013.SH,8.68,34300.0,-1,146929
2000-01-13 09:20:17.21,ANON013.SH,8.88,6000.0,-1,146938
2000-01-13 09:20:17.35,ANON013.SH,8.74,4000.0,-1,146959
2000-01-13 09:20:19.99,ANON013.SH,8.75,10000.0,-1,147218
2000-01-13 09:20:21.26,ANON013.SH,8.43,2000.0,1,147359
2000-01-13 09:20:21.33,ANON013.SH,8.67,2000.0,-1,147367
2000-01-13 09:20:28.74,ANON013.SH,9.5,17900.0,-1,148076
2000-01-13 09:20:29.09,ANON013.SH,8.63,100.0,-1,148115
2000-01-13 09:20:31.34,ANON013.SH,8.7,100.0,-1,148372
2000-01-13 09:20:36.64,ANON013.SH,8.59,5000.0,1,148896
2000-01-13 09:20:39.97,ANON013.SH,8.8,100.0,-1,149240
2000-01-13 09:20:39.97,ANON013.SH,8.88,500.0,-1,149241
2000-01-13 09:20:43.79,ANON013.SH,8.7,2000.0,-1,149646
2000-01-13 09:20:45.14,ANON013.SH,8.01,2000.0,1,149789
2000-01-13 09:20:48.67,ANON013.SH,8.75,2000.0,-1,150159
2000-01-13 09:20:50.85,ANON013.SH,8.67,2000.0,-1,150393
2000-01-13 09:20:52.09,ANON013.SH,8.64,5000.0,-1,150528
2000-01-13 09:20:52.68,ANON013.SH,7.78,200.0,1,150582
2000-01-13 09:20:53.35,ANON013.SH,8.8,2000.0,-1,150662
2000-01-13 09:20:53.99,ANON013.SH,8.9,100.0,-1,150733
2000-01-13 09:20:58.48,ANON013.SH,8.85,2000.0,-1,151232
2000-01-13 09:21:01.12,ANON013.SH,9.5,25900.0,-1,151517
2000-01-13 09:21:05.27,ANON013.SH,8.9,2000.0,-1,151970
2000-01-13 09:21:08.92,ANON013.SH,8.72,2900.0,-1,152432
2000-01-13 09:21:09.78,ANON013.SH,8.98,2000.0,-1,152520
2000-01-13 09:21:10.51,ANON013.SH,8.95,2000.0,-1,152583
2000-01-13 09:21:12,ANON013.SH,8.59,200.0,1,152743
2000-01-13 09:21:15.3,ANON013.SH,9.0,100.0,-1,153088
2000-01-13 09:21:15.39,ANON013.SH,8.03,1000.0,1,153103
2000-01-13 09:21:17.77,ANON013.SH,8.69,500.0,-1,153364
2000-01-13 09:21:18.53,ANON013.SH,8.69,2100.0,-1,153456
2000-01-13 09:21:20.2,ANON013.SH,8.7,390.0,-1,153657
2000-01-13 09:21:21.48,ANON013.SH,8.78,500.0,-1,153791
2000-01-13 09:21:23.66,ANON013.SH,8.55,2000.0,1,154098
2000-01-13 09:21:28.31,ANON013.SH,8.5,2000.0,1,154637
2000-01-13 09:21:28.98,ANON013.SH,8.21,100.0,-1,154719
2000-01-13 09:21:29.92,ANON013.SH,8.54,500.0,-1,154843
2000-01-13 09:21:31.3,ANON013.SH,9.5,1000.0,-1,155058
2000-01-13 09:21:31.37,ANON013.SH,8.63,1000.0,-1,155066
2000-01-13 09:21:33.04,ANON013.SH,8.45,2000.0,1,155247
2000-01-13 09:21:33.48,ANON013.SH,8.78,200.0,-1,155290
2000-01-13 09:21:34.72,ANON013.SH,8.75,500.0,-1,155453
2000-01-13 09:21:39.1,ANON013.SH,8.99,5100.0,-1,155940
2000-01-13 09:21:39.42,ANON013.SH,8.4,2000.0,1,155978
2000-01-13 09:21:39.64,ANON013.SH,8.82,500.0,-1,156014
2000-01-13 09:21:44.26,ANON013.SH,8.35,2000.0,1,156577
2000-01-13 09:21:44.79,ANON013.SH,8.64,300.0,-1,156652
2000-01-13 09:21:45.29,ANON013.SH,8.6,2000.0,1,156712
2000-01-13 09:21:46.47,ANON013.SH,8.7,100.0,-1,156874
2000-01-13 09:21:48.79,ANON013.SH,9.48,500.0,-1,157163
2000-01-13 09:21:49.32,ANON013.SH,9.5,1000.0,-1,157234
2000-01-13 09:21:57.96,ANON013.SH,8.8,2700.0,-1,158311
2000-01-13 09:21:58.3,ANON013.SH,8.64,100.0,-1,158364
2000-01-13 09:21:59.96,ANON013.SH,9.34,1000.0,-1,158556
2000-01-13 09:22:01.52,ANON013.SH,8.93,2000.0,-1,158779
2000-01-13 09:22:02.88,ANON013.SH,9.49,400.0,-1,158963
2000-01-13 09:22:03.67,ANON013.SH,8.59,1000.0,-1,159065
2000-01-13 09:22:04.47,ANON013.SH,8.88,700.0,-1,159170
2000-01-13 09:22:04.61,ANON013.SH,9.5,300.0,1,159198
2000-01-13 09:22:06.33,ANON013.SH,9.48,2000.0,-1,159434
2000-01-13 09:22:07.39,ANON013.SH,9.49,5000.0,-1,159570
2000-01-13 09:22:10.7,ANON013.SH,8.64,5000.0,1,160004
2000-01-13 09:22:13.52,ANON013.SH,9.05,1000.0,-1,160359
2000-01-13 09:22:13.67,ANON013.SH,8.58,1200.0,1,160379
2000-01-13 09:22:15.13,ANON013.SH,9.2,5000.0,-1,160573
2000-01-13 09:22:22.08,ANON013.SH,8.98,500.0,-1,161481
2000-01-13 09:22:24.18,ANON013.SH,8.43,800.0,1,161771
2000-01-13 09:22:24.78,ANON013.SH,8.5,500.0,1,161831
2000-01-13 09:22:27.05,ANON013.SH,9.5,200.0,1,162096
2000-01-13 09:22:29.08,ANON013.SH,8.7,200.0,-1,162373
2000-01-13 09:22:30.72,ANON013.SH,8.81,5800.0,1,162624
2000-01-13 09:22:36.41,ANON013.SH,8.68,4000.0,-1,163479
2000-01-13 09:22:36.97,ANON013.SH,8.73,300.0,-1,163567
2000-01-13 09:22:41.83,ANON013.SH,8.8,200.0,-1,164243
2000-01-13 09:22:44.54,ANON013.SH,8.48,500.0,1,164608
2000-01-13 09:22:45.34,ANON013.SH,9.2,1000.0,-1,164725
2000-01-13 09:22:47.35,ANON013.SH,8.55,1000.0,1,164996
2000-01-13 09:22:50.67,ANON013.SH,8.9,10000.0,-1,165450
2000-01-13 09:22:51.03,ANON013.SH,8.55,1000.0,1,165497
2000-01-13 09:22:53.84,ANON013.SH,8.69,1500.0,1,165902
2000-01-13 09:22:54.47,ANON013.SH,8.33,1000.0,1,165973
2000-01-13 09:22:58.6,ANON013.SH,8.76,4000.0,-1,166581
2000-01-13 09:22:58.84,ANON013.SH,8.8,2000.0,-1,166622
2000-01-13 09:23:01.89,ANON013.SH,8.82,100.0,-1,167118
2000-01-13 09:23:04.5,ANON013.SH,8.4,500.0,1,167487
2000-01-13 09:23:05.97,ANON013.SH,9.07,20000.0,-1,167688
2000-01-13 09:23:06.14,ANON013.SH,8.68,100.0,-1,167705
2000-01-13 09:23:06.33,ANON013.SH,8.6,2400.0,1,167744
2000-01-13 09:23:07.16,ANON013.SH,8.64,600.0,-1,167867
2000-01-13 09:23:11.66,ANON013.SH,8.68,400.0,-1,168488
2000-01-13 09:23:13.65,ANON013.SH,8.69,500.0,-1,168823
2000-01-13 09:23:14.1,ANON013.SH,8.7,4000.0,-1,168882
2000-01-13 09:23:15.12,ANON013.SH,8.36,1000.0,1,169035
2000-01-13 09:23:18.9,ANON013.SH,8.77,10000.0,-1,169597
2000-01-13 09:23:20.23,ANON013.SH,9.24,30000.0,-1,169804
2000-01-13 09:23:22.64,ANON013.SH,8.79,500.0,-1,170185
2000-01-13 09:23:23.97,ANON013.SH,9.5,40000.0,-1,170371
2000-01-13 09:23:29.29,ANON013.SH,8.64,500.0,-1,171260
2000-01-13 09:23:30.05,ANON013.SH,8.89,500.0,-1,171396
2000-01-13 09:23:31.54,ANON013.SH,8.66,20000.0,-1,171665
2000-01-13 09:23:33.3,ANON013.SH,8.7,1300.0,-1,171962
2000-01-13 09:23:36.49,ANON013.SH,8.98,1000.0,-1,172505
2000-01-13 09:23:37.42,ANON013.SH,8.85,500.0,-1,172657
2000-01-13 09:23:38.41,ANON013.SH,8.6,1000.0,1,172815
2000-01-13 09:23:38.71,ANON013.SH,8.86,1000.0,-1,172874
2000-01-13 09:23:39.97,ANON013.SH,8.9,3000.0,-1,173092
2000-01-13 09:23:42.43,ANON013.SH,8.58,5000.0,1,173519
2000-01-13 09:23:47.84,ANON013.SH,8.8,2200.0,-1,174411
2000-01-13 09:23:48.51,ANON013.SH,8.97,500.0,-1,174527
2000-01-13 09:23:48.95,ANON013.SH,8.68,1000.0,-1,174611
2000-01-13 09:23:49.52,ANON013.SH,8.6,1100.0,1,174698
2000-01-13 09:23:50.87,ANON013.SH,8.76,10000.0,-1,174914
2000-01-13 09:23:51.3,ANON013.SH,8.78,3000.0,-1,174995
2000-01-13 09:23:56.18,ANON013.SH,8.72,1000.0,-1,175834
2000-01-13 09:23:56.73,ANON013.SH,9.0,1000.0,-1,175926
2000-01-13 09:23:56.91,ANON013.SH,9.49,9300.0,1,175971
2000-01-13 09:23:57.93,ANON013.SH,8.64,1400.0,1,176186
2000-01-13 09:24:00.06,ANON013.SH,8.21,9800.0,-1,176582
2000-01-13 09:24:00.06,ANON013.SH,9.07,600.0,1,176583
2000-01-13 09:24:00.12,ANON013.SH,9.07,300.0,1,176638
2000-01-13 09:24:01.67,ANON013.SH,8.9,1000.0,-1,177025
2000-01-13 09:24:04.49,ANON013.SH,9.07,100.0,1,177690
2000-01-13 09:24:07.2,ANON013.SH,8.7,100.0,-1,178283
2000-01-13 09:24:17.73,ANON013.SH,8.75,200000.0,-1,180787
2000-01-13 09:24:19.05,ANON013.SH,8.31,1000.0,1,181094
2000-01-13 09:24:20.27,ANON013.SH,8.36,10000.0,1,181430
2000-01-13 09:24:22.37,ANON013.SH,8.59,10000.0,1,182001
2000-01-13 09:24:23.27,ANON013.SH,8.58,9000.0,1,182259
2000-01-13 09:24:24.17,ANON013.SH,8.68,500.0,-1,182499
2000-01-13 09:24:25.78,ANON013.SH,8.69,1000.0,-1,182944
2000-01-13 09:24:29.07,ANON013.SH,8.21,100.0,-1,183871
2000-01-13 09:24:29.09,ANON013.SH,8.21,100.0,-1,183877
2000-01-13 09:24:31.93,ANON013.SH,8.88,21600.0,-1,184781
2000-01-13 09:24:32.92,ANON013.SH,8.47,18300.0,-1,185090
2000-01-13 09:24:38.52,ANON013.SH,9.5,100.0,-1,186863
2000-01-13 09:24:39.36,ANON013.SH,8.81,4100.0,1,187163
2000-01-13 09:24:39.92,ANON013.SH,8.21,100.0,-1,187334
2000-01-13 09:24:41.31,ANON013.SH,8.89,5000.0,-1,187802
2000-01-13 09:24:42.73,ANON013.SH,8.64,2000.0,-1,188215
2000-01-13 09:24:43.92,ANON013.SH,9.07,100.0,1,188667
2000-01-13 09:24:48.9,ANON013.SH,8.63,3100.0,-1,190130
2000-01-13 09:24:49.3,ANON013.SH,8.63,2500.0,-1,190269
2000-01-13 09:24:49.9,ANON013.SH,8.63,2400.0,-1,190505
2000-01-13 09:24:51.1,ANON013.SH,8.81,500.0,1,191153
2000-01-13 09:24:51.27,ANON013.SH,8.8,10000.0,-1,191263
2000-01-13 09:24:51.65,ANON013.SH,8.51,600.0,-1,191500
2000-01-13 09:24:51.67,ANON013.SH,8.51,200.0,-1,191528
2000-01-13 09:24:52,ANON013.SH,8.56,2900.0,-1,191876
2000-01-13 09:24:52.97,ANON013.SH,9.5,1400.0,1,192332
2000-01-13 09:24:53.45,ANON013.SH,8.8,1000.0,-1,192596
2000-01-13 09:24:53.9,ANON013.SH,9.27,200.0,1,192922
2000-01-13 09:24:54.01,ANON013.SH,8.97,1000.0,-1,192986
2000-01-13 09:24:55.17,ANON013.SH,8.41,1000.0,1,193564
2000-01-13 09:24:55.17,ANON013.SH,8.81,4500.0,1,193569
2000-01-13 09:24:55.38,ANON013.SH,8.63,500.0,-1,193672
2000-01-13 09:24:55.44,ANON013.SH,8.63,30900.0,1,193713
2000-01-13 09:24:55.6,ANON013.SH,8.76,1000.0,1,193784
2000-01-13 09:24:55.94,ANON013.SH,8.59,700.0,-1,194006
2000-01-13 09:24:56.11,ANON013.SH,9.0,15000.0,-1,194218
2000-01-13 09:24:56.31,ANON013.SH,8.46,500.0,-1,194471
2000-01-13 09:24:56.45,ANON013.SH,8.63,200.0,-1,194643
2000-01-13 09:24:56.56,ANON013.SH,8.63,100.0,-1,194788
2000-01-13 09:24:56.65,ANON013.SH,8.46,300.0,-1,194965
2000-01-13 09:24:56.72,ANON013.SH,8.62,5700.0,-1,195076
2000-01-13 09:24:56.74,ANON013.SH,8.46,1500.0,-1,195100
2000-01-13 09:24:56.93,ANON013.SH,8.62,2000.0,-1,195341
2000-01-13 09:24:57.06,ANON013.SH,8.81,1300.0,1,195482
2000-01-13 09:24:57.1,ANON013.SH,8.62,5100.0,-1,195548
2000-01-13 09:24:57.5,ANON013.SH,8.74,300.0,-1,196093
2000-01-13 09:24:57.65,ANON013.SH,8.7,500.0,-1,196259
2000-01-13 09:24:58.15,ANON013.SH,9.5,2100.0,1,196800
2000-01-13 09:24:58.52,ANON013.SH,8.62,500.0,-1,197343
2000-01-13 09:24:58.52,ANON013.SH,8.66,400.0,-1,197344
2000-01-13 09:24:58.91,ANON013.SH,8.58,300.0,-1,197746
2000-01-13 09:24:58.95,ANON013.SH,9.07,100.0,1,197804
2000-01-13 09:24:59.29,ANON013.SH,8.62,3600.0,-1,198209
2000-01-13 09:24:59.48,ANON013.SH,8.65,3100.0,1,198405
2000-01-13 09:24:59.53,ANON013.SH,8.65,700.0,1,198566
2000-01-13 09:24:59.53,ANON013.SH,8.65,1800.0,1,198583
2000-01-13 09:24:59.56,ANON013.SH,8.65,1800.0,1,198681
2000-01-13 09:24:59.59,ANON013.SH,8.65,800.0,1,198708
2000-01-13 09:24:59.67,ANON013.SH,8.81,16400.0,1,198916
2000-01-13 09:30:00.02,ANON013.SH,7.78,100.0,1,199476
2000-01-13 09:30:00.06,ANON013.SH,7.78,100.0,1,199620
2000-01-13 09:30:00.22,ANON013.SH,8.9,10000.0,-1,200415
2000-01-13 09:30:00.86,ANON013.SH,8.2,600000.0,1,201584
2000-01-13 09:30:01.1,ANON013.SH,9.07,2000.0,-1,202054
2000-01-13 09:30:01.21,ANON013.SH,8.7,200.0,-1,202240
2000-01-13 09:30:01.31,ANON013.SH,8.64,59.0,-1,202597
2000-01-13 09:30:01.48,ANON013.SH,8.8,5000.0,-1,202854
2000-01-13 09:30:01.54,ANON013.SH,8.58,1100.0,1,203125
2000-01-13 09:30:01.57,ANON013.SH,8.64,100.0,-1,203654
2000-01-13 09:30:01.63,ANON013.SH,8.66,1000.0,-1,204024
2000-01-13 09:30:01.63,ANON013.SH,8.68,1000.0,-1,204095
2000-01-13 09:30:01.63,ANON013.SH,8.7,1000.0,-1,204140
2000-01-13 09:30:01.69,ANON013.SH,9.5,2000.0,-1,204610
2000-01-13 09:30:01.75,ANON013.SH,8.64,2000.0,-1,204925
2000-01-13 09:30:01.92,ANON013.SH,8.73,100.0,-1,205459
2000-01-13 09:30:02,ANON013.SH,8.63,100.0,1,206087
2000-01-13 09:30:02.03,ANON013.SH,8.63,100.0,1,206291
2000-01-13 09:30:02.06,ANON013.SH,8.7,2000.0,-1,206605
2000-01-13 09:30:02.06,ANON013.SH,8.69,48276.0,-1,206829
2000-01-13 09:30:02.06,ANON013.SH,8.64,300.0,-1,206950
2000-01-13 09:30:02.1,ANON013.SH,8.68,500.0,-1,207151
2000-01-13 09:30:02.14,ANON013.SH,8.5,2000.0,1,207686
2000-01-13 09:30:02.14,ANON013.SH,8.4,2000.0,1,207710
2000-01-13 09:30:02.24,ANON013.SH,8.74,900.0,-1,208546
2000-01-13 09:30:02.28,ANON013.SH,8.95,1000.0,-1,209776
2000-01-13 09:30:02.4,ANON013.SH,8.71,1000.0,-1,210407
2000-01-13 09:30:02.4,ANON013.SH,9.5,1000.0,-1,211137
2000-01-13 09:30:02.4,ANON013.SH,8.53,2500.0,1,211614
2000-01-13 09:30:02.4,ANON013.SH,8.64,200.0,-1,211727
2000-01-13 09:30:02.54,ANON013.SH,8.68,100.0,-1,211810
2000-01-13 09:30:02.54,ANON013.SH,8.72,1000.0,-1,212002
2000-01-13 09:30:02.54,ANON013.SH,8.66,600.0,-1,212488
2000-01-13 09:30:02.54,ANON013.SH,7.78,100.0,1,212603
2000-01-13 09:30:02.54,ANON013.SH,9.25,1000.0,-1,213203
2000-01-13 09:30:02.54,ANON013.SH,8.64,58300.0,-1,213381
2000-01-13 09:30:02.68,ANON013.SH,8.64,11300.0,-1,214667
2000-01-13 09:30:02.82,ANON013.SH,8.8,600.0,-1,215340
2000-01-13 09:30:02.82,ANON013.SH,8.7,100.0,-1,215419
2000-01-13 09:30:02.97,ANON013.SH,8.68,1000.0,-1,217128
2000-01-13 09:30:02.97,ANON013.SH,8.7,4500.0,-1,217284
2000-01-13 09:30:02.97,ANON013.SH,8.74,1000.0,-1,217638
2000-01-13 09:30:02.97,ANON013.SH,8.84,1000.0,-1,217700
2000-01-13 09:30:02.97,ANON013.SH,8.48,3000.0,1,217760
2000-01-13 09:30:02.97,ANON013.SH,8.63,600.0,1,218585
2000-01-13 09:30:02.97,ANON013.SH,8.64,1000.0,-1,218880
2000-01-13 09:30:03.11,ANON013.SH,8.69,2900.0,-1,219244
2000-01-13 09:30:03.11,ANON013.SH,8.68,500.0,-1,219354
2000-01-13 09:30:03.11,ANON013.SH,8.86,8000.0,-1,219427
2000-01-13 09:30:03.11,ANON013.SH,8.7,300.0,-1,219924
2000-01-13 09:30:03.11,ANON013.SH,8.42,1000.0,1,219985
2000-01-13 09:30:03.11,ANON013.SH,8.69,10000.0,-1,220016
2000-01-13 09:30:03.11,ANON013.SH,9.0,10000.0,-1,220048
2000-01-13 09:30:03.11,ANON013.SH,8.74,10000.0,-1,220095
2000-01-13 09:30:03.26,ANON013.SH,7.78,100.0,1,220679
2000-01-13 09:30:03.26,ANON013.SH,8.64,100.0,-1,220820
2000-01-13 09:30:03.26,ANON013.SH,8.93,900.0,-1,222239
2000-01-13 09:30:03.44,ANON013.SH,8.63,1200.0,1,223437
2000-01-13 09:30:03.44,ANON013.SH,8.69,3000.0,-1,223734
2000-01-13 09:30:03.44,ANON013.SH,8.45,2300.0,1,224289
2000-01-13 09:30:03.44,ANON013.SH,8.64,100.0,-1,224357
2000-01-13 09:30:03.56,ANON013.SH,8.68,2000.0,-1,224920
2000-01-13 09:30:03.56,ANON013.SH,8.9,1000.0,-1,224946
2000-01-13 09:30:03.56,ANON013.SH,8.64,100.0,-1,225140
2000-01-13 09:30:03.56,ANON013.SH,9.31,1200.0,-1,225373
2000-01-13 09:30:03.71,ANON013.SH,8.65,3000.0,-1,226314
2000-01-13 09:30:03.71,ANON013.SH,9.5,1000.0,-1,226772
2000-01-13 09:30:03.71,ANON013.SH,8.64,100.0,-1,227214
2000-01-13 09:30:03.88,ANON013.SH,8.96,200.0,-1,228253
2000-01-13 09:30:03.88,ANON013.SH,9.0,3000.0,-1,228702
2000-01-13 09:30:03.88,ANON013.SH,8.88,500.0,-1,228858
2000-01-13 09:30:03.88,ANON013.SH,8.64,100.0,-1,229786
2000-01-13 09:30:04.03,ANON013.SH,8.88,1000.0,-1,230036
2000-01-13 09:30:04.03,ANON013.SH,8.63,100.0,1,230237
2000-01-13 09:30:04.03,ANON013.SH,8.63,100.0,1,230446
2000-01-13 09:30:04.16,ANON013.SH,8.63,100.0,1,232011
2000-01-13 09:30:04.16,ANON013.SH,8.63,11500.0,1,232057
2000-01-13 09:30:04.32,ANON013.SH,8.7,1600.0,-1,233921
2000-01-13 09:30:04.32,ANON013.SH,9.5,1000.0,-1,234028
2000-01-13 09:30:04.32,ANON013.SH,8.63,6100.0,1,234487
2000-01-13 09:30:04.32,ANON013.SH,8.63,1400.0,-1,235214
2000-01-13 09:30:04.46,ANON013.SH,8.63,100.0,-1,235621
2000-01-13 09:30:04.46,ANON013.SH,8.64,100.0,-1,235825
2000-01-13 09:30:04.46,ANON013.SH,8.8,2000.0,-1,236334
2000-01-13 09:30:04.46,ANON013.SH,8.64,20000.0,-1,236782
2000-01-13 09:30:04.63,ANON013.SH,8.8,200.0,-1,237271
2000-01-13 09:30:04.63,ANON013.SH,8.78,1000.0,-1,237918
2000-01-13 09:30:04.63,ANON013.SH,8.64,2000.0,-1,237962
2000-01-13 09:30:04.63,ANON013.SH,8.63,3400.0,-1,238465
2000-01-13 09:30:04.63,ANON013.SH,8.68,1000.0,-1,238676
2000-01-13 09:30:04.63,ANON013.SH,8.73,1000.0,-1,238794
2000-01-13 09:30:04.77,ANON013.SH,8.7,1000.0,-1,239232
2000-01-13 09:30:04.77,ANON013.SH,8.64,500.0,-1,239643
2000-01-13 09:30:04.77,ANON013.SH,8.64,100.0,-1,239812
2000-01-13 09:30:04.77,ANON013.SH,8.98,16000.0,-1,240545
2000-01-13 09:30:04.77,ANON013.SH,9.48,1000.0,-1,240739
2000-01-13 09:30:04.91,ANON013.SH,8.56,20000.0,1,240964
2000-01-13 09:30:04.91,ANON013.SH,8.54,30000.0,1,240965
2000-01-13 09:30:04.91,ANON013.SH,8.67,20000.0,-1,240975
2000-01-13 09:30:04.91,ANON013.SH,8.64,13300.0,-1,242294
2000-01-13 09:30:05.04,ANON013.SH,9.3,1000.0,-1,243283
2000-01-13 09:30:05.04,ANON013.SH,8.66,2200.0,-1,243326
2000-01-13 09:30:05.04,ANON013.SH,8.69,500.0,-1,243346
2000-01-13 09:30:05.04,ANON013.SH,9.17,2000.0,-1,243704
2000-01-13 09:30:05.04,ANON013.SH,9.37,1000.0,-1,244037
2000-01-13 09:30:05.04,ANON013.SH,8.64,900.0,-1,244049
2000-01-13 09:30:05.18,ANON013.SH,8.67,2000.0,-1,244657
2000-01-13 09:30:05.23,ANON013.SH,8.53,2000.0,1,245194
2000-01-13 09:30:05.23,ANON013.SH,8.33,400.0,1,246379
2000-01-13 09:30:05.38,ANON013.SH,9.5,5500.0,-1,247812
2000-01-13 09:30:05.51,ANON013.SH,7.99,300.0,1,248692
2000-01-13 09:30:05.51,ANON013.SH,8.69,10000.0,-1,248867
2000-01-13 09:30:05.51,ANON013.SH,8.79,20000.0,-1,249005
2000-01-13 09:30:05.51,ANON013.SH,8.88,14300.0,-1,249024
2000-01-13 09:30:05.51,ANON013.SH,8.89,10000.0,-1,249090
2000-01-13 09:30:05.51,ANON013.SH,8.63,500.0,-1,249104
2000-01-13 09:30:05.51,ANON013.SH,8.93,10000.0,-1,249138
2000-01-13 09:30:05.51,ANON013.SH,9.19,10000.0,-1,249200
2000-01-13 09:30:05.51,ANON013.SH,8.78,1500.0,-1,249900
2000-01-13 09:30:05.66,ANON013.SH,8.8,100.0,-1,250267
2000-01-13 09:30:05.66,ANON013.SH,8.9,100.0,-1,250318
2000-01-13 09:30:05.66,ANON013.SH,9.0,100.0,-1,250378
2000-01-13 09:30:05.66,ANON013.SH,9.1,100.0,-1,250393
2000-01-13 09:30:05.66,ANON013.SH,8.55,4000.0,1,250529
2000-01-13 09:30:05.66,ANON013.SH,8.68,3000.0,-1,250599
2000-01-13 09:30:05.66,ANON013.SH,8.64,300.0,-1,250806
2000-01-13 09:30:05.66,ANON013.SH,8.63,700.0,-1,250874
2000-01-13 09:30:05.66,ANON013.SH,8.65,1000.0,-1,250907
2000-01-13 09:30:05.66,ANON013.SH,8.63,7900.0,-1,250942
2000-01-13 09:30:05.66,ANON013.SH,8.79,200.0,-1,251275
2000-01-13 09:30:05.66,ANON013.SH,8.45,100.0,1,251394
2000-01-13 09:30:05.66,ANON013.SH,8.68,500.0,-1,251549
2000-01-13 09:30:05.79,ANON013.SH,8.53,300.0,1,253248
2000-01-13 09:30:05.79,ANON013.SH,8.64,1000.0,-1,253595
2000-01-13 09:30:05.79,ANON013.SH,8.88,400.0,-1,253635
2000-01-13 09:30:05.94,ANON013.SH,8.67,1000.0,-1,253963
2000-01-13 09:30:05.94,ANON013.SH,8.55,900.0,1,254238
2000-01-13 09:30:05.94,ANON013.SH,8.64,700.0,-1,255431
2000-01-13 09:30:06.07,ANON013.SH,8.9,5000.0,-1,255717
2000-01-13 09:30:06.07,ANON013.SH,9.5,400.0,-1,255738
2000-01-13 09:30:06.07,ANON013.SH,8.63,3100.0,-1,255786
2000-01-13 09:30:06.07,ANON013.SH,8.64,200.0,-1,256117
2000-01-13 09:30:06.07,ANON013.SH,8.64,100.0,-1,256128
2000-01-13 09:30:06.07,ANON013.SH,8.63,800.0,-1,256174
2000-01-13 09:30:06.07,ANON013.SH,8.63,8500.0,-1,256180
2000-01-13 09:30:06.07,ANON013.SH,8.63,400.0,-1,256187
2000-01-13 09:30:06.07,ANON013.SH,8.63,200.0,-1,256188
2000-01-13 09:30:06.07,ANON013.SH,8.63,100.0,-1,256189
2000-01-13 09:30:06.07,ANON013.SH,8.63,200.0,-1,256190
2000-01-13 09:30:06.07,ANON013.SH,8.63,400.0,-1,256191
2000-01-13 09:30:06.07,ANON013.SH,8.63,1400.0,-1,256192
2000-01-13 09:30:06.07,ANON013.SH,8.63,200.0,-1,256193
2000-01-13 09:30:06.07,ANON013.SH,8.63,200.0,-1,256194
2000-01-13 09:30:06.07,ANON013.SH,8.63,500.0,-1,256195
2000-01-13 09:30:06.07,ANON013.SH,8.63,200.0,-1,256200
2000-01-13 09:30:06.07,ANON013.SH,8.63,600.0,-1,256201
2000-01-13 09:30:06.07,ANON013.SH,8.63,400.0,-1,256202
2000-01-13 09:30:06.07,ANON013.SH,8.63,300.0,-1,256203
2000-01-13 09:30:06.07,ANON013.SH,8.63,300.0,-1,256204
2000-01-13 09:30:06.07,ANON013.SH,8.63,300.0,-1,256206
2000-01-13 09:30:06.07,ANON013.SH,8.63,600.0,-1,256212
2000-01-13 09:30:06.07,ANON013.SH,8.63,200.0,-1,256213
2000-01-13 09:30:06.07,ANON013.SH,8.63,200.0,-1,256214
2000-01-13 09:30:06.07,ANON013.SH,8.63,100.0,-1,256221
2000-01-13 09:30:06.07,ANON013.SH,8.63,1200.0,-1,256224
2000-01-13 09:30:06.07,ANON013.SH,8.63,300.0,-1,256230
2000-01-13 09:30:06.07,ANON013.SH,8.63,500.0,-1,256233
2000-01-13 09:30:06.07,ANON013.SH,8.63,600.0,-1,256236
2000-01-13 09:30:06.07,ANON013.SH,8.63,400.0,-1,256237
2000-01-13 09:30:06.07,ANON013.SH,8.63,200.0,-1,256238
2000-01-13 09:30:06.07,ANON013.SH,8.63,300.0,-1,256241
2000-01-13 09:30:06.07,ANON013.SH,8.63,500.0,-1,256244
2000-01-13 09:30:06.07,ANON013.SH,8.63,200.0,-1,256245
2000-01-13 09:30:06.07,ANON013.SH,8.63,7900.0,-1,256247
2000-01-13 09:30:06.07,ANON013.SH,8.63,800.0,-1,256251
2000-01-13 09:30:06.07,ANON013.SH,8.63,100.0,-1,256252
2000-01-13 09:30:06.07,ANON013.SH,8.63,500.0,-1,256253
2000-01-13 09:30:06.07,ANON013.SH,8.63,1900.0,-1,256254
2000-01-13 09:30:06.07,ANON013.SH,8.63,400.0,-1,256255
2000-01-13 09:30:06.07,ANON013.SH,8.63,1300.0,-1,256256
2000-01-13 09:30:06.07,ANON013.SH,8.63,900.0,-1,256257
2000-01-13 09:30:06.07,ANON013.SH,8.63,200.0,-1,256258
2000-01-13 09:30:06.07,ANON013.SH,8.63,300.0,-1,256259
2000-01-13 09:30:06.07,ANON013.SH,8.63,800.0,-1,256261
2000-01-13 09:30:06.07,ANON013.SH,8.63,200.0,-1,256262
2000-01-13 09:30:06.07,ANON013.SH,8.63,300.0,-1,256263
2000-01-13 09:30:06.07,ANON013.SH,8.63,500.0,-1,256264
2000-01-13 09:30:06.07,ANON013.SH,8.63,200.0,-1,256267
2000-01-13 09:30:06.07,ANON013.SH,8.63,200.0,-1,256269
2000-01-13 09:30:06.07,ANON013.SH,8.63,300.0,-1,256270
2000-01-13 09:30:06.07,ANON013.SH,8.63,300.0,-1,256273
2000-01-13 09:30:06.07,ANON013.SH,8.63,200.0,-1,256276
2000-01-13 09:30:06.07,ANON013.SH,8.63,400.0,-1,256277
2000-01-13 09:30:06.07,ANON013.SH,8.63,100.0,-1,256281
2000-01-13 09:30:06.07,ANON013.SH,8.63,300.0,-1,256283
2000-01-13 09:30:06.07,ANON013.SH,8.63,200.0,-1,256288
2000-01-13 09:30:06.07,ANON013.SH,8.63,1400.0,-1,256291
2000-01-13 09:30:06.07,ANON013.SH,8.63,200.0,-1,256292
2000-01-13 09:30:06.07,ANON013.SH,8.63,200.0,-1,256293
2000-01-13 09:30:06.07,ANON013.SH,8.63,800.0,-1,256296
2000-01-13 09:30:06.07,ANON013.SH,8.63,800.0,-1,256299
2000-01-13 09:30:06.07,ANON013.SH,8.63,500.0,-1,256301
2000-01-13 09:30:06.07,ANON013.SH,8.63,400.0,-1,256304
2000-01-13 09:30:06.07,ANON013.SH,8.63,200.0,-1,256307
2000-01-13 09:30:06.07,ANON013.SH,8.63,300.0,-1,256311
2000-01-13 09:30:06.07,ANON013.SH,8.63,1200.0,-1,256315
2000-01-13 09:30:06.07,ANON013.SH,8.63,900.0,-1,256320
2000-01-13 09:30:06.07,ANON013.SH,8.63,300.0,-1,256322
2000-01-13 09:30:06.07,ANON013.SH,8.63,400.0,-1,256341
2000-01-13 09:30:06.07,ANON013.SH,8.63,200.0,-1,256345
2000-01-13 09:30:06.07,ANON013.SH,8.63,100.0,-1,256352
2000-01-13 09:30:06.07,ANON013.SH,8.63,100.0,-1,256355
2000-01-13 09:30:06.07,ANON013.SH,8.63,5200.0,-1,256365
2000-01-13 09:30:06.07,ANON013.SH,8.63,200.0,-1,256368
2000-01-13 09:30:06.07,ANON013.SH,8.63,200.0,-1,256377
2000-01-13 09:30:06.07,ANON013.SH,8.63,500.0,-1,256379
2000-01-13 09:30:06.07,ANON013.SH,8.63,200.0,-1,256543
2000-01-13 09:30:06.07,ANON013.SH,8.63,600.0,-1,256558
2000-01-13 09:30:06.07,ANON013.SH,8.64,300.0,-1,256679
2000-01-13 09:30:06.07,ANON013.SH,8.84,2000.0,-1,256835
2000-01-13 09:30:06.07,ANON013.SH,8.63,900.0,-1,256933
2000-01-13 09:30:06.07,ANON013.SH,8.63,11900.0,-1,257060
2000-01-13 09:30:06.07,ANON013.SH,9.0,23000.0,-1,257067
2000-01-13 09:30:06.07,ANON013.SH,8.63,400.0,-1,257104
2000-01-13 09:30:06.07,ANON013.SH,8.68,500.0,-1,257242
2000-01-13 09:30:06.22,ANON013.SH,8.63,5100.0,-1,257689
2000-01-13 09:30:06.22,ANON013.SH,8.64,100.0,-1,257761
2000-01-13 09:30:06.22,ANON013.SH,8.63,100.0,-1,257927
2000-01-13 09:30:06.22,ANON013.SH,8.64,100.0,-1,257949
2000-01-13 09:30:06.22,ANON013.SH,8.64,600.0,-1,258540
2000-01-13 09:30:06.22,ANON013.SH,8.51,3000.0,1,258656
2000-01-13 09:30:06.22,ANON013.SH,7.78,100.0,1,258768
2000-01-13 09:30:06.22,ANON013.SH,8.58,1500.0,1,258830
2000-01-13 09:30:06.37,ANON013.SH,8.67,1000.0,-1,259325
2000-01-13 09:30:06.37,ANON013.SH,8.2,3000.0,1,259349
2000-01-13 09:30:06.37,ANON013.SH,8.63,800.0,-1,259533
2000-01-13 09:30:06.37,ANON013.SH,8.68,1500.0,-1,259628
2000-01-13 09:30:06.37,ANON013.SH,8.64,400.0,-1,259780
2000-01-13 09:30:06.47,ANON013.SH,8.8,1000.0,-1,260553
2000-01-13 09:30:06.47,ANON013.SH,8.69,1900.0,-1,260924
2000-01-13 09:30:06.47,ANON013.SH,8.69,3000.0,-1,260993
2000-01-13 09:30:06.47,ANON013.SH,8.4,5000.0,1,261227
2000-01-13 09:30:06.47,ANON013.SH,8.7,1000.0,-1,261245
2000-01-13 09:30:06.47,ANON013.SH,8.64,3500.0,-1,261246
2000-01-13 09:30:06.47,ANON013.SH,8.68,1000.0,-1,261383
2000-01-13 09:30:06.47,ANON013.SH,8.38,5000.0,1,261619
2000-01-13 09:30:06.47,ANON013.SH,8.66,100.0,-1,261660
2000-01-13 09:30:06.47,ANON013.SH,8.63,1800.0,-1,261834
2000-01-13 09:30:06.47,ANON013.SH,8.62,1100.0,1,261916
2000-01-13 09:30:06.61,ANON013.SH,8.86,5000.0,-1,262174
2000-01-13 09:30:06.61,ANON013.SH,8.64,5000.0,-1,262199
2000-01-13 09:30:06.61,ANON013.SH,8.85,1000.0,-1,262246
2000-01-13 09:30:06.61,ANON013.SH,8.64,200.0,-1,262807
2000-01-13 09:30:06.61,ANON013.SH,8.36,5000.0,1,262836
2000-01-13 09:30:06.61,ANON013.SH,8.63,100.0,-1,262870
2000-01-13 09:30:06.61,ANON013.SH,8.63,200.0,-1,262872
2000-01-13 09:30:06.61,ANON013.SH,8.65,1000.0,-1,263468
2000-01-13 09:30:06.61,ANON013.SH,8.63,7100.0,-1,263600
2000-01-13 09:30:06.61,ANON013.SH,8.7,500.0,-1,263766
2000-01-13 09:30:06.76,ANON013.SH,8.63,300.0,-1,264055
2000-01-13 09:30:06.76,ANON013.SH,8.63,300.0,-1,264056
2000-01-13 09:30:06.76,ANON013.SH,8.63,400.0,-1,264059
2000-01-13 09:30:06.76,ANON013.SH,8.63,200.0,-1,264061
2000-01-13 09:30:06.76,ANON013.SH,8.63,300.0,-1,264062
2000-01-13 09:30:06.76,ANON013.SH,8.34,10000.0,1,264103
2000-01-13 09:30:06.76,ANON013.SH,8.63,6000.0,-1,264108
2000-01-13 09:30:06.76,ANON013.SH,8.0,300.0,1,264694
2000-01-13 09:30:06.76,ANON013.SH,8.69,600.0,-1,264857
2000-01-13 09:30:06.76,ANON013.SH,8.51,200.0,1,265249
2000-01-13 09:30:06.76,ANON013.SH,8.73,1100.0,-1,265251
2000-01-13 09:30:06.93,ANON013.SH,8.85,2000.0,-1,265758
2000-01-13 09:30:06.93,ANON013.SH,8.64,200.0,-1,265774
2000-01-13 09:30:06.93,ANON013.SH,8.7,5000.0,-1,266392
2000-01-13 09:30:06.93,ANON013.SH,9.5,50000.0,-1,266561
2000-01-13 09:30:06.93,ANON013.SH,8.63,900.0,-1,266816
2000-01-13 09:30:06.93,ANON013.SH,8.63,900.0,-1,266817
2000-01-13 09:30:07.07,ANON013.SH,8.8,1000.0,-1,268414
2000-01-13 09:30:07.07,ANON013.SH,8.63,200.0,-1,268493
2000-01-13 09:30:07.07,ANON013.SH,8.63,300.0,-1,268494
2000-01-13 09:30:07.07,ANON013.SH,8.63,100.0,-1,268495
2000-01-13 09:30:07.07,ANON013.SH,8.63,200.0,-1,268499
2000-01-13 09:30:07.07,ANON013.SH,8.63,600.0,-1,268602
2000-01-13 09:30:07.07,ANON013.SH,9.25,500.0,-1,268947
2000-01-13 09:30:07.22,ANON013.SH,8.63,3200.0,-1,270306
2000-01-13 09:30:07.22,ANON013.SH,8.63,200.0,-1,270903
2000-01-13 09:30:07.37,ANON013.SH,8.63,100.0,-1,271337
2000-01-13 09:30:07.37,ANON013.SH,8.73,500.0,-1,271363
2000-01-13 09:30:07.37,ANON013.SH,8.64,400.0,-1,271798
2000-01-13 09:30:07.37,ANON013.SH,8.82,2000.0,-1,272536
2000-01-13 09:30:07.51,ANON013.SH,9.5,100.0,-1,273349
2000-01-13 09:30:07.51,ANON013.SH,8.64,300.0,-1,274299
2000-01-13 09:30:07.51,ANON013.SH,8.63,200.0,-1,274431
2000-01-13 09:30:07.66,ANON013.SH,8.63,600.0,-1,275115
2000-01-13 09:30:07.66,ANON013.SH,8.0,200.0,1,275207
2000-01-13 09:30:07.66,ANON013.SH,9.0,200.0,-1,275210
2000-01-13 09:30:07.66,ANON013.SH,8.64,1600.0,-1,275478
2000-01-13 09:30:07.83,ANON013.SH,9.49,50000.0,-1,276726
2000-01-13 09:30:07.83,ANON013.SH,8.63,100.0,-1,277538
2000-01-13 09:30:07.83,ANON013.SH,8.63,100.0,-1,277573
2000-01-13 09:30:07.83,ANON013.SH,8.64,1900.0,-1,277586
2000-01-13 09:30:07.83,ANON013.SH,8.68,1000.0,-1,277666
2000-01-13 09:30:07.83,ANON013.SH,8.63,400.0,-1,277692
2000-01-13 09:30:07.98,ANON013.SH,8.7,2000.0,-1,278285
2000-01-13 09:30:07.98,ANON013.SH,8.63,100.0,-1,278369
2000-01-13 09:30:07.98,ANON013.SH,8.63,200.0,-1,278510
2000-01-13 09:30:07.98,ANON013.SH,9.02,1000.0,-1,278619
2000-01-13 09:30:07.98,ANON013.SH,9.15,10000.0,-1,278869
2000-01-13 09:30:07.98,ANON013.SH,9.1,10000.0,-1,278992
2000-01-13 09:30:07.98,ANON013.SH,8.69,500.0,-1,279750
2000-01-13 09:30:07.98,ANON013.SH,8.63,100.0,-1,279914
2000-01-13 09:30:08.16,ANON013.SH,9.05,10000.0,-1,280239
2000-01-13 09:30:08.16,ANON013.SH,8.62,200.0,-1,280450
2000-01-13 09:30:08.16,ANON013.SH,9.0,1000.0,-1,280489
2000-01-13 09:30:08.16,ANON013.SH,8.72,100.0,-1,280946
2000-01-13 09:30:08.16,ANON013.SH,9.0,10000.0,-1,281014
2000-01-13 09:30:08.16,ANON013.SH,8.99,2200.0,-1,281240
2000-01-13 09:30:08.16,ANON013.SH,8.5,500.0,1,281332
2000-01-13 09:30:08.16,ANON013.SH,8.65,1100.0,-1,281371
2000-01-13 09:30:08.16,ANON013.SH,8.95,5000.0,-1,281495
2000-01-13 09:30:08.16,ANON013.SH,9.02,2500.0,-1,281655
2000-01-13 09:30:08.16,ANON013.SH,8.63,300.0,-1,281657
2000-01-13 09:30:08.16,ANON013.SH,8.63,400.0,-1,281821
2000-01-13 09:30:08.16,ANON013.SH,8.64,500.0,-1,281916
2000-01-13 09:30:08.3,ANON013.SH,8.73,200.0,-1,282303
2000-01-13 09:30:08.3,ANON013.SH,8.64,300.0,-1,282722
2000-01-13 09:30:08.3,ANON013.SH,8.64,1000.0,-1,282738
2000-01-13 09:30:08.3,ANON013.SH,9.0,1000.0,-1,282807
2000-01-13 09:30:08.3,ANON013.SH,8.64,100.0,-1,282982
2000-01-13 09:30:08.3,ANON013.SH,9.5,1300.0,-1,283124
2000-01-13 09:30:08.45,ANON013.SH,8.5,300.0,1,283974
2000-01-13 09:30:08.45,ANON013.SH,8.63,200.0,-1,284614
2000-01-13 09:30:08.45,ANON013.SH,8.63,200.0,-1,284740
2000-01-13 09:30:08.45,ANON013.SH,8.63,500.0,-1,284747
2000-01-13 09:30:08.45,ANON013.SH,8.63,200.0,-1,284750
2000-01-13 09:30:08.45,ANON013.SH,8.63,200.0,-1,284753
2000-01-13 09:30:08.45,ANON013.SH,8.63,600.0,-1,284787
2000-01-13 09:30:08.45,ANON013.SH,8.67,500.0,-1,284860
2000-01-13 09:30:08.45,ANON013.SH,8.64,300.0,-1,285273
2000-01-13 09:30:08.57,ANON013.SH,8.87,5000.0,-1,285641
2000-01-13 09:30:08.57,ANON013.SH,8.71,500.0,-1,285788
2000-01-13 09:30:08.57,ANON013.SH,8.63,400.0,-1,285999
2000-01-13 09:30:08.57,ANON013.SH,8.64,300.0,-1,286039
2000-01-13 09:30:08.57,ANON013.SH,8.64,100.0,-1,286623
2000-01-13 09:30:08.57,ANON013.SH,8.74,500.0,-1,286971
2000-01-13 09:30:08.57,ANON013.SH,8.63,700.0,-1,287046
2000-01-13 09:30:08.57,ANON013.SH,8.93,10000.0,-1,287134
2000-01-13 09:30:08.72,ANON013.SH,8.65,500.0,-1,287720
2000-01-13 09:30:08.72,ANON013.SH,8.62,400.0,-1,287837
2000-01-13 09:30:08.72,ANON013.SH,8.62,11100.0,1,287839
2000-01-13 09:30:08.72,ANON013.SH,8.77,500.0,-1,287988
2000-01-13 09:30:08.72,ANON013.SH,8.62,400.0,1,288040
2000-01-13 09:30:08.72,ANON013.SH,8.63,600.0,-1,288708
2000-01-13 09:30:08.72,ANON013.SH,8.63,600.0,-1,289015
2000-01-13 09:30:08.86,ANON013.SH,8.64,100.0,-1,289258
2000-01-13 09:30:08.86,ANON013.SH,8.94,20000.0,-1,290008
2000-01-13 09:30:08.86,ANON013.SH,9.44,500.0,-1,290127
2000-01-13 09:30:08.86,ANON013.SH,8.63,1700.0,-1,290478
2000-01-13 09:30:08.86,ANON013.SH,8.63,1700.0,-1,290556
2000-01-13 09:30:09.01,ANON013.SH,8.92,1300.0,-1,291322
2000-01-13 09:30:09.01,ANON013.SH,8.65,3200.0,-1,291813
2000-01-13 09:30:09.01,ANON013.SH,8.8,2000.0,-1,291992
2000-01-13 09:30:09.14,ANON013.SH,8.61,100.0,1,292644
2000-01-13 09:30:09.14,ANON013.SH,8.67,500.0,-1,292740
2000-01-13 09:30:09.14,ANON013.SH,8.64,100.0,-1,292962
2000-01-13 09:30:09.14,ANON013.SH,8.9,5000.0,-1,293092
2000-01-13 09:30:09.14,ANON013.SH,8.65,10000.0,-1,293149
2000-01-13 09:30:09.14,ANON013.SH,8.64,10000.0,-1,293233
2000-01-13 09:30:09.14,ANON013.SH,8.6,10000.0,1,293396
2000-01-13 09:30:09.14,ANON013.SH,8.63,300.0,-1,293579
2000-01-13 09:30:09.14,ANON013.SH,8.66,1500.0,-1,293760
2000-01-13 09:30:09.29,ANON013.SH,9.5,400.0,-1,294451
2000-01-13 09:30:09.29,ANON013.SH,8.84,500.0,-1,294589
2000-01-13 09:30:09.29,ANON013.SH,9.5,2000.0,-1,294798
2000-01-13 09:30:09.29,ANON013.SH,9.45,2000.0,-1,294927
2000-01-13 09:30:09.29,ANON013.SH,8.71,300.0,-1,295282
2000-01-13 09:30:09.29,ANON013.SH,8.33,300.0,1,295283
2000-01-13 09:30:09.29,ANON013.SH,8.67,1000.0,-1,295713
2000-01-13 09:30:09.29,ANON013.SH,8.61,100.0,1,295795
2000-01-13 09:30:09.42,ANON013.SH,8.62,400.0,1,296133
2000-01-13 09:30:09.42,ANON013.SH,9.07,10000.0,-1,296180
2000-01-13 09:30:09.42,ANON013.SH,8.64,3000.0,-1,296204
2000-01-13 09:30:09.42,ANON013.SH,8.69,200.0,-1,296211
2000-01-13 09:30:09.42,ANON013.SH,8.52,200.0,1,297485
2000-01-13 09:30:09.56,ANON013.SH,8.79,200.0,-1,298394
2000-01-13 09:30:09.56,ANON013.SH,9.09,20000.0,-1,298476
2000-01-13 09:30:09.56,ANON013.SH,8.7,10000.0,-1,298538
2000-01-13 09:30:09.56,ANON013.SH,8.68,1000.0,-1,299052
2000-01-13 09:30:09.69,ANON013.SH,9.5,1500.0,-1,300041
2000-01-13 09:30:09.69,ANON013.SH,7.78,100.0,1,300264
2000-01-13 09:30:09.69,ANON013.SH,8.58,100.0,1,300691
2000-01-13 09:30:09.69,ANON013.SH,8.41,800.0,1,300877
2000-01-13 09:30:09.69,ANON013.SH,8.63,900.0,-1,301032
2000-01-13 09:30:09.69,ANON013.SH,8.6,2000.0,1,301070
2000-01-13 09:30:09.69,ANON013.SH,8.76,2000.0,-1,301081
2000-01-13 09:30:09.69,ANON013.SH,8.68,100.0,-1,301213
2000-01-13 09:30:09.84,ANON013.SH,8.63,200.0,-1,301416
2000-01-13 09:30:09.84,ANON013.SH,8.63,3200.0,1,301440
2000-01-13 09:30:09.84,ANON013.SH,8.76,2000.0,-1,301554
2000-01-13 09:30:09.84,ANON013.SH,8.7,5000.0,-1,302696
2000-01-13 09:30:09.98,ANON013.SH,8.4,26000.0,1,303408
2000-01-13 09:30:10.03,ANON013.SH,8.62,7200.0,1,303663
2000-01-13 09:30:10.03,ANON013.SH,8.38,10000.0,1,304621
2000-01-13 09:30:10.03,ANON013.SH,8.62,700.0,1,304874
2000-01-13 09:30:10.03,ANON013.SH,8.61,100.0,1,304926
2000-01-13 09:30:10.17,ANON013.SH,7.78,100.0,1,305317
2000-01-13 09:30:10.17,ANON013.SH,8.49,1300.0,1,305867
2000-01-13 09:30:10.24,ANON013.SH,8.61,100.0,1,306347
2000-01-13 09:30:10.24,ANON013.SH,8.68,3000.0,-1,306891
2000-01-13 09:30:10.24,ANON013.SH,8.79,9300.0,-1,307139
2000-01-13 09:30:10.38,ANON013.SH,8.84,2000.0,-1,307700
2000-01-13 09:30:10.38,ANON013.SH,8.63,800.0,-1,307776
2000-01-13 09:30:10.38,ANON013.SH,8.63,300.0,-1,307842
2000-01-13 09:30:10.38,ANON013.SH,8.63,300.0,-1,307935
2000-01-13 09:30:10.38,ANON013.SH,8.29,30000.0,1,307972
2000-01-13 09:30:10.38,ANON013.SH,8.8,800.0,-1,308168
2000-01-13 09:30:10.38,ANON013.SH,8.63,300.0,-1,308239
2000-01-13 09:30:10.38,ANON013.SH,8.62,11500.0,1,308290
2000-01-13 09:30:10.38,ANON013.SH,8.62,11500.0,1,308320
2000-01-13 09:30:10.38,ANON013.SH,8.62,200.0,1,308676
2000-01-13 09:30:10.38,ANON013.SH,8.64,200.0,-1,308886
2000-01-13 09:30:10.38,ANON013.SH,8.68,100.0,-1,309079
2000-01-13 09:30:10.38,ANON013.SH,8.63,200.0,-1,309138
2000-01-13 09:30:10.52,ANON013.SH,8.48,14500.0,1,310492
2000-01-13 09:30:10.65,ANON013.SH,8.63,1200.0,-1,311420
2000-01-13 09:30:10.65,ANON013.SH,8.68,200.0,-1,311480
2000-01-13 09:30:10.65,ANON013.SH,7.79,100.0,1,311678
2000-01-13 09:30:10.65,ANON013.SH,8.68,2100.0,-1,311683
2000-01-13 09:30:10.65,ANON013.SH,8.63,100.0,-1,311998
2000-01-13 09:30:10.65,ANON013.SH,7.79,100.0,1,312453
2000-01-13 09:30:10.8,ANON013.SH,8.7,3900.0,-1,312906
2000-01-13 09:30:10.8,ANON013.SH,8.63,100.0,-1,313406
2000-01-13 09:30:10.8,ANON013.SH,8.63,600.0,-1,313514
2000-01-13 09:30:10.8,ANON013.SH,8.63,100.0,-1,313516
2000-01-13 09:30:10.8,ANON013.SH,8.63,1200.0,-1,313595
2000-01-13 09:30:10.8,ANON013.SH,8.63,2100.0,-1,313646
2000-01-13 09:30:10.94,ANON013.SH,8.67,3000.0,-1,314627
2000-01-13 09:30:10.94,ANON013.SH,8.63,100.0,-1,315562
2000-01-13 09:30:11.09,ANON013.SH,7.79,100.0,1,316186
2000-01-13 09:30:11.09,ANON013.SH,7.79,100.0,1,316457
2000-01-13 09:30:11.22,ANON013.SH,8.63,3100.0,1,318005
2000-01-13 09:30:11.22,ANON013.SH,8.8,2000.0,-1,318542
2000-01-13 09:30:11.22,ANON013.SH,8.68,2200.0,-1,318942
2000-01-13 09:30:11.22,ANON013.SH,8.68,1000.0,-1,319158
2000-01-13 09:30:11.36,ANON013.SH,8.61,200.0,1,319566
2000-01-13 09:30:11.36,ANON013.SH,9.0,6000.0,-1,319623
2000-01-13 09:30:11.36,ANON013.SH,8.48,3600.0,1,320437
2000-01-13 09:30:11.54,ANON013.SH,9.5,600.0,-1,321920
2000-01-13 09:30:11.54,ANON013.SH,8.64,200.0,-1,322719
2000-01-13 09:30:11.54,ANON013.SH,8.69,9500.0,-1,322790
2000-01-13 09:30:11.54,ANON013.SH,8.63,15800.0,1,323249
2000-01-13 09:30:11.67,ANON013.SH,8.63,4000.0,1,323567
2000-01-13 09:30:11.67,ANON013.SH,8.98,6800.0,-1,323766
2000-01-13 09:30:11.8,ANON013.SH,8.76,200.0,-1,325196
2000-01-13 09:30:11.8,ANON013.SH,8.6,200.0,1,325535
2000-01-13 09:30:11.8,ANON013.SH,8.88,200.0,-1,326229
2000-01-13 09:30:11.94,ANON013.SH,8.62,700.0,1,327797
2000-01-13 09:30:12.08,ANON013.SH,8.69,5000.0,-1,328299
2000-01-13 09:30:12.22,ANON013.SH,8.64,600.0,-1,330313
2000-01-13 09:30:12.41,ANON013.SH,8.61,100.0,1,332143
2000-01-13 09:30:12.41,ANON013.SH,8.64,5400.0,-1,332574
2000-01-13 09:30:12.41,ANON013.SH,9.5,800.0,-1,332884
2000-01-13 09:30:12.41,ANON013.SH,8.64,100.0,-1,333108
2000-01-13 09:30:12.54,ANON013.SH,8.68,2000.0,-1,334075
2000-01-13 09:30:12.54,ANON013.SH,8.69,100.0,-1,334092
2000-01-13 09:30:12.54,ANON013.SH,8.68,4000.0,-1,334404
2000-01-13 09:30:12.66,ANON013.SH,8.62,100.0,1,335019
2000-01-13 09:30:12.66,ANON013.SH,8.62,100.0,1,335217
2000-01-13 09:30:12.66,ANON013.SH,8.64,1400.0,-1,335311
2000-01-13 09:30:12.66,ANON013.SH,8.64,1300.0,-1,335312
2000-01-13 09:30:12.66,ANON013.SH,8.64,700.0,-1,335322
2000-01-13 09:30:12.66,ANON013.SH,8.64,200.0,-1,335323
2000-01-13 09:30:12.66,ANON013.SH,8.64,700.0,-1,335494
2000-01-13 09:30:12.66,ANON013.SH,8.74,7000.0,-1,335822
2000-01-13 09:30:12.8,ANON013.SH,8.64,2000.0,-1,336728
2000-01-13 09:30:12.8,ANON013.SH,8.64,200.0,-1,337409
2000-01-13 09:30:12.94,ANON013.SH,8.63,200.0,1,338496
2000-01-13 09:30:12.94,ANON013.SH,8.65,1000.0,-1,339071
2000-01-13 09:30:12.94,ANON013.SH,8.99,1000.0,-1,339207
2000-01-13 09:30:12.94,ANON013.SH,9.5,100.0,-1,339827
2000-01-13 09:30:12.94,ANON013.SH,8.87,1000.0,-1,339968
2000-01-13 09:30:13.07,ANON013.SH,8.64,200.0,-1,340618
2000-01-13 09:30:13.23,ANON013.SH,8.84,500.0,-1,341700
2000-01-13 09:30:13.23,ANON013.SH,8.92,1000.0,-1,341776
2000-01-13 09:30:13.37,ANON013.SH,8.63,2000.0,1,343420
2000-01-13 09:30:13.37,ANON013.SH,8.63,700.0,1,343828
2000-01-13 09:30:13.37,ANON013.SH,8.64,23841.0,1,344331
2000-01-13 09:30:13.51,ANON013.SH,9.25,1000.0,-1,345048
2000-01-13 09:30:13.64,ANON013.SH,8.68,1000.0,-1,346420
2000-01-13 09:30:13.64,ANON013.SH,8.8,300.0,-1,346843
2000-01-13 09:30:13.64,ANON013.SH,8.64,15300.0,1,347848
2000-01-13 09:30:13.78,ANON013.SH,8.63,1000.0,1,348022
2000-01-13 09:30:13.78,ANON013.SH,8.66,300.0,-1,349207
2000-01-13 09:30:13.78,ANON013.SH,8.66,300.0,-1,349237
2000-01-13 09:30:13.78,ANON013.SH,8.66,200.0,-1,349245
2000-01-13 09:30:13.78,ANON013.SH,8.66,100.0,-1,349247
2000-01-13 09:30:13.78,ANON013.SH,8.66,200.0,-1,349259
2000-01-13 09:30:13.92,ANON013.SH,8.63,700.0,1,350234
2000-01-13 09:30:13.92,ANON013.SH,8.61,1000.0,1,350425
2000-01-13 09:30:13.92,ANON013.SH,8.62,2100.0,1,350476
2000-01-13 09:30:13.92,ANON013.SH,8.62,2300.0,1,350482
2000-01-13 09:30:13.92,ANON013.SH,8.65,5000.0,-1,350921
2000-01-13 09:30:14.06,ANON013.SH,8.61,1200.0,1,351877
2000-01-13 09:30:14.06,ANON013.SH,8.74,2000.0,-1,352011
2000-01-13 09:30:14.18,ANON013.SH,8.41,300.0,1,352876
2000-01-13 09:30:14.18,ANON013.SH,8.61,500.0,1,352992
2000-01-13 09:30:14.18,ANON013.SH,8.62,100.0,1,353130
2000-01-13 09:30:14.18,ANON013.SH,8.64,100.0,-1,353272
2000-01-13 09:30:14.18,ANON013.SH,8.62,400.0,1,353380
2000-01-13 09:30:14.18,ANON013.SH,8.66,300.0,-1,353782
2000-01-13 09:30:14.32,ANON013.SH,8.63,11159.0,-1,354019
2000-01-13 09:30:14.63,ANON013.SH,8.87,700.0,-1,355844
2000-01-13 09:30:14.63,ANON013.SH,8.65,600.0,-1,356434
2000-01-13 09:30:14.63,ANON013.SH,8.65,200.0,-1,356676
2000-01-13 09:30:14.63,ANON013.SH,8.65,300.0,-1,356677
2000-01-13 09:30:14.63,ANON013.SH,8.65,300.0,-1,356678
2000-01-13 09:30:14.73,ANON013.SH,8.65,100.0,-1,356735
2000-01-13 09:30:14.73,ANON013.SH,8.64,300.0,-1,356760
2000-01-13 09:30:14.73,ANON013.SH,8.62,2100.0,1,356846
2000-01-13 09:30:14.73,ANON013.SH,8.63,100.0,-1,356969
2000-01-13 09:30:14.73,ANON013.SH,8.65,100.0,-1,357653
2000-01-13 09:30:14.73,ANON013.SH,8.65,300.0,-1,357659
2000-01-13 09:30:14.73,ANON013.SH,8.65,100.0,-1,357660
2000-01-13 09:30:14.73,ANON013.SH,8.65,200.0,-1,357661
2000-01-13 09:30:14.73,ANON013.SH,8.65,300.0,-1,357666
2000-01-13 09:30:14.73,ANON013.SH,8.65,100.0,-1,357667
2000-01-13 09:30:14.73,ANON013.SH,8.65,100.0,-1,357668
2000-01-13 09:30:14.73,ANON013.SH,8.65,200.0,-1,357673
2000-01-13 09:30:14.73,ANON013.SH,8.65,300.0,-1,357690
2000-01-13 09:30:14.73,ANON013.SH,8.65,100.0,-1,357691
2000-01-13 09:30:14.73,ANON013.SH,8.65,300.0,-1,357692
2000-01-13 09:30:14.73,ANON013.SH,8.65,100.0,-1,357701
2000-01-13 09:30:14.87,ANON013.SH,8.65,500.0,-1,358535
2000-01-13 09:30:14.87,ANON013.SH,8.63,13400.0,-1,359020
2000-01-13 09:30:14.87,ANON013.SH,8.63,4100.0,-1,359026
2000-01-13 09:30:14.87,ANON013.SH,8.63,1400.0,-1,359613
2000-01-13 09:30:15,ANON013.SH,8.63,800.0,-1,360596
2000-01-13 09:30:15.13,ANON013.SH,8.61,100.0,1,361816
2000-01-13 09:30:15.13,ANON013.SH,8.64,100.0,-1,361954
2000-01-13 09:30:15.2,ANON013.SH,8.79,3000.0,-1,362099
2000-01-13 09:30:15.3,ANON013.SH,8.65,200.0,-1,362775
2000-01-13 09:30:15.48,ANON013.SH,8.84,3000.0,-1,364062
2000-01-13 09:30:15.48,ANON013.SH,8.64,1700.0,-1,364191
2000-01-13 09:30:15.48,ANON013.SH,8.63,1600.0,-1,364288
2000-01-13 09:30:15.6,ANON013.SH,8.65,100.0,-1,365407
2000-01-13 09:30:15.73,ANON013.SH,8.64,100.0,-1,365891
2000-01-13 09:30:15.78,ANON013.SH,8.65,100.0,-1,366172
2000-01-13 09:30:15.78,ANON013.SH,8.63,600.0,-1,366482
2000-01-13 09:30:15.78,ANON013.SH,8.64,700.0,-1,366483
2000-01-13 09:30:15.98,ANON013.SH,8.64,700.0,-1,367512
2000-01-13 09:30:16.01,ANON013.SH,8.61,1000.0,1,367875
2000-01-13 09:30:16.06,ANON013.SH,8.62,1300.0,1,368319
2000-01-13 09:30:16.08,ANON013.SH,8.61,1600.0,1,368527
2000-01-13 09:30:16.11,ANON013.SH,8.63,100.0,-1,368696
2000-01-13 09:30:16.11,ANON013.SH,8.65,300.0,-1,368786
2000-01-13 09:30:16.23,ANON013.SH,8.64,100.0,-1,369345
2000-01-13 09:30:16.29,ANON013.SH,8.62,200.0,1,369879
2000-01-13 09:30:16.29,ANON013.SH,8.61,1200.0,1,369882
2000-01-13 09:30:16.41,ANON013.SH,8.63,35100.0,1,370653
2000-01-13 09:30:16.41,ANON013.SH,8.64,100.0,-1,370718
2000-01-13 09:30:16.62,ANON013.SH,8.65,100.0,-1,371864
2000-01-13 09:30:16.62,ANON013.SH,8.65,100.0,-1,371865
2000-01-13 09:30:16.62,ANON013.SH,8.65,100.0,-1,371866
2000-01-13 09:30:16.62,ANON013.SH,8.65,100.0,-1,371869
2000-01-13 09:30:16.62,ANON013.SH,8.65,100.0,-1,371871
2000-01-13 09:30:16.62,ANON013.SH,8.65,100.0,-1,371872
2000-01-13 09:30:16.62,ANON013.SH,8.65,100.0,-1,371873
2000-01-13 09:30:16.63,ANON013.SH,8.63,800.0,1,371924
2000-01-13 09:30:16.65,ANON013.SH,8.65,100.0,-1,372072
2000-01-13 09:30:16.65,ANON013.SH,8.65,100.0,-1,372073
2000-01-13 09:30:16.65,ANON013.SH,8.63,5300.0,1,372098
2000-01-13 09:30:16.74,ANON013.SH,9.5,100.0,-1,372710
2000-01-13 09:30:16.81,ANON013.SH,9.0,100.0,-1,373159
2000-01-13 09:30:16.94,ANON013.SH,8.63,42600.0,1,373802
2000-01-13 09:30:17.02,ANON013.SH,8.62,300.0,1,374064
2000-01-13 09:30:17.22,ANON013.SH,8.63,67200.0,1,375666
2000-01-13 09:30:17.26,ANON013.SH,8.65,100.0,-1,376282
2000-01-13 09:30:17.26,ANON013.SH,8.65,100.0,-1,376283
2000-01-13 09:30:17.26,ANON013.SH,8.65,100.0,-1,376299
2000-01-13 09:30:17.3,ANON013.SH,8.63,6800.0,1,376349
2000-01-13 09:30:17.32,ANON013.SH,8.63,4000.0,1,376495
2000-01-13 09:30:17.4,ANON013.SH,8.64,1600.0,1,376700
2000-01-13 09:30:17.4,ANON013.SH,8.64,3400.0,1,376705
2000-01-13 09:30:17.4,ANON013.SH,8.64,100.0,1,376706
2000-01-13 09:30:17.4,ANON013.SH,8.64,200.0,1,376718
2000-01-13 09:30:17.4,ANON013.SH,8.64,400.0,1,376722
2000-01-13 09:30:17.4,ANON013.SH,8.64,100.0,1,376730
2000-01-13 09:30:17.42,ANON013.SH,8.64,400.0,1,376737
2000-01-13 09:30:17.42,ANON013.SH,8.64,100.0,1,376749
2000-01-13 09:30:17.42,ANON013.SH,8.64,100.0,1,376755
2000-01-13 09:30:17.42,ANON013.SH,8.64,200.0,1,376761
2000-01-13 09:30:17.42,ANON013.SH,8.64,400.0,1,376793
2000-01-13 09:30:17.42,ANON013.SH,8.64,300.0,1,376874
2000-01-13 09:30:17.42,ANON013.SH,8.64,400.0,1,377034
2000-01-13 09:30:17.46,ANON013.SH,9.5,3900.0,-1,377393
2000-01-13 09:30:17.77,ANON013.SH,8.64,700.0,1,378749
2000-01-13 09:30:17.77,ANON013.SH,8.63,3500.0,1,378809
2000-01-13 09:30:17.77,ANON013.SH,8.63,3600.0,1,378993
2000-01-13 09:30:17.89,ANON013.SH,8.64,100.0,-1,379679
2000-01-13 09:30:17.89,ANON013.SH,8.64,100.0,-1,379680
2000-01-13 09:30:17.89,ANON013.SH,8.64,100.0,-1,379683
2000-01-13 09:30:17.89,ANON013.SH,8.64,100.0,-1,379684
2000-01-13 09:30:17.89,ANON013.SH,8.64,100.0,-1,379685
2000-01-13 09:30:17.98,ANON013.SH,8.61,9300.0,1,379992
2000-01-13 09:30:18,ANON013.SH,8.64,1300.0,1,380314
2000-01-13 09:30:18.11,ANON013.SH,8.63,13100.0,1,381028
2000-01-13 09:30:18.13,ANON013.SH,8.64,1100.0,-1,381201
2000-01-13 09:30:18.16,ANON013.SH,8.63,13700.0,1,381323
2000-01-13 09:30:18.16,ANON013.SH,8.64,200.0,-1,381407
2000-01-13 09:30:18.19,ANON013.SH,8.62,9100.0,1,381457
2000-01-13 09:30:18.24,ANON013.SH,8.64,4600.0,1,381664
2000-01-13 09:30:18.25,ANON013.SH,8.88,1000.0,-1,381843
2000-01-13 09:30:18.27,ANON013.SH,8.64,25400.0,1,381965
2000-01-13 09:30:18.3,ANON013.SH,8.64,23700.0,1,382042
2000-01-13 09:30:18.37,ANON013.SH,8.64,2800.0,1,382294
2000-01-13 09:30:18.67,ANON013.SH,8.64,3500.0,1,383763
2000-01-13 09:30:18.76,ANON013.SH,8.8,3000.0,-1,384284
2000-01-13 09:30:19.13,ANON013.SH,8.64,800.0,1,385859
2000-01-13 09:30:19.13,ANON013.SH,8.64,700.0,1,385861
2000-01-13 09:30:19.22,ANON013.SH,8.64,600.0,1,386552
2000-01-13 09:30:19.28,ANON013.SH,8.66,200.0,-1,386829
2000-01-13 09:30:19.44,ANON013.SH,8.64,800.0,-1,387420
2000-01-13 09:30:19.48,ANON013.SH,8.63,5000.0,1,387595
2000-01-13 09:30:19.59,ANON013.SH,8.71,2400.0,-1,388209
2000-01-13 09:30:19.79,ANON013.SH,8.63,3400.0,1,389351
2000-01-13 09:30:20.03,ANON013.SH,8.64,12900.0,1,390291
2000-01-13 09:30:20.15,ANON013.SH,8.29,20000.0,1,390940
2000-01-13 09:30:20.26,ANON013.SH,8.63,3600.0,1,391436
2000-01-13 09:30:20.37,ANON013.SH,8.65,300.0,-1,391782
2000-01-13 09:30:20.37,ANON013.SH,8.66,100.0,-1,391913
2000-01-13 09:30:20.37,ANON013.SH,8.66,300.0,-1,391917
2000-01-13 09:30:20.41,ANON013.SH,8.65,100.0,-1,391949
2000-01-13 09:30:20.52,ANON013.SH,8.63,50000.0,1,392601
2000-01-13 09:30:20.52,ANON013.SH,8.64,300.0,1,392665
2000-01-13 09:30:21.07,ANON013.SH,8.65,400.0,-1,394696
2000-01-13 09:30:21.1,ANON013.SH,8.63,11100.0,1,394885
2000-01-13 09:30:21.14,ANON013.SH,8.62,100.0,1,394985
2000-01-13 09:30:21.35,ANON013.SH,8.64,200.0,1,395778
2000-01-13 09:30:21.35,ANON013.SH,8.64,200.0,1,395806
2000-01-13 09:30:21.35,ANON013.SH,8.64,3400.0,1,395834
2000-01-13 09:30:21.63,ANON013.SH,8.64,100.0,1,396721
2000-01-13 09:30:21.7,ANON013.SH,8.61,900.0,1,397082
2000-01-13 09:30:21.7,ANON013.SH,8.61,900.0,1,397087
2000-01-13 09:30:21.91,ANON013.SH,8.7,2500.0,-1,397892
2000-01-13 09:30:22.03,ANON013.SH,8.64,3600.0,1,398273
2000-01-13 09:30:22.15,ANON013.SH,8.64,400.0,1,398824
2000-01-13 09:30:22.17,ANON013.SH,8.98,4000.0,-1,398968
2000-01-13 09:30:22.46,ANON013.SH,8.63,13600.0,1,399981
2000-01-13 09:30:22.73,ANON013.SH,8.63,1100.0,1,400992
2000-01-13 09:30:23.36,ANON013.SH,8.64,1200.0,1,403818
2000-01-13 09:30:23.36,ANON013.SH,8.64,11500.0,1,403826
2000-01-13 09:30:24.04,ANON013.SH,8.64,800.0,1,406462
2000-01-13 09:30:24.04,ANON013.SH,8.63,11100.0,1,406498
2000-01-13 09:30:24.22,ANON013.SH,8.21,1000.0,1,407371
2000-01-13 09:30:24.42,ANON013.SH,7.78,100.0,1,408034
2000-01-13 09:30:24.64,ANON013.SH,9.18,1716.0,-1,408744
2000-01-13 09:30:25.08,ANON013.SH,8.56,5600.0,1,410343
2000-01-13 09:30:25.15,ANON013.SH,8.65,3300.0,-1,410527
2000-01-13 09:30:25.18,ANON013.SH,8.65,400.0,-1,410643
2000-01-13 09:30:25.32,ANON013.SH,8.59,500.0,1,411231
2000-01-13 09:30:25.59,ANON013.SH,8.64,24700.0,1,412246
2000-01-13 09:30:25.81,ANON013.SH,8.64,1200.0,1,412995
2000-01-13 09:30:25.88,ANON013.SH,8.65,300.0,-1,413389
2000-01-13 09:30:26.03,ANON013.SH,8.65,300.0,-1,413805
2000-01-13 09:30:26.25,ANON013.SH,8.65,500.0,-1,414960
2000-01-13 09:30:26.36,ANON013.SH,8.65,600.0,-1,415415
2000-01-13 09:30:26.4,ANON013.SH,8.65,200.0,-1,415605
2000-01-13 09:30:26.44,ANON013.SH,8.65,1100.0,-1,415714
2000-01-13 09:30:26.47,ANON013.SH,8.65,200.0,-1,415888
2000-01-13 09:30:26.47,ANON013.SH,8.65,100.0,-1,415890
2000-01-13 09:30:26.47,ANON013.SH,8.65,1600.0,-1,415891
2000-01-13 09:30:26.51,ANON013.SH,8.65,100.0,-1,416048
2000-01-13 09:30:26.62,ANON013.SH,8.65,100.0,-1,416573
2000-01-13 09:30:26.62,ANON013.SH,8.65,1000.0,-1,416643
2000-01-13 09:30:26.64,ANON013.SH,8.65,700.0,-1,416715
2000-01-13 09:30:26.64,ANON013.SH,8.65,600.0,-1,416742
2000-01-13 09:30:26.64,ANON013.SH,8.65,100.0,-1,416752
2000-01-13 09:30:26.66,ANON013.SH,8.65,900.0,-1,416805
2000-01-13 09:30:26.66,ANON013.SH,8.65,100.0,-1,416825
2000-01-13 09:30:26.69,ANON013.SH,8.65,300.0,-1,416975
2000-01-13 09:30:26.72,ANON013.SH,8.65,200.0,-1,417000
2000-01-13 09:30:26.72,ANON013.SH,8.65,100.0,-1,417044
2000-01-13 09:30:26.72,ANON013.SH,8.65,100.0,-1,417126
2000-01-13 09:30:26.8,ANON013.SH,8.79,2000.0,-1,417451
2000-01-13 09:30:26.83,ANON013.SH,8.65,600.0,-1,417490
2000-01-13 09:30:26.83,ANON013.SH,8.65,400.0,-1,417501
2000-01-13 09:30:26.83,ANON013.SH,8.64,100.0,1,417546
2000-01-13 09:30:26.91,ANON013.SH,8.65,700.0,-1,417867
2000-01-13 09:30:26.91,ANON013.SH,8.65,700.0,-1,417876
2000-01-13 09:30:27.04,ANON013.SH,8.65,100.0,-1,418294
2000-01-13 09:30:27.07,ANON013.SH,8.64,3400.0,1,418480
2000-01-13 09:30:27.07,ANON013.SH,8.65,500.0,-1,418492
2000-01-13 09:30:27.07,ANON013.SH,8.65,100.0,-1,418544
2000-01-13 09:30:27.07,ANON013.SH,8.65,600.0,-1,418558
2000-01-13 09:30:27.12,ANON013.SH,8.65,100.0,-1,418576
2000-01-13 09:30:27.12,ANON013.SH,8.65,200.0,-1,418590
2000-01-13 09:30:27.12,ANON013.SH,8.65,500.0,-1,418614
2000-01-13 09:30:27.12,ANON013.SH,8.65,100.0,-1,418618
2000-01-13 09:30:27.12,ANON013.SH,8.65,100.0,-1,418680
2000-01-13 09:30:27.12,ANON013.SH,8.65,100.0,-1,418714
2000-01-13 09:30:27.16,ANON013.SH,8.65,100.0,-1,418892
2000-01-13 09:30:27.16,ANON013.SH,8.65,1000.0,-1,418947
2000-01-13 09:30:27.19,ANON013.SH,8.65,200.0,-1,419090
2000-01-13 09:30:27.23,ANON013.SH,8.65,100.0,-1,419163
2000-01-13 09:30:27.23,ANON013.SH,8.65,300.0,-1,419229
2000-01-13 09:30:27.26,ANON013.SH,8.65,100.0,-1,419270
2000-01-13 09:30:27.26,ANON013.SH,8.65,100.0,-1,419305
2000-01-13 09:30:27.26,ANON013.SH,8.65,100.0,-1,419366
2000-01-13 09:30:27.26,ANON013.SH,8.65,200.0,-1,419367
2000-01-13 09:30:27.26,ANON013.SH,8.65,100.0,-1,419376
2000-01-13 09:30:27.26,ANON013.SH,8.65,300.0,-1,419380
2000-01-13 09:30:27.28,ANON013.SH,8.66,100.0,-1,419469
2000-01-13 09:30:27.28,ANON013.SH,8.66,200.0,-1,419470
2000-01-13 09:30:27.28,ANON013.SH,8.66,100.0,-1,419471
2000-01-13 09:30:27.28,ANON013.SH,8.66,100.0,-1,419473
2000-01-13 09:30:27.28,ANON013.SH,8.66,100.0,-1,419474
2000-01-13 09:30:27.28,ANON013.SH,8.66,100.0,-1,419476
2000-01-13 09:30:27.28,ANON013.SH,8.66,100.0,-1,419478
2000-01-13 09:30:27.28,ANON013.SH,8.66,300.0,-1,419479
2000-01-13 09:30:27.28,ANON013.SH,8.66,300.0,-1,419480
2000-01-13 09:30:27.28,ANON013.SH,8.66,200.0,-1,419481
2000-01-13 09:30:27.28,ANON013.SH,8.66,100.0,-1,419482
2000-01-13 09:30:27.28,ANON013.SH,8.66,400.0,-1,419483
2000-01-13 09:30:27.28,ANON013.SH,8.66,100.0,-1,419484
2000-01-13 09:30:27.28,ANON013.SH,8.66,100.0,-1,419486
2000-01-13 09:30:27.28,ANON013.SH,8.66,100.0,-1,419487
2000-01-13 09:30:27.28,ANON013.SH,8.66,100.0,-1,419488
2000-01-13 09:30:27.28,ANON013.SH,8.66,100.0,-1,419489
2000-01-13 09:30:27.28,ANON013.SH,8.66,100.0,-1,419514
2000-01-13 09:30:27.28,ANON013.SH,8.66,100.0,-1,419520
2000-01-13 09:30:27.28,ANON013.SH,8.66,100.0,-1,419521
2000-01-13 09:30:27.28,ANON013.SH,8.66,100.0,-1,419522
2000-01-13 09:30:27.28,ANON013.SH,8.66,100.0,-1,419528
2000-01-13 09:30:27.28,ANON013.SH,8.66,100.0,-1,419530
2000-01-13 09:30:27.28,ANON013.SH,8.65,900.0,-1,419538
2000-01-13 09:30:27.28,ANON013.SH,8.66,100.0,-1,419546
2000-01-13 09:30:27.28,ANON013.SH,8.66,100.0,-1,419549
2000-01-13 09:30:27.28,ANON013.SH,8.66,100.0,-1,419553
2000-01-13 09:30:27.28,ANON013.SH,8.66,100.0,-1,419559
2000-01-13 09:30:27.28,ANON013.SH,8.66,100.0,-1,419562
2000-01-13 09:30:27.28,ANON013.SH,8.66,100.0,-1,419564
2000-01-13 09:30:27.28,ANON013.SH,8.66,100.0,-1,419566
2000-01-13 09:30:27.35,ANON013.SH,8.65,100.0,-1,419739
2000-01-13 09:30:27.43,ANON013.SH,8.65,100.0,-1,420082
2000-01-13 09:30:27.43,ANON013.SH,8.65,100.0,-1,420108
2000-01-13 09:30:27.69,ANON013.SH,8.65,1000.0,-1,421283
2000-01-13 09:30:27.99,ANON013.SH,8.65,900.0,-1,422254
2000-01-13 09:30:28.06,ANON013.SH,8.65,100.0,-1,422391
2000-01-13 09:30:28.06,ANON013.SH,8.65,100.0,-1,422447
2000-01-13 09:30:28.06,ANON013.SH,8.65,200.0,-1,422453
2000-01-13 09:30:28.06,ANON013.SH,8.65,1100.0,-1,422551
2000-01-13 09:30:28.16,ANON013.SH,8.65,100.0,-1,422958
2000-01-13 09:30:28.62,ANON013.SH,8.65,1000.0,-1,424633
2000-01-13 09:30:28.83,ANON013.SH,8.68,2000.0,-1,425436
2000-01-13 09:30:28.85,ANON013.SH,8.65,1800.0,-1,425484
2000-01-13 09:30:28.9,ANON013.SH,8.74,200.0,-1,425570
2000-01-13 09:30:28.9,ANON013.SH,8.65,1300.0,-1,425579
2000-01-13 09:30:28.9,ANON013.SH,8.65,1000.0,-1,425585
2000-01-13 09:30:28.9,ANON013.SH,8.65,700.0,-1,425586
2000-01-13 09:30:28.9,ANON013.SH,8.65,600.0,-1,425587
2000-01-13 09:30:28.9,ANON013.SH,8.65,1700.0,-1,425590
2000-01-13 09:30:28.94,ANON013.SH,8.65,800.0,-1,425733
2000-01-13 09:30:29.04,ANON013.SH,8.65,1600.0,-1,426150
2000-01-13 09:30:29.04,ANON013.SH,8.65,200.0,-1,426166
2000-01-13 09:30:29.24,ANON013.SH,8.65,100.0,-1,426810
2000-01-13 09:30:29.36,ANON013.SH,8.65,100.0,-1,427390
2000-01-13 09:30:29.51,ANON013.SH,8.65,300.0,-1,427969
2000-01-13 09:30:29.74,ANON013.SH,8.64,700.0,1,428788
2000-01-13 09:30:29.97,ANON013.SH,8.63,3300.0,1,429560
2000-01-13 09:30:30.13,ANON013.SH,8.65,5400.0,-1,430071
2000-01-13 09:30:30.34,ANON013.SH,8.65,100.0,-1,430948
2000-01-13 09:30:30.42,ANON013.SH,8.65,400.0,-1,431475
2000-01-13 09:30:31.56,ANON013.SH,9.28,3200.0,-1,435994
2000-01-13 09:30:32.09,ANON013.SH,8.64,3600.0,1,437978
2000-01-13 09:30:32.36,ANON013.SH,8.65,100.0,-1,439444
2000-01-13 09:30:32.36,ANON013.SH,8.64,1200.0,-1,439446
2000-01-13 09:30:32.36,ANON013.SH,8.64,1300.0,-1,439460
2000-01-13 09:30:32.36,ANON013.SH,8.64,400.0,-1,439490
2000-01-13 09:30:32.45,ANON013.SH,8.64,100.0,-1,439822
2000-01-13 09:30:32.51,ANON013.SH,8.64,100.0,-1,440091
2000-01-13 09:30:32.69,ANON013.SH,8.64,900.0,-1,441024
2000-01-13 09:30:32.89,ANON013.SH,8.64,22000.0,-1,441708
2000-01-13 09:30:33.13,ANON013.SH,8.65,400.0,-1,442600
2000-01-13 09:30:33.23,ANON013.SH,8.64,100.0,-1,443036
2000-01-13 09:30:33.31,ANON013.SH,8.65,100.0,-1,443233
2000-01-13 09:30:33.34,ANON013.SH,8.64,100.0,-1,443369
2000-01-13 09:30:33.34,ANON013.SH,8.64,100.0,-1,443370
2000-01-13 09:30:33.62,ANON013.SH,8.65,200.0,-1,444460
2000-01-13 09:30:33.64,ANON013.SH,8.0,15500.0,1,444651
2000-01-13 09:30:33.72,ANON013.SH,8.68,400.0,-1,444976
2000-01-13 09:30:33.93,ANON013.SH,8.66,100.0,-1,445907
2000-01-13 09:30:34,ANON013.SH,7.78,100.0,1,446142
2000-01-13 09:30:34.04,ANON013.SH,7.78,100.0,1,446202
2000-01-13 09:30:34.07,ANON013.SH,7.78,100.0,1,446341
2000-01-13 09:30:34.07,ANON013.SH,8.64,100.0,-1,446386
2000-01-13 09:30:34.07,ANON013.SH,8.64,200.0,-1,446420
2000-01-13 09:30:34.16,ANON013.SH,8.64,200.0,-1,447065
2000-01-13 09:30:34.19,ANON013.SH,8.64,100.0,-1,447072
2000-01-13 09:30:34.19,ANON013.SH,8.65,400.0,-1,447113
2000-01-13 09:30:34.19,ANON013.SH,8.64,200.0,-1,447118
2000-01-13 09:30:34.38,ANON013.SH,8.65,1100.0,-1,447945
2000-01-13 09:30:34.56,ANON013.SH,8.64,100.0,-1,448763
2000-01-13 09:30:34.59,ANON013.SH,8.64,5215.0,-1,449216
2000-01-13 09:30:34.59,ANON013.SH,8.64,4200.0,-1,449221
2000-01-13 09:30:34.59,ANON013.SH,8.64,5000.0,-1,449224
2000-01-13 09:30:34.59,ANON013.SH,8.64,2600.0,-1,449232
2000-01-13 09:30:34.59,ANON013.SH,8.64,4700.0,-1,449234
2000-01-13 09:30:34.59,ANON013.SH,8.64,8200.0,-1,449235
2000-01-13 09:30:34.59,ANON013.SH,8.64,6600.0,-1,449237
2000-01-13 09:30:34.59,ANON013.SH,8.64,6500.0,-1,449241
2000-01-13 09:30:34.59,ANON013.SH,8.64,2700.0,-1,449243
2000-01-13 09:30:34.59,ANON013.SH,8.64,5400.0,-1,449244
2000-01-13 09:30:34.59,ANON013.SH,8.64,2600.0,-1,449248
2000-01-13 09:30:34.59,ANON013.SH,8.64,2400.0,-1,449251
2000-01-13 09:30:34.59,ANON013.SH,8.64,7000.0,-1,449256
2000-01-13 09:30:34.62,ANON013.SH,8.64,300.0,-1,449315
2000-01-13 09:30:34.62,ANON013.SH,8.64,100.0,-1,449318
2000-01-13 09:30:34.62,ANON013.SH,8.64,100.0,-1,449321
2000-01-13 09:30:34.69,ANON013.SH,8.64,700.0,-1,449655
2000-01-13 09:30:34.81,ANON013.SH,8.65,500.0,-1,450218
2000-01-13 09:30:35.04,ANON013.SH,8.64,1300.0,-1,451224
2000-01-13 09:30:35.04,ANON013.SH,8.64,1200.0,-1,451225
2000-01-13 09:30:35.08,ANON013.SH,8.63,500.0,1,451476
2000-01-13 09:30:35.12,ANON013.SH,8.63,1000.0,1,451671
2000-01-13 09:30:35.26,ANON013.SH,8.64,100.0,-1,452289
2000-01-13 09:30:35.28,ANON013.SH,8.64,400.0,-1,452456
2000-01-13 09:30:35.28,ANON013.SH,8.64,500.0,-1,452529
2000-01-13 09:30:35.49,ANON013.SH,8.64,300.0,-1,453451
2000-01-13 09:30:35.49,ANON013.SH,8.69,100.0,-1,453466
2000-01-13 09:30:35.49,ANON013.SH,8.64,300.0,-1,453504
2000-01-13 09:30:35.53,ANON013.SH,8.64,300.0,-1,453645
2000-01-13 09:30:35.69,ANON013.SH,8.64,400.0,-1,454485
2000-01-13 09:30:36.1,ANON013.SH,8.64,2900.0,-1,457580
2000-01-13 09:30:36.16,ANON013.SH,9.3,23000.0,-1,458269
2000-01-13 09:30:36.26,ANON013.SH,8.64,300.0,-1,458822
2000-01-13 09:30:36.43,ANON013.SH,8.63,100.0,1,459429
2000-01-13 09:30:36.55,ANON013.SH,8.64,500.0,-1,460251
2000-01-13 09:30:36.57,ANON013.SH,8.64,1000.0,-1,460454
2000-01-13 09:30:36.68,ANON013.SH,8.64,100.0,-1,460889
2000-01-13 09:30:36.72,ANON013.SH,8.64,100.0,-1,461327
2000-01-13 09:30:36.84,ANON013.SH,8.63,12800.0,-1,461668
2000-01-13 09:30:36.84,ANON013.SH,8.63,500.0,-1,461776
2000-01-13 09:30:36.86,ANON013.SH,8.63,5600.0,-1,461844
2000-01-13 09:30:36.86,ANON013.SH,8.63,1900.0,-1,461867
2000-01-13 09:30:36.86,ANON013.SH,8.63,800.0,-1,461912
2000-01-13 09:30:36.86,ANON013.SH,8.63,3400.0,-1,461913
2000-01-13 09:30:36.86,ANON013.SH,8.63,40500.0,-1,461917
2000-01-13 09:30:36.86,ANON013.SH,8.63,23100.0,-1,461918
2000-01-13 09:30:36.86,ANON013.SH,8.63,34700.0,-1,461919
2000-01-13 09:30:36.86,ANON013.SH,8.63,15000.0,-1,461922
2000-01-13 09:30:36.86,ANON013.SH,8.63,900.0,-1,461932
2000-01-13 09:30:36.89,ANON013.SH,8.63,2700.0,-1,462020
2000-01-13 09:30:36.89,ANON013.SH,8.63,5000.0,-1,462021
2000-01-13 09:30:36.89,ANON013.SH,8.63,2500.0,-1,462023
2000-01-13 09:30:36.89,ANON013.SH,8.63,5000.0,-1,462025
2000-01-13 09:30:36.89,ANON013.SH,8.63,1500.0,-1,462026
2000-01-13 09:30:36.89,ANON013.SH,8.63,4500.0,-1,462035
2000-01-13 09:30:36.89,ANON013.SH,8.63,1300.0,-1,462037
2000-01-13 09:30:36.89,ANON013.SH,8.63,4700.0,-1,462072
2000-01-13 09:30:36.89,ANON013.SH,8.63,2600.0,-1,462073
2000-01-13 09:30:36.89,ANON013.SH,8.63,5000.0,-1,462074
2000-01-13 09:30:36.89,ANON013.SH,8.63,5000.0,-1,462076
2000-01-13 09:30:36.89,ANON013.SH,8.63,5000.0,-1,462077
2000-01-13 09:30:36.89,ANON013.SH,8.63,5000.0,-1,462078
2000-01-13 09:30:36.89,ANON013.SH,8.63,4200.0,-1,462079
2000-01-13 09:30:36.89,ANON013.SH,8.63,2700.0,-1,462080
2000-01-13 09:30:36.89,ANON013.SH,8.63,5000.0,-1,462081
2000-01-13 09:30:36.89,ANON013.SH,8.63,2600.0,-1,462086
2000-01-13 09:30:36.89,ANON013.SH,8.63,5000.0,-1,462087
2000-01-13 09:30:36.89,ANON013.SH,8.63,5000.0,-1,462089
2000-01-13 09:30:36.89,ANON013.SH,8.63,2400.0,-1,462094
2000-01-13 09:30:36.92,ANON013.SH,8.63,5000.0,-1,462130
2000-01-13 09:30:36.92,ANON013.SH,8.63,1600.0,-1,462131
2000-01-13 09:30:36.92,ANON013.SH,8.63,5000.0,-1,462132
2000-01-13 09:30:36.92,ANON013.SH,8.63,2200.0,-1,462145
2000-01-13 09:30:37,ANON013.SH,8.63,700.0,-1,462358
2000-01-13 09:30:37.13,ANON013.SH,8.63,2700.0,-1,462795
2000-01-13 09:30:37.13,ANON013.SH,8.63,4900.0,-1,462849
2000-01-13 09:30:37.13,ANON013.SH,8.63,2800.0,-1,462858
2000-01-13 09:30:37.13,ANON013.SH,8.63,2800.0,-1,462880
2000-01-13 09:30:37.13,ANON013.SH,8.63,2600.0,-1,462883
2000-01-13 09:30:37.13,ANON013.SH,8.63,4900.0,-1,462884
2000-01-13 09:30:37.15,ANON013.SH,8.63,400.0,-1,463111
2000-01-13 09:30:37.15,ANON013.SH,8.63,100.0,-1,463115
2000-01-13 09:30:37.15,ANON013.SH,8.63,400.0,-1,463124
2000-01-13 09:30:37.15,ANON013.SH,8.63,200.0,-1,463130
2000-01-13 09:30:37.15,ANON013.SH,8.63,100.0,-1,463144
2000-01-13 09:30:37.17,ANON013.SH,8.63,200.0,-1,463251
2000-01-13 09:30:37.21,ANON013.SH,8.63,400.0,-1,463364
2000-01-13 09:30:37.21,ANON013.SH,8.64,5400.0,-1,463375
2000-01-13 09:30:37.33,ANON013.SH,8.63,300.0,-1,464145
2000-01-13 09:30:37.39,ANON013.SH,8.63,100.0,-1,464502
2000-01-13 09:30:37.44,ANON013.SH,8.63,300.0,-1,464565
2000-01-13 09:30:37.44,ANON013.SH,8.63,100.0,-1,464570
2000-01-13 09:30:37.44,ANON013.SH,8.63,100.0,-1,464602
2000-01-13 09:30:37.44,ANON013.SH,8.63,100.0,-1,464630
2000-01-13 09:30:37.44,ANON013.SH,8.63,300.0,-1,464639
2000-01-13 09:30:37.44,ANON013.SH,8.63,1200.0,-1,464651
2000-01-13 09:30:37.44,ANON013.SH,8.63,800.0,-1,464691
2000-01-13 09:30:37.44,ANON013.SH,8.63,100.0,-1,464709
2000-01-13 09:30:37.44,ANON013.SH,8.63,200.0,-1,464716
2000-01-13 09:30:37.44,ANON013.SH,8.63,200.0,-1,464723
2000-01-13 09:30:37.44,ANON013.SH,8.63,400.0,-1,464758
2000-01-13 09:30:37.47,ANON013.SH,8.63,500.0,-1,464813
2000-01-13 09:30:37.58,ANON013.SH,8.63,100.0,-1,465312
2000-01-13 09:30:37.6,ANON013.SH,8.63,100.0,-1,465349
2000-01-13 09:30:37.62,ANON013.SH,8.63,100.0,-1,465608
2000-01-13 09:30:37.69,ANON013.SH,8.63,200.0,-1,465951
2000-01-13 09:30:37.74,ANON013.SH,8.63,28900.0,-1,466045
2000-01-13 09:30:37.74,ANON013.SH,8.63,200.0,-1,466048
2000-01-13 09:30:37.74,ANON013.SH,8.63,200.0,-1,466052
2000-01-13 09:30:37.74,ANON013.SH,8.63,400.0,-1,466053
2000-01-13 09:30:37.74,ANON013.SH,8.63,200.0,-1,466054
2000-01-13 09:30:37.74,ANON013.SH,8.63,200.0,-1,466056
2000-01-13 09:30:37.74,ANON013.SH,8.63,400.0,-1,466057
2000-01-13 09:30:37.74,ANON013.SH,8.63,200.0,-1,466058
2000-01-13 09:30:37.74,ANON013.SH,8.63,300.0,-1,466060
2000-01-13 09:30:37.74,ANON013.SH,8.63,200.0,-1,466061
2000-01-13 09:30:37.74,ANON013.SH,8.63,200.0,-1,466062
2000-01-13 09:30:37.74,ANON013.SH,8.63,200.0,-1,466065
2000-01-13 09:30:37.74,ANON013.SH,8.63,800.0,-1,466066
2000-01-13 09:30:37.74,ANON013.SH,8.63,600.0,-1,466072
2000-01-13 09:30:37.74,ANON013.SH,8.63,200.0,-1,466074
2000-01-13 09:30:37.74,ANON013.SH,8.63,600.0,-1,466095
2000-01-13 09:30:37.96,ANON013.SH,8.64,1800.0,-1,466848
2000-01-13 09:30:38.12,ANON013.SH,8.63,100.0,-1,467496
2000-01-13 09:30:38.15,ANON013.SH,8.62,1700.0,1,467658
2000-01-13 09:30:38.15,ANON013.SH,8.63,400.0,-1,467760
2000-01-13 09:30:38.2,ANON013.SH,8.62,1100.0,1,468048
2000-01-13 09:30:38.2,ANON013.SH,8.62,300.0,1,468054
2000-01-13 09:30:38.3,ANON013.SH,8.66,200.0,-1,468451
2000-01-13 09:30:38.36,ANON013.SH,8.62,2100.0,-1,468600
2000-01-13 09:30:38.36,ANON013.SH,8.62,2200.0,-1,468715
2000-01-13 09:30:38.36,ANON013.SH,8.62,1300.0,-1,468733
2000-01-13 09:30:38.4,ANON013.SH,8.62,100.0,-1,468828
2000-01-13 09:30:38.4,ANON013.SH,8.62,2700.0,-1,468841
2000-01-13 09:30:38.4,ANON013.SH,8.62,19600.0,-1,468843
2000-01-13 09:30:38.4,ANON013.SH,8.62,2600.0,-1,468863
2000-01-13 09:30:38.4,ANON013.SH,8.62,1600.0,-1,468864
2000-01-13 09:30:38.4,ANON013.SH,8.62,6500.0,-1,468865
2000-01-13 09:30:38.4,ANON013.SH,8.62,5000.0,-1,468868
2000-01-13 09:30:38.4,ANON013.SH,8.62,2700.0,-1,468873
2000-01-13 09:30:38.4,ANON013.SH,8.62,6600.0,-1,468874
2000-01-13 09:30:38.4,ANON013.SH,8.62,5215.0,-1,468875
2000-01-13 09:30:38.4,ANON013.SH,8.62,4200.0,-1,468876
2000-01-13 09:30:38.4,ANON013.SH,8.62,4700.0,-1,468877
2000-01-13 09:30:38.4,ANON013.SH,8.62,5400.0,-1,468878
2000-01-13 09:30:38.4,ANON013.SH,8.62,2400.0,-1,468880
2000-01-13 09:30:38.4,ANON013.SH,8.62,10100.0,-1,468882
2000-01-13 09:30:38.4,ANON013.SH,8.62,9800.0,-1,468883
2000-01-13 09:30:38.4,ANON013.SH,8.62,2700.0,-1,468927
2000-01-13 09:30:38.4,ANON013.SH,8.62,6900.0,-1,468957
2000-01-13 09:30:38.4,ANON013.SH,8.62,23100.0,-1,468958
2000-01-13 09:30:38.4,ANON013.SH,8.62,6400.0,-1,468963
2000-01-13 09:30:38.4,ANON013.SH,8.62,3500.0,-1,468965
2000-01-13 09:30:38.42,ANON013.SH,8.62,1600.0,-1,468989
2000-01-13 09:30:38.42,ANON013.SH,8.62,300.0,-1,468996
2000-01-13 09:30:38.42,ANON013.SH,8.62,7600.0,-1,468999
2000-01-13 09:30:38.42,ANON013.SH,8.62,6900.0,-1,469003
2000-01-13 09:30:38.42,ANON013.SH,8.62,2800.0,-1,469014
2000-01-13 09:30:38.42,ANON013.SH,8.62,2800.0,-1,469018
2000-01-13 09:30:38.42,ANON013.SH,8.62,1200.0,-1,469020
2000-01-13 09:30:38.42,ANON013.SH,8.62,500.0,-1,469024
2000-01-13 09:30:38.42,ANON013.SH,8.62,400.0,-1,469032
2000-01-13 09:30:38.42,ANON013.SH,8.62,500.0,-1,469057
2000-01-13 09:30:38.42,ANON013.SH,8.62,200.0,-1,469074
2000-01-13 09:30:38.44,ANON013.SH,8.62,2600.0,-1,469086
2000-01-13 09:30:38.44,ANON013.SH,8.62,600.0,-1,469088
2000-01-13 09:30:38.44,ANON013.SH,8.62,300.0,-1,469091
2000-01-13 09:30:38.44,ANON013.SH,8.62,900.0,-1,469117
2000-01-13 09:30:38.44,ANON013.SH,8.62,200.0,-1,469123
2000-01-13 09:30:38.44,ANON013.SH,8.62,17500.0,-1,469127
2000-01-13 09:30:38.44,ANON013.SH,8.62,400.0,-1,469134
2000-01-13 09:30:38.44,ANON013.SH,8.62,300.0,-1,469143
2000-01-13 09:30:38.44,ANON013.SH,8.62,100.0,-1,469162
2000-01-13 09:30:38.44,ANON013.SH,8.62,2800.0,-1,469168
2000-01-13 09:30:38.51,ANON013.SH,8.62,200.0,-1,469237
2000-01-13 09:30:38.51,ANON013.SH,8.62,200.0,-1,469258
2000-01-13 09:30:38.51,ANON013.SH,8.62,100.0,-1,469317
2000-01-13 09:30:38.54,ANON013.SH,8.62,1300.0,-1,469433
2000-01-13 09:30:38.56,ANON013.SH,8.62,200.0,-1,469531
2000-01-13 09:30:38.56,ANON013.SH,8.63,300.0,-1,469558
2000-01-13 09:30:38.56,ANON013.SH,8.64,3200.0,-1,469681
2000-01-13 09:30:38.58,ANON013.SH,8.62,10300.0,-1,469697
2000-01-13 09:30:38.58,ANON013.SH,8.62,2600.0,-1,469699
2000-01-13 09:30:38.58,ANON013.SH,8.62,200.0,-1,469729
2000-01-13 09:30:38.68,ANON013.SH,8.62,200.0,-1,470026
2000-01-13 09:30:38.68,ANON013.SH,8.62,200.0,-1,470032
2000-01-13 09:30:38.68,ANON013.SH,8.62,200.0,-1,470034
2000-01-13 09:30:38.68,ANON013.SH,8.62,200.0,-1,470063
2000-01-13 09:30:38.78,ANON013.SH,8.62,200.0,-1,470666
2000-01-13 09:30:38.9,ANON013.SH,8.62,100.0,-1,470910
2000-01-13 09:30:38.96,ANON013.SH,8.55,900.0,1,471258
2000-01-13 09:30:39.12,ANON013.SH,8.62,200.0,-1,471849
2000-01-13 09:30:39.12,ANON013.SH,8.62,100.0,-1,471870
2000-01-13 09:30:39.15,ANON013.SH,8.62,1500.0,-1,472065
2000-01-13 09:30:39.15,ANON013.SH,8.62,9200.0,-1,472088
2000-01-13 09:30:39.15,ANON013.SH,8.62,7600.0,-1,472092
2000-01-13 09:30:39.17,ANON013.SH,8.62,300.0,-1,472248
2000-01-13 09:30:39.28,ANON013.SH,8.61,13600.0,-1,472583
2000-01-13 09:30:39.28,ANON013.SH,8.61,9300.0,-1,472597
2000-01-13 09:30:39.28,ANON013.SH,8.61,6900.0,-1,472612
2000-01-13 09:30:39.42,ANON013.SH,8.63,300.0,-1,473050
2000-01-13 09:30:39.42,ANON013.SH,8.61,800.0,-1,473088
2000-01-13 09:30:39.42,ANON013.SH,8.61,3400.0,-1,473092
2000-01-13 09:30:39.42,ANON013.SH,8.61,34700.0,-1,473095
2000-01-13 09:30:39.42,ANON013.SH,8.61,15000.0,-1,473108
2000-01-13 09:30:39.47,ANON013.SH,8.61,10000.0,-1,473156
2000-01-13 09:30:39.47,ANON013.SH,8.61,4200.0,-1,473181
2000-01-13 09:30:39.47,ANON013.SH,8.61,10000.0,-1,473182
2000-01-13 09:30:39.47,ANON013.SH,8.61,5215.0,-1,473183
2000-01-13 09:30:39.47,ANON013.SH,8.61,5400.0,-1,473188
2000-01-13 09:30:39.47,ANON013.SH,8.61,7600.0,-1,473189
2000-01-13 09:30:39.47,ANON013.SH,8.61,2400.0,-1,473191
2000-01-13 09:30:39.47,ANON013.SH,8.61,2600.0,-1,473192
2000-01-13 09:30:39.47,ANON013.SH,8.62,100.0,-1,473207
2000-01-13 09:30:39.47,ANON013.SH,8.62,100.0,-1,473209
2000-01-13 09:30:39.47,ANON013.SH,8.62,200.0,-1,473213
2000-01-13 09:30:39.47,ANON013.SH,8.62,300.0,-1,473215
2000-01-13 09:30:39.47,ANON013.SH,8.62,200.0,-1,473232
2000-01-13 09:30:39.47,ANON013.SH,8.61,17400.0,-1,473259
2000-01-13 09:30:39.47,ANON013.SH,8.61,23100.0,-1,473277
2000-01-13 09:30:39.47,ANON013.SH,8.61,17400.0,-1,473283
2000-01-13 09:30:39.55,ANON013.SH,8.62,100.0,-1,473561
2000-01-13 09:30:39.55,ANON013.SH,8.62,200.0,-1,473570
2000-01-13 09:30:39.55,ANON013.SH,8.62,100.0,-1,473615
2000-01-13 09:30:39.58,ANON013.SH,8.62,200.0,-1,473675
2000-01-13 09:30:39.68,ANON013.SH,8.51,200.0,1,474139
2000-01-13 09:30:39.71,ANON013.SH,8.61,300.0,-1,474306
2000-01-13 09:30:39.71,ANON013.SH,8.61,2700.0,-1,474307
2000-01-13 09:30:39.71,ANON013.SH,8.61,9500.0,-1,474348
2000-01-13 09:30:39.71,ANON013.SH,8.61,2600.0,-1,474357
2000-01-13 09:30:39.71,ANON013.SH,8.61,2600.0,-1,474372
2000-01-13 09:30:39.73,ANON013.SH,8.61,200.0,-1,474405
2000-01-13 09:30:39.73,ANON013.SH,8.61,200.0,-1,474407
2000-01-13 09:30:39.73,ANON013.SH,8.61,200.0,-1,474410
2000-01-13 09:30:39.83,ANON013.SH,8.61,40500.0,-1,474731
2000-01-13 09:30:39.86,ANON013.SH,8.61,6500.0,-1,474945
2000-01-13 09:30:39.86,ANON013.SH,8.61,6600.0,-1,474946
2000-01-13 09:30:39.86,ANON013.SH,8.61,4700.0,-1,474947
2000-01-13 09:30:39.86,ANON013.SH,8.61,5000.0,-1,474951
2000-01-13 09:30:39.86,ANON013.SH,8.61,2700.0,-1,474954
2000-01-13 09:30:39.86,ANON013.SH,8.61,2600.0,-1,474961
2000-01-13 09:30:39.89,ANON013.SH,8.62,700.0,-1,475121
2000-01-13 09:30:40.02,ANON013.SH,8.6,1400.0,1,475496
2000-01-13 09:30:40.05,ANON013.SH,8.63,100.0,-1,475535
2000-01-13 09:30:40.05,ANON013.SH,8.6,4200.0,1,475554
2000-01-13 09:30:40.05,ANON013.SH,8.6,300.0,1,475582
2000-01-13 09:30:40.05,ANON013.SH,8.6,600.0,1,475604
2000-01-13 09:30:40.23,ANON013.SH,8.6,100.0,1,476473
2000-01-13 09:30:40.26,ANON013.SH,8.61,41900.0,1,476526
2000-01-13 09:30:40.26,ANON013.SH,8.61,300.0,1,476528
2000-01-13 09:30:40.26,ANON013.SH,8.61,200.0,1,476533
2000-01-13 09:30:40.26,ANON013.SH,8.61,71200.0,1,476604
2000-01-13 09:30:40.38,ANON013.SH,8.61,24100.0,1,477044
2000-01-13 09:30:40.38,ANON013.SH,8.61,6600.0,1,477047
2000-01-13 09:30:40.4,ANON013.SH,8.61,17400.0,1,477059
2000-01-13 09:30:40.4,ANON013.SH,8.61,22800.0,1,477097
2000-01-13 09:30:40.4,ANON013.SH,8.61,2100.0,1,477100
2000-01-13 09:30:40.4,ANON013.SH,8.61,7700.0,1,477105
2000-01-13 09:30:40.4,ANON013.SH,8.61,4700.0,1,477106
2000-01-13 09:30:40.4,ANON013.SH,8.61,5000.0,1,477107
2000-01-13 09:30:40.4,ANON013.SH,8.61,2700.0,1,477110
2000-01-13 09:30:40.4,ANON013.SH,8.61,2600.0,1,477111
2000-01-13 09:30:40.4,ANON013.SH,8.61,10100.0,1,477118
2000-01-13 09:30:40.43,ANON013.SH,8.62,1100.0,-1,477203
2000-01-13 09:30:40.46,ANON013.SH,8.62,1600.0,-1,477315
2000-01-13 09:30:40.46,ANON013.SH,8.62,100.0,-1,477316
2000-01-13 09:30:40.49,ANON013.SH,8.62,800.0,-1,477378
2000-01-13 09:30:40.49,ANON013.SH,8.62,100.0,-1,477400
2000-01-13 09:30:40.49,ANON013.SH,8.61,15300.0,1,477406
2000-01-13 09:30:40.55,ANON013.SH,8.61,2300.0,1,477580
2000-01-13 09:30:40.55,ANON013.SH,8.62,100.0,-1,477583
2000-01-13 09:30:40.55,ANON013.SH,8.61,2300.0,1,477615
2000-01-13 09:30:40.55,ANON013.SH,8.61,2300.0,1,477616
2000-01-13 09:30:40.55,ANON013.SH,8.61,2300.0,1,477626
2000-01-13 09:30:40.55,ANON013.SH,8.61,2300.0,1,477634
2000-01-13 09:30:40.55,ANON013.SH,8.61,2300.0,1,477647
2000-01-13 09:30:40.55,ANON013.SH,8.62,600.0,-1,477658
2000-01-13 09:30:40.55,ANON013.SH,8.62,300.0,-1,477665
2000-01-13 09:30:40.57,ANON013.SH,8.61,2300.0,1,477712
2000-01-13 09:30:40.57,ANON013.SH,8.61,2300.0,1,477714
2000-01-13 09:30:40.57,ANON013.SH,8.61,300.0,1,477716
2000-01-13 09:30:40.57,ANON013.SH,8.61,17400.0,1,477751
2000-01-13 09:30:40.57,ANON013.SH,8.61,9300.0,1,477757
2000-01-13 09:30:40.57,ANON013.SH,8.61,17400.0,1,477758
2000-01-13 09:30:40.57,ANON013.SH,8.61,6900.0,1,477759
2000-01-13 09:30:40.57,ANON013.SH,8.61,3500.0,1,477761
2000-01-13 09:30:40.57,ANON013.SH,8.62,700.0,-1,477797
2000-01-13 09:30:40.57,ANON013.SH,8.62,100.0,-1,477809
2000-01-13 09:30:40.58,ANON013.SH,8.62,900.0,-1,477855
2000-01-13 09:30:40.61,ANON013.SH,8.62,100.0,-1,477943
2000-01-13 09:30:40.61,ANON013.SH,8.62,1000.0,-1,477995
2000-01-13 09:30:40.61,ANON013.SH,8.62,100.0,-1,477998
2000-01-13 09:30:40.62,ANON013.SH,8.62,400.0,-1,478038
2000-01-13 09:30:40.66,ANON013.SH,8.62,200.0,-1,478160
2000-01-13 09:30:40.71,ANON013.SH,8.63,400.0,-1,478361
2000-01-13 09:30:40.71,ANON013.SH,8.62,100.0,-1,478391
2000-01-13 09:30:40.75,ANON013.SH,8.62,600.0,-1,478418
2000-01-13 09:30:40.78,ANON013.SH,8.62,4800.0,1,478659
2000-01-13 09:30:40.78,ANON013.SH,8.62,34700.0,1,478671
2000-01-13 09:30:40.78,ANON013.SH,8.62,17400.0,1,478685
2000-01-13 09:30:40.8,ANON013.SH,8.63,100.0,-1,478874
2000-01-13 09:30:40.82,ANON013.SH,8.63,100.0,-1,478917
2000-01-13 09:30:40.86,ANON013.SH,8.62,8800.0,1,478989
2000-01-13 09:30:40.86,ANON013.SH,8.63,200.0,-1,479054
2000-01-13 09:30:40.95,ANON013.SH,8.62,10300.0,1,479226
2000-01-13 09:30:40.95,ANON013.SH,8.62,14400.0,1,479228
2000-01-13 09:30:40.95,ANON013.SH,8.62,23100.0,1,479229
2000-01-13 09:30:40.95,ANON013.SH,8.62,11700.0,1,479261
2000-01-13 09:30:40.95,ANON013.SH,8.62,3500.0,1,479274
2000-01-13 09:30:40.95,ANON013.SH,8.62,2500.0,1,479335
2000-01-13 09:30:40.97,ANON013.SH,8.62,100.0,1,479503
2000-01-13 09:30:40.98,ANON013.SH,8.62,2400.0,1,479552
2000-01-13 09:30:40.98,ANON013.SH,8.63,3700.0,1,479562
2000-01-13 09:30:40.98,ANON013.SH,8.62,900.0,1,479580
2000-01-13 09:30:41.02,ANON013.SH,8.62,5800.0,1,479701
2000-01-13 09:30:41.02,ANON013.SH,8.62,5800.0,1,479738
2000-01-13 09:30:41.15,ANON013.SH,8.63,300.0,1,480118
2000-01-13 09:30:41.19,ANON013.SH,8.63,100.0,-1,480328
2000-01-13 09:30:41.21,ANON013.SH,8.63,3100.0,1,480433
2000-01-13 09:30:41.41,ANON013.SH,8.63,200.0,-1,481168
2000-01-13 09:30:41.41,ANON013.SH,8.64,100.0,-1,481195
2000-01-13 09:30:41.41,ANON013.SH,8.63,1200.0,1,481242
2000-01-13 09:30:41.44,ANON013.SH,8.63,3600.0,1,481318
2000-01-13 09:30:41.44,ANON013.SH,8.63,4200.0,1,481337
2000-01-13 09:30:41.44,ANON013.SH,8.63,300.0,1,481349
2000-01-13 09:30:41.44,ANON013.SH,8.62,21400.0,1,481433
2000-01-13 09:30:41.44,ANON013.SH,8.63,900.0,1,481440
2000-01-13 09:30:41.44,ANON013.SH,8.63,5800.0,1,481460
2000-01-13 09:30:41.48,ANON013.SH,8.63,600.0,1,481612
2000-01-13 09:30:41.48,ANON013.SH,8.63,900.0,1,481647
2000-01-13 09:30:41.52,ANON013.SH,8.63,5800.0,1,481723
2000-01-13 09:30:41.54,ANON013.SH,8.88,1000.0,-1,481789
2000-01-13 09:30:41.66,ANON013.SH,8.63,100.0,1,482139
2000-01-13 09:30:41.72,ANON013.SH,9.0,5000.0,-1,482356
2000-01-13 09:30:41.72,ANON013.SH,8.64,300.0,-1,482404
2000-01-13 09:30:41.72,ANON013.SH,8.63,1100.0,1,482427
2000-01-13 09:30:41.79,ANON013.SH,8.61,400.0,1,482644
2000-01-13 09:30:41.83,ANON013.SH,8.62,4200.0,1,482714
2000-01-13 09:30:41.83,ANON013.SH,8.63,300.0,1,482808
2000-01-13 09:30:41.86,ANON013.SH,8.63,1800.0,1,482844
2000-01-13 09:30:41.88,ANON013.SH,8.61,6200.0,1,482891
2000-01-13 09:30:41.97,ANON013.SH,8.64,900.0,-1,483261
2000-01-13 09:30:42.03,ANON013.SH,8.64,100.0,-1,483430
2000-01-13 09:30:42.03,ANON013.SH,8.64,200.0,-1,483434
2000-01-13 09:30:42.03,ANON013.SH,8.62,3600.0,1,483501
2000-01-13 09:30:42.18,ANON013.SH,8.64,1000.0,-1,483885
2000-01-13 09:30:42.18,ANON013.SH,8.63,5400.0,-1,483915
2000-01-13 09:30:42.24,ANON013.SH,8.62,23100.0,1,484167
2000-01-13 09:30:42.24,ANON013.SH,8.62,6900.0,1,484171
2000-01-13 09:30:42.3,ANON013.SH,8.64,800.0,-1,484395
2000-01-13 09:30:42.41,ANON013.SH,8.63,800.0,1,484645
2000-01-13 09:30:42.41,ANON013.SH,8.63,6900.0,1,484706
2000-01-13 09:30:42.41,ANON013.SH,8.63,2800.0,1,484714
2000-01-13 09:30:42.41,ANON013.SH,8.63,2600.0,1,484745
2000-01-13 09:30:42.41,ANON013.SH,8.63,2600.0,1,484747
2000-01-13 09:30:42.41,ANON013.SH,8.63,2600.0,1,484749
2000-01-13 09:30:42.41,ANON013.SH,8.63,2600.0,1,484750
2000-01-13 09:30:42.41,ANON013.SH,8.63,2600.0,1,484752
2000-01-13 09:30:42.41,ANON013.SH,8.63,2600.0,1,484753
2000-01-13 09:30:42.41,ANON013.SH,8.64,100.0,-1,484762
2000-01-13 09:30:42.44,ANON013.SH,8.63,100.0,1,484803
2000-01-13 09:30:42.44,ANON013.SH,8.63,5400.0,1,484808
2000-01-13 09:30:42.44,ANON013.SH,8.63,2600.0,1,484862
2000-01-13 09:30:42.53,ANON013.SH,8.63,2800.0,1,485105
2000-01-13 09:30:42.56,ANON013.SH,8.64,1500.0,-1,485167
2000-01-13 09:30:42.56,ANON013.SH,8.64,900.0,-1,485222
2000-01-13 09:30:42.73,ANON013.SH,8.64,200.0,-1,485807
2000-01-13 09:30:43.03,ANON013.SH,8.64,100.0,-1,486625
2000-01-13 09:30:43.19,ANON013.SH,8.65,3000.0,-1,487123
2000-01-13 09:30:43.58,ANON013.SH,8.64,1200.0,-1,488546
2000-01-13 09:30:43.72,ANON013.SH,8.64,200.0,-1,489001
2000-01-13 09:30:44.02,ANON013.SH,8.64,500.0,-1,489793
2000-01-13 09:30:44.19,ANON013.SH,8.63,700.0,1,490378
2000-01-13 09:30:44.25,ANON013.SH,8.64,100.0,-1,490618
2000-01-13 09:30:44.36,ANON013.SH,8.64,200.0,1,490835
2000-01-13 09:30:44.36,ANON013.SH,8.64,100.0,1,490837
2000-01-13 09:30:44.36,ANON013.SH,8.64,100.0,1,490847
2000-01-13 09:30:44.39,ANON013.SH,8.63,200.0,1,490979
2000-01-13 09:30:44.44,ANON013.SH,9.5,4000.0,-1,491219
2000-01-13 09:30:44.52,ANON013.SH,8.62,15000.0,1,491550
2000-01-13 09:30:44.58,ANON013.SH,8.63,3400.0,1,491659
2000-01-13 09:30:44.63,ANON013.SH,8.64,200.0,-1,491810
2000-01-13 09:30:44.72,ANON013.SH,8.63,1500.0,1,492087
2000-01-13 09:30:44.72,ANON013.SH,8.64,100.0,-1,492091
2000-01-13 09:30:44.72,ANON013.SH,8.64,100.0,-1,492096
2000-01-13 09:30:44.72,ANON013.SH,8.64,100.0,-1,492103
2000-01-13 09:30:44.72,ANON013.SH,8.64,100.0,-1,492119
2000-01-13 09:30:44.72,ANON013.SH,8.64,100.0,-1,492137
2000-01-13 09:30:44.72,ANON013.SH,8.66,500.0,-1,492160
2000-01-13 09:30:44.74,ANON013.SH,8.63,1800.0,1,492245
2000-01-13 09:30:44.86,ANON013.SH,8.63,700.0,1,492529
2000-01-13 09:30:45.03,ANON013.SH,8.65,8500.0,-1,493042
2000-01-13 09:30:45.17,ANON013.SH,8.63,5100.0,1,493463
2000-01-13 09:30:45.27,ANON013.SH,8.64,300.0,-1,493851
2000-01-13 09:30:45.5,ANON013.SH,8.64,200.0,1,494597
2000-01-13 09:30:45.5,ANON013.SH,8.64,100.0,1,494598
2000-01-13 09:30:45.5,ANON013.SH,8.64,100.0,1,494599
2000-01-13 09:30:45.58,ANON013.SH,8.64,200.0,1,494748
2000-01-13 09:30:45.58,ANON013.SH,8.64,100.0,1,494749
2000-01-13 09:30:45.58,ANON013.SH,8.64,100.0,1,494750
2000-01-13 09:30:45.58,ANON013.SH,8.64,5600.0,-1,494783
2000-01-13 09:30:45.78,ANON013.SH,8.64,100.0,-1,495431
2000-01-13 09:30:46.52,ANON013.SH,8.62,300.0,1,497592
2000-01-13 09:30:47.25,ANON013.SH,8.63,8600.0,1,499644
2000-01-13 09:30:47.31,ANON013.SH,8.63,3500.0,1,499814
2000-01-13 09:30:47.88,ANON013.SH,8.65,41600.0,-1,501380
2000-01-13 09:30:47.99,ANON013.SH,8.64,300.0,1,501692
2000-01-13 09:30:48.08,ANON013.SH,8.65,200.0,-1,502074
2000-01-13 09:30:48.15,ANON013.SH,8.64,1700.0,-1,502212
2000-01-13 09:30:48.15,ANON013.SH,8.64,300.0,-1,502256
2000-01-13 09:30:48.21,ANON013.SH,8.64,100.0,-1,502392
2000-01-13 09:30:48.21,ANON013.SH,8.76,3000.0,-1,502397
2000-01-13 09:30:48.25,ANON013.SH,8.64,100.0,-1,502486
2000-01-13 09:30:48.35,ANON013.SH,8.65,2000.0,-1,502791
2000-01-13 09:30:48.5,ANON013.SH,8.64,100.0,-1,503209
2000-01-13 09:30:48.5,ANON013.SH,8.64,100.0,-1,503240
2000-01-13 09:30:48.54,ANON013.SH,8.63,200.0,1,503272
2000-01-13 09:30:48.69,ANON013.SH,8.64,200.0,-1,503728
2000-01-13 09:30:48.79,ANON013.SH,8.64,100.0,-1,503963
2000-01-13 09:30:49.08,ANON013.SH,8.64,100.0,-1,504774
2000-01-13 09:30:49.23,ANON013.SH,9.5,1300.0,-1,505283
2000-01-13 09:30:49.7,ANON013.SH,8.64,400.0,-1,506796
2000-01-13 09:30:50.15,ANON013.SH,8.64,2700.0,1,507919
2000-01-13 09:30:50.36,ANON013.SH,8.64,2700.0,-1,508466
2000-01-13 09:30:50.36,ANON013.SH,8.64,2700.0,-1,508488
2000-01-13 09:30:50.36,ANON013.SH,8.64,2700.0,-1,508489
2000-01-13 09:30:50.36,ANON013.SH,8.64,2600.0,-1,508490
2000-01-13 09:30:50.36,ANON013.SH,8.64,2700.0,-1,508491
2000-01-13 09:30:50.36,ANON013.SH,8.64,2700.0,-1,508492
2000-01-13 09:30:50.36,ANON013.SH,8.64,1600.0,-1,508493
2000-01-13 09:30:50.36,ANON013.SH,8.64,2700.0,-1,508494
2000-01-13 09:30:50.36,ANON013.SH,8.64,2400.0,-1,508496
2000-01-13 09:30:50.36,ANON013.SH,8.64,2700.0,-1,508497
2000-01-13 09:30:50.36,ANON013.SH,8.64,2700.0,-1,508498
2000-01-13 09:30:50.36,ANON013.SH,8.64,2700.0,-1,508506
2000-01-13 09:30:50.36,ANON013.SH,8.64,2700.0,-1,508508
2000-01-13 09:30:50.36,ANON013.SH,8.64,2700.0,-1,508509
2000-01-13 09:30:50.36,ANON013.SH,8.64,2600.0,-1,508510
2000-01-13 09:30:50.36,ANON013.SH,8.64,400.0,-1,508519
2000-01-13 09:30:50.39,ANON013.SH,8.64,600.0,-1,508524
2000-01-13 09:30:50.39,ANON013.SH,8.63,15700.0,1,508547
2000-01-13 09:30:50.39,ANON013.SH,8.64,100.0,-1,508553
2000-01-13 09:30:50.77,ANON013.SH,8.65,100.0,-1,509462
2000-01-13 09:30:50.87,ANON013.SH,9.3,22000.0,-1,509610
2000-01-13 09:30:50.94,ANON013.SH,8.64,2300.0,1,509736
2000-01-13 09:30:51.04,ANON013.SH,8.64,4500.0,1,509959
2000-01-13 09:30:51.14,ANON013.SH,8.63,700.0,1,510156
2000-01-13 09:30:51.17,ANON013.SH,8.63,100.0,1,510287
2000-01-13 09:30:51.19,ANON013.SH,8.63,200.0,1,510347
2000-01-13 09:30:51.36,ANON013.SH,8.88,1000.0,-1,510740
2000-01-13 09:30:51.4,ANON013.SH,8.64,6300.0,-1,510887
2000-01-13 09:30:51.4,ANON013.SH,8.64,4700.0,-1,510888
2000-01-13 09:30:51.4,ANON013.SH,8.64,2600.0,-1,510889
2000-01-13 09:30:51.4,ANON013.SH,8.64,2400.0,-1,510890
2000-01-13 09:30:51.4,ANON013.SH,8.64,2700.0,-1,510891
2000-01-13 09:30:51.43,ANON013.SH,8.64,2800.0,-1,510930
2000-01-13 09:30:51.43,ANON013.SH,8.64,6800.0,-1,510954
2000-01-13 09:30:51.43,ANON013.SH,8.64,2800.0,-1,510955
2000-01-13 09:30:51.43,ANON013.SH,8.64,2600.0,-1,510956
2000-01-13 09:30:51.47,ANON013.SH,8.64,100.0,-1,511079
2000-01-13 09:30:51.49,ANON013.SH,8.64,400.0,-1,511105
2000-01-13 09:30:51.49,ANON013.SH,8.64,400.0,-1,511110
2000-01-13 09:30:51.49,ANON013.SH,8.64,200.0,-1,511115
2000-01-13 09:30:51.49,ANON013.SH,8.64,200.0,-1,511116
2000-01-13 09:30:51.52,ANON013.SH,8.64,600.0,-1,511166
2000-01-13 09:30:51.69,ANON013.SH,8.64,1200.0,-1,511625
2000-01-13 09:30:51.72,ANON013.SH,8.64,200.0,-1,511722
2000-01-13 09:30:51.72,ANON013.SH,8.64,200.0,-1,511724
2000-01-13 09:30:51.72,ANON013.SH,8.64,200.0,-1,511725
2000-01-13 09:30:51.72,ANON013.SH,8.64,200.0,-1,511730
2000-01-13 09:30:51.72,ANON013.SH,8.64,200.0,-1,511731
2000-01-13 09:30:51.75,ANON013.SH,8.64,10000.0,-1,511776
2000-01-13 09:30:53.04,ANON013.SH,8.63,300.0,1,514764
2000-01-13 09:30:53.85,ANON013.SH,8.64,200.0,-1,516949
2000-01-13 09:30:53.92,ANON013.SH,8.63,500.0,1,517113
2000-01-13 09:30:54.17,ANON013.SH,8.63,9700.0,1,517758
2000-01-13 09:30:54.44,ANON013.SH,8.64,200.0,1,518460
2000-01-13 09:30:54.44,ANON013.SH,8.64,400.0,1,518472
2000-01-13 09:30:55.06,ANON013.SH,8.68,2000.0,-1,519754
2000-01-13 09:30:55.22,ANON013.SH,8.65,1000.0,-1,520104
2000-01-13 09:30:55.24,ANON013.SH,8.64,3400.0,1,520214
2000-01-13 09:30:56.26,ANON013.SH,8.75,1000.0,-1,522701
2000-01-13 09:30:56.34,ANON013.SH,8.64,3500.0,1,522919
2000-01-13 09:30:56.38,ANON013.SH,8.64,300.0,-1,522998
2000-01-13 09:30:56.56,ANON013.SH,8.63,1600.0,1,523459
2000-01-13 09:30:56.81,ANON013.SH,8.65,100.0,-1,524078
2000-01-13 09:30:56.83,ANON013.SH,8.63,70000.0,1,524121
2000-01-13 09:30:56.89,ANON013.SH,8.64,3500.0,1,524250
2000-01-13 09:30:57.02,ANON013.SH,8.64,4400.0,1,524648
2000-01-13 09:30:57.05,ANON013.SH,8.64,3600.0,1,524702
2000-01-13 09:30:57.21,ANON013.SH,8.57,500.0,1,525063
2000-01-13 09:30:57.42,ANON013.SH,8.3,100.0,1,525512
2000-01-13 09:30:58.01,ANON013.SH,8.64,100.0,1,526654
2000-01-13 09:30:58.14,ANON013.SH,8.68,400.0,-1,526904
2000-01-13 09:30:58.94,ANON013.SH,8.51,4500.0,1,528756
2000-01-13 09:30:59.06,ANON013.SH,8.63,3800.0,1,529052
2000-01-13 09:30:59.41,ANON013.SH,8.65,5000.0,-1,530038
2000-01-13 09:30:59.51,ANON013.SH,8.65,400.0,-1,530200
2000-01-13 09:30:59.82,ANON013.SH,8.65,500.0,-1,530865
2000-01-13 09:30:59.97,ANON013.SH,8.65,2000.0,-1,531144
