datetime,sym,price,size,side,orderid
2000-01-04 09:15:00.01,ANON004.SH,9.75,100.0,1,164
2000-01-04 09:15:00.29,ANON004.SH,10.21,100.0,-1,1016
2000-01-04 09:15:00.29,ANON004.SH,9.99,200.0,-1,1287
2000-01-04 09:15:00.4,ANON004.SH,10.09,100.0,-1,1901
2000-01-04 09:15:00.4,ANON004.SH,10.29,100.0,-1,1902
2000-01-04 09:15:00.4,ANON004.SH,10.49,400.0,-1,1903
2000-01-04 09:15:00.4,ANON004.SH,10.53,300.0,-1,1904
2000-01-04 09:15:00.42,ANON004.SH,10.64,1100.0,-1,2315
2000-01-04 09:15:00.52,ANON004.SH,10.79,1200.0,-1,2940
2000-01-04 09:15:00.88,ANON004.SH,10.5,500.0,-1,3798
2000-01-04 09:15:00.88,ANON004.SH,10.84,1000.0,-1,3813
2000-01-04 09:15:00.88,ANON004.SH,9.75,10000.0,1,3888
2000-01-04 09:15:00.88,ANON004.SH,9.7,700.0,1,3945
2000-01-04 09:15:00.94,ANON004.SH,10.84,500.0,-1,4587
2000-01-04 09:15:01.13,ANON004.SH,9.97,1000.0,-1,4945
2000-01-04 09:15:01.15,ANON004.SH,9.78,2600.0,1,5248
2000-01-04 09:15:01.18,ANON004.SH,10.15,1300.0,-1,6154
2000-01-04 09:15:01.18,ANON004.SH,10.45,1300.0,-1,6186
2000-01-04 09:15:01.18,ANON004.SH,10.75,1300.0,-1,6209
2000-01-04 09:15:01.18,ANON004.SH,9.75,300.0,1,6489
2000-01-04 09:15:01.26,ANON004.SH,9.6,200.0,1,7052
2000-01-04 09:15:01.32,ANON004.SH,10.33,7000.0,-1,8222
2000-01-04 09:15:01.37,ANON004.SH,10.4,100.0,-1,8407
2000-01-04 09:15:01.4,ANON004.SH,10.8,400.0,-1,8742
2000-01-04 09:15:01.49,ANON004.SH,10.84,1000.0,-1,9122
2000-01-04 09:15:01.51,ANON004.SH,9.68,1200.0,-1,9355
2000-01-04 09:15:01.51,ANON004.SH,10.84,2200.0,-1,9453
2000-01-04 09:15:01.54,ANON004.SH,10.42,500.0,-1,9528
2000-01-04 09:15:01.54,ANON004.SH,10.19,100.0,-1,9549
2000-01-04 09:15:01.54,ANON004.SH,10.39,100.0,-1,9577
2000-01-04 09:15:01.54,ANON004.SH,10.79,100.0,-1,9637
2000-01-04 09:15:01.56,ANON004.SH,9.43,400.0,1,10069
2000-01-04 09:15:01.56,ANON004.SH,9.75,100.0,1,10253
2000-01-04 09:15:01.56,ANON004.SH,10.06,400.0,-1,10256
2000-01-04 09:15:01.56,ANON004.SH,10.73,200.0,-1,10287
2000-01-04 09:15:01.64,ANON004.SH,10.58,300.0,-1,10502
2000-01-04 09:15:01.64,ANON004.SH,9.58,300.0,1,10512
2000-01-04 09:15:01.66,ANON004.SH,10.84,500.0,-1,10953
2000-01-04 09:15:01.69,ANON004.SH,10.68,100.0,-1,11331
2000-01-04 09:15:01.69,ANON004.SH,10.3,4000.0,-1,11435
2000-01-04 09:15:01.69,ANON004.SH,9.6,4000.0,1,11436
2000-01-04 09:15:01.74,ANON004.SH,10.84,200.0,-1,12172
2000-01-04 09:15:01.74,ANON004.SH,9.16,200.0,1,12173
2000-01-04 09:15:01.74,ANON004.SH,10.1,4000.0,-1,12342
2000-01-04 09:15:01.74,ANON004.SH,10.7,4000.0,-1,12343
2000-01-04 09:15:01.74,ANON004.SH,10.24,500.0,-1,12557
2000-01-04 09:15:01.74,ANON004.SH,10.34,1000.0,-1,12566
2000-01-04 09:15:01.74,ANON004.SH,10.5,4000.0,-1,12695
2000-01-04 09:15:01.74,ANON004.SH,9.4,4000.0,1,12727
2000-01-04 09:15:01.74,ANON004.SH,9.97,3300.0,-1,12994
2000-01-04 09:15:01.74,ANON004.SH,10.8,2000.0,-1,13412
2000-01-04 09:15:01.74,ANON004.SH,10.84,1300.0,-1,13459
2000-01-04 09:15:01.74,ANON004.SH,10.8,100.0,-1,13631
2000-01-04 09:15:01.74,ANON004.SH,10.27,1000.0,-1,13673
2000-01-04 09:15:01.74,ANON004.SH,10.81,1200.0,-1,13674
2000-01-04 09:15:01.74,ANON004.SH,10.65,1200.0,-1,13808
2000-01-04 09:15:01.83,ANON004.SH,10.84,400.0,-1,13833
2000-01-04 09:15:01.83,ANON004.SH,9.84,1200.0,-1,13887
2000-01-04 09:15:01.83,ANON004.SH,9.51,1800.0,1,14081
2000-01-04 09:15:01.83,ANON004.SH,10.25,200.0,-1,14086
2000-01-04 09:15:01.83,ANON004.SH,10.55,100.0,-1,14482
2000-01-04 09:15:01.83,ANON004.SH,10.83,2400.0,-1,14660
2000-01-04 09:15:01.83,ANON004.SH,8.87,4800.0,1,14661
2000-01-04 09:15:01.83,ANON004.SH,10.84,100.0,-1,14672
2000-01-04 09:15:01.83,ANON004.SH,8.88,4000.0,1,14757
2000-01-04 09:15:01.83,ANON004.SH,10.22,200.0,-1,14870
2000-01-04 09:15:01.91,ANON004.SH,10.32,2000.0,-1,15473
2000-01-04 09:15:01.91,ANON004.SH,9.55,4000.0,1,15968
2000-01-04 09:15:01.91,ANON004.SH,10.84,900.0,-1,15990
2000-01-04 09:15:01.91,ANON004.SH,10.68,400.0,-1,16236
2000-01-04 09:15:01.91,ANON004.SH,10.64,1000.0,-1,16892
2000-01-04 09:15:01.91,ANON004.SH,8.91,600.0,1,16965
2000-01-04 09:15:02.02,ANON004.SH,10.83,1000.0,-1,17049
2000-01-04 09:15:02.02,ANON004.SH,10.84,900.0,-1,17577
2000-01-04 09:15:02.02,ANON004.SH,10.3,200.0,-1,17813
2000-01-04 09:15:02.02,ANON004.SH,9.62,100.0,1,18024
2000-01-04 09:15:02.02,ANON004.SH,9.52,100.0,1,18034
2000-01-04 09:15:02.02,ANON004.SH,9.42,100.0,1,18035
2000-01-04 09:15:02.02,ANON004.SH,9.32,100.0,1,18043
2000-01-04 09:15:02.02,ANON004.SH,9.22,100.0,1,18053
2000-01-04 09:15:02.02,ANON004.SH,9.12,100.0,1,18072
2000-01-04 09:15:02.02,ANON004.SH,9.4,500.0,1,18310
2000-01-04 09:15:02.02,ANON004.SH,10.66,400.0,-1,18465
2000-01-04 09:15:02.02,ANON004.SH,10.72,300.0,-1,18475
2000-01-04 09:15:02.02,ANON004.SH,10.66,300.0,-1,18476
2000-01-04 09:15:02.02,ANON004.SH,9.72,2800.0,1,18487
2000-01-04 09:15:02.02,ANON004.SH,10.31,1000.0,-1,18593
2000-01-04 09:15:02.02,ANON004.SH,10.81,2000.0,-1,18605
2000-01-04 09:15:02.02,ANON004.SH,10.45,800.0,-1,18816
2000-01-04 09:15:02.02,ANON004.SH,9.85,1000.0,1,18819
2000-01-04 09:15:02.14,ANON004.SH,10.3,8400.0,-1,19402
2000-01-04 09:15:02.14,ANON004.SH,9.85,100.0,-1,19427
2000-01-04 09:15:02.14,ANON004.SH,10.68,500.0,-1,19554
2000-01-04 09:15:02.14,ANON004.SH,10.0,500.0,-1,19814
2000-01-04 09:15:02.14,ANON004.SH,10.78,1000.0,-1,20094
2000-01-04 09:15:02.14,ANON004.SH,9.68,1100.0,1,20112
2000-01-04 09:15:02.24,ANON004.SH,9.35,1000.0,1,20622
2000-01-04 09:15:02.24,ANON004.SH,10.15,5000.0,-1,20894
2000-01-04 09:15:02.24,ANON004.SH,10.38,300.0,-1,21001
2000-01-04 09:15:02.24,ANON004.SH,9.85,1000.0,1,21360
2000-01-04 09:15:02.24,ANON004.SH,9.35,800.0,1,21681
2000-01-04 09:15:02.24,ANON004.SH,9.05,1000.0,1,21685
2000-01-04 09:15:02.24,ANON004.SH,10.33,1000.0,-1,21694
2000-01-04 09:15:02.24,ANON004.SH,9.84,500.0,-1,21712
2000-01-04 09:15:02.24,ANON004.SH,9.85,100.0,1,21894
2000-01-04 09:15:02.24,ANON004.SH,10.15,1000.0,-1,22393
2000-01-04 09:15:02.24,ANON004.SH,9.46,700.0,1,22394
2000-01-04 09:15:02.24,ANON004.SH,9.86,5000.0,-1,22402
2000-01-04 09:15:02.38,ANON004.SH,10.83,600.0,-1,22520
2000-01-04 09:15:02.38,ANON004.SH,9.91,4900.0,-1,22836
2000-01-04 09:15:02.38,ANON004.SH,10.84,300.0,-1,22927
2000-01-04 09:15:02.38,ANON004.SH,10.15,10100.0,-1,23033
2000-01-04 09:15:02.38,ANON004.SH,10.55,1000.0,-1,23469
2000-01-04 09:15:02.38,ANON004.SH,9.53,2000.0,1,23482
2000-01-04 09:15:02.38,ANON004.SH,10.3,200.0,-1,23786
2000-01-04 09:15:02.38,ANON004.SH,10.6,100.0,-1,24323
2000-01-04 09:15:02.38,ANON004.SH,10.76,2000.0,-1,24427
2000-01-04 09:15:02.5,ANON004.SH,10.33,2000.0,-1,24866
2000-01-04 09:15:02.5,ANON004.SH,10.3,200.0,-1,25138
2000-01-04 09:15:02.5,ANON004.SH,9.7,200.0,1,25139
2000-01-04 09:15:02.5,ANON004.SH,10.7,100.0,-1,25173
2000-01-04 09:15:02.5,ANON004.SH,10.84,2000.0,-1,25249
2000-01-04 09:15:02.61,ANON004.SH,10.48,500.0,-1,26289
2000-01-04 09:15:02.61,ANON004.SH,9.7,500.0,1,26674
2000-01-04 09:15:02.61,ANON004.SH,10.03,500.0,-1,26675
2000-01-04 09:15:02.61,ANON004.SH,10.49,4500.0,-1,27306
2000-01-04 09:15:02.61,ANON004.SH,10.84,4400.0,-1,27313
2000-01-04 09:15:02.61,ANON004.SH,9.7,4900.0,1,27331
2000-01-04 09:15:02.61,ANON004.SH,10.09,4000.0,-1,27441
2000-01-04 09:15:02.61,ANON004.SH,10.19,4000.0,-1,27462
2000-01-04 09:15:02.61,ANON004.SH,9.35,4000.0,1,27534
2000-01-04 09:15:02.76,ANON004.SH,10.84,700.0,-1,28689
2000-01-04 09:15:02.76,ANON004.SH,9.5,500.0,1,29570
2000-01-04 09:15:02.76,ANON004.SH,9.85,500.0,1,29745
2000-01-04 09:15:02.76,ANON004.SH,10.17,300.0,-1,29795
2000-01-04 09:15:02.76,ANON004.SH,9.7,100.0,1,29804
2000-01-04 09:15:02.76,ANON004.SH,9.6,100.0,1,29811
2000-01-04 09:15:02.76,ANON004.SH,9.5,100.0,1,29824
2000-01-04 09:15:02.76,ANON004.SH,9.4,100.0,1,29882
2000-01-04 09:15:02.76,ANON004.SH,9.3,100.0,1,29943
2000-01-04 09:15:02.76,ANON004.SH,9.2,100.0,1,29953
2000-01-04 09:15:02.76,ANON004.SH,9.1,100.0,1,29977
2000-01-04 09:15:02.76,ANON004.SH,9.0,100.0,1,29982
2000-01-04 09:15:02.76,ANON004.SH,8.9,100.0,1,29994
2000-01-04 09:15:02.76,ANON004.SH,9.84,200.0,-1,29996
2000-01-04 09:15:02.76,ANON004.SH,10.2,100.0,-1,30008
2000-01-04 09:15:02.76,ANON004.SH,10.3,100.0,-1,30017
2000-01-04 09:15:02.76,ANON004.SH,10.4,100.0,-1,30033
2000-01-04 09:15:02.76,ANON004.SH,10.5,100.0,-1,30049
2000-01-04 09:15:02.76,ANON004.SH,10.6,100.0,-1,30062
2000-01-04 09:15:02.76,ANON004.SH,10.7,100.0,-1,30085
2000-01-04 09:15:02.89,ANON004.SH,10.8,100.0,-1,30106
2000-01-04 09:15:02.89,ANON004.SH,8.88,100.0,1,30194
2000-01-04 09:15:02.89,ANON004.SH,9.75,5000.0,1,30525
2000-01-04 09:15:02.89,ANON004.SH,9.7,5000.0,1,30527
2000-01-04 09:15:02.89,ANON004.SH,9.65,5000.0,1,30529
2000-01-04 09:15:02.89,ANON004.SH,9.6,5000.0,1,30531
2000-01-04 09:15:02.89,ANON004.SH,10.3,1000.0,-1,30564
2000-01-04 09:15:02.89,ANON004.SH,10.31,1000.0,-1,30565
2000-01-04 09:15:02.89,ANON004.SH,10.33,3300.0,-1,30566
2000-01-04 09:15:02.89,ANON004.SH,9.55,5000.0,1,30997
2000-01-04 09:15:02.89,ANON004.SH,9.5,5200.0,1,30998
2000-01-04 09:15:02.89,ANON004.SH,10.57,100.0,-1,31203
2000-01-04 09:15:02.89,ANON004.SH,9.85,100.0,1,31317
2000-01-04 09:15:02.89,ANON004.SH,10.59,500.0,-1,31376
2000-01-04 09:15:02.89,ANON004.SH,10.84,100.0,-1,31382
2000-01-04 09:15:02.89,ANON004.SH,9.95,1500.0,-1,31810
2000-01-04 09:15:02.89,ANON004.SH,10.05,1500.0,-1,31812
2000-01-04 09:15:02.89,ANON004.SH,10.15,1500.0,-1,31813
2000-01-04 09:15:02.89,ANON004.SH,10.24,1500.0,-1,31835
2000-01-04 09:15:02.89,ANON004.SH,10.34,1500.0,-1,31838
2000-01-04 09:15:02.89,ANON004.SH,10.44,1500.0,-1,31839
2000-01-04 09:15:02.89,ANON004.SH,10.54,1500.0,-1,31846
2000-01-04 09:15:02.89,ANON004.SH,10.64,1500.0,-1,31848
2000-01-04 09:15:02.89,ANON004.SH,10.74,1500.0,-1,31849
2000-01-04 09:15:02.89,ANON004.SH,10.84,1500.0,-1,31850
2000-01-04 09:15:03.01,ANON004.SH,10.15,300.0,-1,32234
2000-01-04 09:15:03.01,ANON004.SH,9.71,100.0,1,32271
2000-01-04 09:15:03.01,ANON004.SH,9.61,800.0,1,32272
2000-01-04 09:15:03.01,ANON004.SH,9.41,100.0,1,32286
2000-01-04 09:15:03.01,ANON004.SH,9.21,100.0,1,32288
2000-01-04 09:15:03.01,ANON004.SH,9.7,100.0,1,32549
2000-01-04 09:15:03.01,ANON004.SH,9.65,200.0,1,32715
2000-01-04 09:15:03.01,ANON004.SH,10.26,100.0,-1,32733
2000-01-04 09:15:03.01,ANON004.SH,9.4,400.0,1,32757
2000-01-04 09:15:03.01,ANON004.SH,10.19,1000.0,-1,33075
2000-01-04 09:15:03.01,ANON004.SH,10.19,1000.0,-1,33207
2000-01-04 09:15:03.01,ANON004.SH,10.08,1000.0,-1,33240
2000-01-04 09:15:03.01,ANON004.SH,10.19,1000.0,-1,33355
2000-01-04 09:15:03.01,ANON004.SH,10.33,100.0,-1,33404
2000-01-04 09:15:03.01,ANON004.SH,10.2,500.0,-1,33742
2000-01-04 09:15:03.01,ANON004.SH,9.75,1000.0,1,33780
2000-01-04 09:15:03.01,ANON004.SH,10.3,900.0,-1,33910
2000-01-04 09:15:03.13,ANON004.SH,10.8,100.0,-1,34175
2000-01-04 09:15:03.13,ANON004.SH,10.4,3000.0,-1,34601
2000-01-04 09:15:03.13,ANON004.SH,9.96,1000.0,-1,34764
2000-01-04 09:15:03.13,ANON004.SH,10.32,500.0,-1,34880
2000-01-04 09:15:03.13,ANON004.SH,10.13,500.0,-1,34882
2000-01-04 09:15:03.13,ANON004.SH,9.58,1600.0,1,35001
2000-01-04 09:15:03.13,ANON004.SH,10.52,10000.0,-1,35349
2000-01-04 09:15:03.13,ANON004.SH,10.53,10000.0,-1,35352
2000-01-04 09:15:03.13,ANON004.SH,10.48,5000.0,-1,35353
2000-01-04 09:15:03.13,ANON004.SH,10.49,5000.0,-1,35357
2000-01-04 09:15:03.13,ANON004.SH,9.67,900.0,1,35768
2000-01-04 09:15:03.13,ANON004.SH,10.71,10000.0,-1,35853
2000-01-04 09:15:03.13,ANON004.SH,10.84,20000.0,-1,35855
2000-01-04 09:15:03.13,ANON004.SH,10.55,5000.0,-1,35865
2000-01-04 09:15:03.13,ANON004.SH,10.53,3000.0,-1,35866
2000-01-04 09:15:03.26,ANON004.SH,10.4,500.0,-1,36377
2000-01-04 09:15:03.26,ANON004.SH,10.84,5600.0,-1,36496
2000-01-04 09:15:03.26,ANON004.SH,9.93,800.0,-1,37055
2000-01-04 09:15:03.26,ANON004.SH,9.98,800.0,-1,37056
2000-01-04 09:15:03.26,ANON004.SH,10.03,800.0,-1,37062
2000-01-04 09:15:03.26,ANON004.SH,10.74,500.0,-1,37067
2000-01-04 09:15:03.4,ANON004.SH,10.3,5300.0,-1,38900
2000-01-04 09:15:03.4,ANON004.SH,9.85,100.0,1,38930
2000-01-04 09:15:03.4,ANON004.SH,9.65,200.0,1,39023
2000-01-04 09:15:03.4,ANON004.SH,10.05,100.0,-1,39024
2000-01-04 09:15:03.4,ANON004.SH,9.68,500.0,1,39459
2000-01-04 09:15:03.4,ANON004.SH,10.12,100.0,-1,39464
2000-01-04 09:15:03.55,ANON004.SH,10.02,400.0,-1,40378
2000-01-04 09:15:03.55,ANON004.SH,10.35,2000.0,-1,40391
2000-01-04 09:15:03.55,ANON004.SH,10.0,500.0,-1,40392
2000-01-04 09:15:03.55,ANON004.SH,10.2,1000.0,-1,40429
2000-01-04 09:15:03.62,ANON004.SH,10.39,3000.0,-1,41267
2000-01-04 09:15:03.62,ANON004.SH,9.51,100.0,1,41365
2000-01-04 09:15:03.62,ANON004.SH,9.43,100.0,1,41366
2000-01-04 09:15:03.62,ANON004.SH,9.35,200.0,1,41370
2000-01-04 09:15:03.62,ANON004.SH,9.3,300.0,1,41371
2000-01-04 09:15:03.62,ANON004.SH,9.25,400.0,1,41373
2000-01-04 09:15:03.62,ANON004.SH,9.2,500.0,1,41374
2000-01-04 09:15:03.62,ANON004.SH,9.15,600.0,1,41376
2000-01-04 09:15:03.62,ANON004.SH,9.1,700.0,1,41377
2000-01-04 09:15:03.62,ANON004.SH,9.05,800.0,1,41382
2000-01-04 09:15:03.62,ANON004.SH,9.01,900.0,1,41383
2000-01-04 09:15:03.62,ANON004.SH,8.96,1000.0,1,41386
2000-01-04 09:15:03.62,ANON004.SH,8.91,1100.0,1,41387
2000-01-04 09:15:03.62,ANON004.SH,8.87,1300.0,1,41390
2000-01-04 09:15:03.62,ANON004.SH,10.22,100.0,-1,41391
2000-01-04 09:15:03.62,ANON004.SH,10.32,100.0,-1,41394
2000-01-04 09:15:03.62,ANON004.SH,10.38,100.0,-1,41395
2000-01-04 09:15:03.62,ANON004.SH,10.45,200.0,-1,41399
2000-01-04 09:15:03.62,ANON004.SH,10.7,300.0,-1,41402
2000-01-04 09:15:03.62,ANON004.SH,10.83,300.0,-1,41403
2000-01-04 09:15:03.62,ANON004.SH,10.8,2100.0,-1,42238
2000-01-04 09:15:03.62,ANON004.SH,10.01,2000.0,-1,42314
2000-01-04 09:15:03.62,ANON004.SH,10.36,2000.0,-1,42315
2000-01-04 09:15:03.62,ANON004.SH,10.72,2000.0,-1,42322
2000-01-04 09:15:03.62,ANON004.SH,10.8,10000.0,-1,42542
2000-01-04 09:15:03.75,ANON004.SH,9.7,100.0,1,42773
2000-01-04 09:15:03.75,ANON004.SH,9.7,100.0,1,42774
2000-01-04 09:15:03.75,ANON004.SH,9.98,700.0,-1,42826
2000-01-04 09:15:03.75,ANON004.SH,9.73,100.0,1,43087
2000-01-04 09:15:03.75,ANON004.SH,9.75,100.0,1,43088
2000-01-04 09:15:03.75,ANON004.SH,9.77,100.0,1,43089
2000-01-04 09:15:03.75,ANON004.SH,10.2,2000.0,-1,43123
2000-01-04 09:15:03.75,ANON004.SH,10.29,100.0,-1,43362
2000-01-04 09:15:03.75,ANON004.SH,9.5,2000.0,1,43380
2000-01-04 09:15:03.75,ANON004.SH,10.1,1500.0,-1,43818
2000-01-04 09:15:03.75,ANON004.SH,8.87,4800.0,1,43938
2000-01-04 09:15:03.75,ANON004.SH,10.2,500.0,-1,44013
2000-01-04 09:15:03.75,ANON004.SH,10.8,200.0,-1,44144
2000-01-04 09:15:03.75,ANON004.SH,10.35,2000.0,-1,44254
2000-01-04 09:15:03.75,ANON004.SH,10.7,100.0,-1,44284
2000-01-04 09:15:03.75,ANON004.SH,10.6,100.0,-1,44286
2000-01-04 09:15:03.75,ANON004.SH,10.32,100.0,-1,44370
2000-01-04 09:15:03.75,ANON004.SH,9.65,1000.0,1,44410
2000-01-04 09:15:03.75,ANON004.SH,10.35,1000.0,-1,44411
2000-01-04 09:15:03.88,ANON004.SH,9.96,4900.0,-1,44748
2000-01-04 09:15:03.88,ANON004.SH,9.68,900.0,1,44936
2000-01-04 09:15:03.88,ANON004.SH,10.78,5000.0,-1,45210
2000-01-04 09:15:03.88,ANON004.SH,10.15,20000.0,-1,45229
2000-01-04 09:15:03.88,ANON004.SH,10.52,200.0,-1,45592
2000-01-04 09:15:03.88,ANON004.SH,10.84,400.0,-1,45731
2000-01-04 09:15:03.88,ANON004.SH,9.99,3000.0,-1,45834
2000-01-04 09:15:03.88,ANON004.SH,9.73,500.0,1,45958
2000-01-04 09:15:03.88,ANON004.SH,10.16,200.0,-1,45962
2000-01-04 09:15:03.88,ANON004.SH,9.9,500.0,-1,45980
2000-01-04 09:15:03.88,ANON004.SH,10.38,2000.0,-1,46093
2000-01-04 09:15:03.88,ANON004.SH,10.2,500.0,-1,46145
2000-01-04 09:15:03.88,ANON004.SH,9.51,100.0,1,46225
2000-01-04 09:15:03.88,ANON004.SH,10.09,100.0,-1,46231
2000-01-04 09:15:03.88,ANON004.SH,9.61,100.0,1,46308
2000-01-04 09:15:03.88,ANON004.SH,9.94,4000.0,-1,46321
2000-01-04 09:15:03.88,ANON004.SH,10.05,1500.0,-1,46465
2000-01-04 09:15:03.88,ANON004.SH,9.71,100.0,1,46520
2000-01-04 09:15:03.88,ANON004.SH,9.72,100.0,1,46532
2000-01-04 09:15:03.88,ANON004.SH,9.74,100.0,1,46536
2000-01-04 09:15:03.88,ANON004.SH,9.76,100.0,1,46547
2000-01-04 09:15:03.88,ANON004.SH,9.78,100.0,1,46549
2000-01-04 09:15:04.03,ANON004.SH,9.84,100.0,-1,46846
2000-01-04 09:15:04.03,ANON004.SH,10.58,500.0,-1,47121
2000-01-04 09:15:04.03,ANON004.SH,10.09,1000.0,-1,47145
2000-01-04 09:15:04.03,ANON004.SH,10.19,1000.0,-1,47146
2000-01-04 09:15:04.03,ANON004.SH,10.29,1000.0,-1,47147
2000-01-04 09:15:04.03,ANON004.SH,10.38,500.0,-1,47148
2000-01-04 09:15:04.03,ANON004.SH,10.84,3000.0,-1,47150
2000-01-04 09:15:04.03,ANON004.SH,9.69,1000.0,1,47151
2000-01-04 09:15:04.03,ANON004.SH,9.61,1000.0,1,47152
2000-01-04 09:15:04.03,ANON004.SH,9.56,1000.0,1,47153
2000-01-04 09:15:04.03,ANON004.SH,9.76,6000.0,1,47507
2000-01-04 09:15:04.03,ANON004.SH,10.84,200.0,-1,47634
2000-01-04 09:15:04.03,ANON004.SH,8.87,5000.0,1,47657
2000-01-04 09:15:04.03,ANON004.SH,10.35,1100.0,-1,47714
2000-01-04 09:15:04.03,ANON004.SH,10.0,500.0,-1,47917
2000-01-04 09:15:04.03,ANON004.SH,10.19,500.0,-1,47920
2000-01-04 09:15:04.03,ANON004.SH,10.18,100.0,-1,48441
2000-01-04 09:15:04.17,ANON004.SH,10.82,10000.0,-1,48623
2000-01-04 09:15:04.17,ANON004.SH,10.36,6200.0,-1,48625
2000-01-04 09:15:04.17,ANON004.SH,10.31,2300.0,-1,48653
2000-01-04 09:15:04.17,ANON004.SH,9.99,1300.0,-1,48798
2000-01-04 09:15:04.17,ANON004.SH,9.66,13500.0,1,49028
2000-01-04 09:15:04.17,ANON004.SH,9.58,300.0,1,49073
2000-01-04 09:15:04.17,ANON004.SH,10.36,5000.0,-1,49108
2000-01-04 09:15:04.17,ANON004.SH,8.88,1000.0,1,49828
2000-01-04 09:15:04.17,ANON004.SH,10.84,500.0,-1,49973
2000-01-04 09:15:04.17,ANON004.SH,10.2,300.0,-1,50138
2000-01-04 09:15:04.17,ANON004.SH,10.3,300.0,-1,50139
2000-01-04 09:15:04.17,ANON004.SH,10.4,300.0,-1,50140
2000-01-04 09:15:04.17,ANON004.SH,10.5,300.0,-1,50141
2000-01-04 09:15:04.17,ANON004.SH,9.76,1500.0,1,50248
2000-01-04 09:15:04.29,ANON004.SH,10.19,96300.0,-1,50944
2000-01-04 09:15:04.29,ANON004.SH,10.01,300.0,-1,50973
2000-01-04 09:15:04.29,ANON004.SH,9.65,500.0,1,51445
2000-01-04 09:15:04.29,ANON004.SH,9.51,3000.0,1,51531
2000-01-04 09:15:04.37,ANON004.SH,9.18,1000.0,1,51705
2000-01-04 09:15:04.37,ANON004.SH,9.46,1000.0,1,52066
2000-01-04 09:15:04.37,ANON004.SH,10.55,800.0,-1,52132
2000-01-04 09:15:04.37,ANON004.SH,10.81,500.0,-1,52207
2000-01-04 09:15:04.37,ANON004.SH,9.01,400.0,1,52415
2000-01-04 09:15:04.37,ANON004.SH,10.44,500.0,-1,52423
2000-01-04 09:15:04.37,ANON004.SH,10.84,800.0,-1,52594
2000-01-04 09:15:04.37,ANON004.SH,9.55,3400.0,1,52644
2000-01-04 09:15:04.37,ANON004.SH,10.84,200.0,-1,52725
2000-01-04 09:15:04.37,ANON004.SH,10.58,600.0,-1,53308
2000-01-04 09:15:04.37,ANON004.SH,10.8,800.0,-1,53310
2000-01-04 09:15:04.37,ANON004.SH,10.83,3000.0,-1,53320
2000-01-04 09:15:04.37,ANON004.SH,10.54,5000.0,-1,53323
2000-01-04 09:15:04.37,ANON004.SH,10.83,800.0,-1,53458
2000-01-04 09:15:04.49,ANON004.SH,9.69,300.0,1,53958
2000-01-04 09:15:04.49,ANON004.SH,10.84,11900.0,-1,54012
2000-01-04 09:15:04.49,ANON004.SH,10.11,1000.0,-1,54194
2000-01-04 09:15:04.49,ANON004.SH,9.75,200.0,1,54407
2000-01-04 09:15:04.49,ANON004.SH,10.18,1000.0,-1,54623
2000-01-04 09:15:04.49,ANON004.SH,10.33,1000.0,-1,54624
2000-01-04 09:15:04.49,ANON004.SH,10.55,1000.0,-1,54625
2000-01-04 09:15:04.49,ANON004.SH,10.77,1000.0,-1,54626
2000-01-04 09:15:04.49,ANON004.SH,9.68,1000.0,1,55111
2000-01-04 09:15:04.49,ANON004.SH,9.5,600.0,1,55208
2000-01-04 09:15:04.49,ANON004.SH,10.2,600.0,-1,55209
2000-01-04 09:15:04.49,ANON004.SH,10.7,300.0,-1,55448
2000-01-04 09:15:04.64,ANON004.SH,9.8,400.0,1,55685
2000-01-04 09:15:04.64,ANON004.SH,10.29,500.0,-1,55717
2000-01-04 09:15:04.64,ANON004.SH,9.98,7800.0,-1,55748
2000-01-04 09:15:04.64,ANON004.SH,10.13,11200.0,-1,55749
2000-01-04 09:15:04.64,ANON004.SH,10.51,500.0,-1,56010
2000-01-04 09:15:04.64,ANON004.SH,10.61,500.0,-1,56069
2000-01-04 09:15:04.64,ANON004.SH,10.05,11500.0,-1,56483
2000-01-04 09:15:04.73,ANON004.SH,10.84,5800.0,-1,56648
2000-01-04 09:15:04.73,ANON004.SH,10.45,300.0,-1,56840
2000-01-04 09:15:04.73,ANON004.SH,10.29,100.0,-1,56865
2000-01-04 09:15:04.73,ANON004.SH,10.7,800.0,-1,57139
2000-01-04 09:15:04.73,ANON004.SH,10.84,3200.0,-1,57277
2000-01-04 09:15:04.73,ANON004.SH,9.95,10700.0,-1,57932
2000-01-04 09:15:04.73,ANON004.SH,10.3,100.0,-1,57939
2000-01-04 09:15:04.73,ANON004.SH,9.99,15000.0,-1,57982
2000-01-04 09:15:04.73,ANON004.SH,10.35,100.0,-1,58170
2000-01-04 09:15:04.73,ANON004.SH,9.93,8000.0,-1,58220
2000-01-04 09:15:04.73,ANON004.SH,10.83,1000.0,-1,58465
2000-01-04 09:15:04.73,ANON004.SH,10.25,1000.0,-1,58468
2000-01-04 09:15:04.73,ANON004.SH,10.4,200.0,-1,58515
2000-01-04 09:15:04.73,ANON004.SH,10.45,200.0,-1,58521
2000-01-04 09:15:04.86,ANON004.SH,10.55,800.0,-1,58543
2000-01-04 09:15:04.86,ANON004.SH,10.84,800.0,-1,58545
2000-01-04 09:15:04.86,ANON004.SH,9.8,1000.0,1,58650
2000-01-04 09:15:04.86,ANON004.SH,10.4,10000.0,-1,58876
2000-01-04 09:15:04.86,ANON004.SH,10.2,2000.0,-1,58953
2000-01-04 09:15:04.86,ANON004.SH,10.84,100.0,-1,59477
2000-01-04 09:15:04.86,ANON004.SH,10.75,500.0,-1,59663
2000-01-04 09:15:04.86,ANON004.SH,10.8,300.0,-1,59927
2000-01-04 09:15:04.86,ANON004.SH,9.97,400.0,-1,60413
2000-01-04 09:15:05.01,ANON004.SH,10.2,500.0,-1,60512
2000-01-04 09:15:05.01,ANON004.SH,10.2,200.0,-1,60625
2000-01-04 09:15:05.01,ANON004.SH,10.56,300.0,-1,61086
2000-01-04 09:15:05.01,ANON004.SH,10.84,300.0,-1,61087
2000-01-04 09:15:05.01,ANON004.SH,9.98,10000.0,-1,61343
2000-01-04 09:15:05.01,ANON004.SH,10.49,5800.0,-1,61527
2000-01-04 09:15:05.01,ANON004.SH,9.64,100.0,1,62268
2000-01-04 09:15:05.15,ANON004.SH,9.95,500.0,-1,62687
2000-01-04 09:15:05.15,ANON004.SH,10.66,100.0,-1,63093
2000-01-04 09:15:05.15,ANON004.SH,10.83,100.0,-1,63521
2000-01-04 09:15:05.15,ANON004.SH,10.29,100.0,-1,63981
2000-01-04 09:15:05.15,ANON004.SH,10.44,1000.0,-1,64365
2000-01-04 09:15:05.29,ANON004.SH,9.72,1000.0,1,64744
2000-01-04 09:15:05.29,ANON004.SH,9.99,5000.0,-1,65083
2000-01-04 09:15:05.29,ANON004.SH,10.4,300.0,-1,65142
2000-01-04 09:15:05.29,ANON004.SH,10.2,400.0,-1,65203
2000-01-04 09:15:05.29,ANON004.SH,10.0,400.0,-1,65204
2000-01-04 09:15:05.29,ANON004.SH,9.91,1000.0,-1,65578
2000-01-04 09:15:05.29,ANON004.SH,10.66,500.0,-1,65599
2000-01-04 09:15:05.29,ANON004.SH,10.84,3900.0,1,65693
2000-01-04 09:15:05.29,ANON004.SH,10.84,500.0,-1,65716
2000-01-04 09:15:05.29,ANON004.SH,9.5,1000.0,1,65718
2000-01-04 09:15:05.29,ANON004.SH,9.6,400.0,1,65939
2000-01-04 09:15:05.29,ANON004.SH,10.18,1000.0,-1,66220
2000-01-04 09:15:05.43,ANON004.SH,9.3,600.0,1,66557
2000-01-04 09:15:05.43,ANON004.SH,9.85,800.0,-1,66625
2000-01-04 09:15:05.43,ANON004.SH,10.14,2300.0,-1,66863
2000-01-04 09:15:05.43,ANON004.SH,9.7,88300.0,1,66973
2000-01-04 09:15:05.43,ANON004.SH,10.6,500.0,-1,66978
2000-01-04 09:15:05.48,ANON004.SH,10.46,3600.0,-1,67009
2000-01-04 09:15:05.48,ANON004.SH,9.75,1700.0,1,67152
2000-01-04 09:15:05.48,ANON004.SH,9.75,2000.0,1,67287
2000-01-04 09:15:05.48,ANON004.SH,9.76,2000.0,1,67290
2000-01-04 09:15:05.48,ANON004.SH,10.84,500.0,-1,67337
2000-01-04 09:15:05.48,ANON004.SH,9.65,100.0,1,68146
2000-01-04 09:15:05.48,ANON004.SH,9.4,200.0,1,68147
2000-01-04 09:15:05.48,ANON004.SH,9.94,500.0,-1,68352
2000-01-04 09:15:05.48,ANON004.SH,10.01,2000.0,-1,68355
2000-01-04 09:15:05.48,ANON004.SH,10.5,100.0,-1,68685
2000-01-04 09:15:05.62,ANON004.SH,9.75,6000.0,1,69412
2000-01-04 09:15:05.62,ANON004.SH,10.82,1000.0,-1,70110
2000-01-04 09:15:05.62,ANON004.SH,10.19,2000.0,-1,70249
2000-01-04 09:15:05.75,ANON004.SH,10.22,11000.0,-1,71689
2000-01-04 09:15:05.75,ANON004.SH,9.65,500.0,1,71930
2000-01-04 09:15:05.75,ANON004.SH,10.4,9400.0,-1,72366
2000-01-04 09:15:05.75,ANON004.SH,10.2,800.0,-1,72442
2000-01-04 09:15:05.75,ANON004.SH,10.84,2400.0,-1,72486
2000-01-04 09:15:05.88,ANON004.SH,10.38,5000.0,-1,73152
2000-01-04 09:15:05.88,ANON004.SH,10.7,100.0,-1,73201
2000-01-04 09:15:05.88,ANON004.SH,10.8,100.0,-1,73203
2000-01-04 09:15:05.92,ANON004.SH,10.63,100.0,-1,73522
2000-01-04 09:15:05.92,ANON004.SH,9.76,1000.0,1,74142
2000-01-04 09:15:05.92,ANON004.SH,10.3,1000.0,-1,74193
2000-01-04 09:15:05.92,ANON004.SH,10.29,1000.0,-1,74217
2000-01-04 09:15:05.92,ANON004.SH,10.71,2000.0,-1,74593
2000-01-04 09:15:05.92,ANON004.SH,10.4,200.0,-1,74865
2000-01-04 09:15:05.92,ANON004.SH,9.71,2000.0,1,75061
2000-01-04 09:15:05.92,ANON004.SH,9.4,1000.0,1,75244
2000-01-04 09:15:06.07,ANON004.SH,10.3,1000.0,-1,75760
2000-01-04 09:15:06.12,ANON004.SH,10.2,1000.0,-1,76230
2000-01-04 09:15:06.12,ANON004.SH,9.7,200.0,1,76262
2000-01-04 09:15:06.12,ANON004.SH,10.1,200.0,-1,76263
2000-01-04 09:15:06.12,ANON004.SH,9.59,1000.0,1,76551
2000-01-04 09:15:06.12,ANON004.SH,10.03,1000.0,-1,77239
2000-01-04 09:15:06.23,ANON004.SH,10.84,600.0,-1,77462
2000-01-04 09:15:06.23,ANON004.SH,9.88,100.0,-1,78232
2000-01-04 09:15:06.23,ANON004.SH,9.51,500.0,1,78401
2000-01-04 09:15:06.23,ANON004.SH,9.75,2100.0,1,78758
2000-01-04 09:15:06.23,ANON004.SH,10.69,3000.0,-1,78778
2000-01-04 09:15:06.39,ANON004.SH,9.98,3000.0,-1,79465
2000-01-04 09:15:06.39,ANON004.SH,10.08,3000.0,-1,79466
2000-01-04 09:15:06.39,ANON004.SH,10.18,6000.0,-1,79502
2000-01-04 09:15:06.39,ANON004.SH,10.02,10000.0,-1,79763
2000-01-04 09:15:06.39,ANON004.SH,9.58,10000.0,1,79847
2000-01-04 09:15:06.39,ANON004.SH,9.8,1000.0,-1,80035
2000-01-04 09:15:06.39,ANON004.SH,9.46,100.0,1,80125
2000-01-04 09:15:06.39,ANON004.SH,9.8,2000.0,1,80327
2000-01-04 09:15:06.39,ANON004.SH,9.8,200.0,1,80353
2000-01-04 09:15:06.39,ANON004.SH,10.2,200.0,-1,80371
2000-01-04 09:15:06.39,ANON004.SH,10.83,1700.0,-1,80821
2000-01-04 09:15:06.39,ANON004.SH,9.88,2500.0,-1,80849
2000-01-04 09:15:06.39,ANON004.SH,9.78,2200.0,1,80973
2000-01-04 09:15:06.61,ANON004.SH,9.66,2000.0,1,81551
2000-01-04 09:15:06.61,ANON004.SH,9.62,4000.0,1,81552
2000-01-04 09:15:06.61,ANON004.SH,10.18,1000.0,-1,81816
2000-01-04 09:15:06.61,ANON004.SH,9.8,2000.0,1,82341
2000-01-04 09:15:06.61,ANON004.SH,9.68,2000.0,1,82446
2000-01-04 09:15:06.61,ANON004.SH,9.64,2000.0,1,82447
2000-01-04 09:15:06.61,ANON004.SH,9.6,4000.0,1,82448
2000-01-04 09:15:06.61,ANON004.SH,9.65,7000.0,1,82592
2000-01-04 09:15:06.61,ANON004.SH,9.0,100.0,1,82711
2000-01-04 09:15:06.75,ANON004.SH,9.96,2000.0,-1,83021
2000-01-04 09:15:06.75,ANON004.SH,10.45,200.0,-1,83202
2000-01-04 09:15:06.75,ANON004.SH,10.09,700.0,-1,83380
2000-01-04 09:15:06.75,ANON004.SH,10.25,1100.0,-1,83617
2000-01-04 09:15:06.75,ANON004.SH,10.83,1000.0,-1,83663
2000-01-04 09:15:06.75,ANON004.SH,10.45,300.0,-1,83853
2000-01-04 09:15:06.86,ANON004.SH,10.78,1700.0,-1,84648
2000-01-04 09:15:06.86,ANON004.SH,9.4,3800.0,1,84780
2000-01-04 09:15:06.86,ANON004.SH,10.84,1000.0,-1,84854
2000-01-04 09:15:06.86,ANON004.SH,10.08,1000.0,-1,85216
2000-01-04 09:15:06.86,ANON004.SH,9.0,2000.0,1,85240
2000-01-04 09:15:06.86,ANON004.SH,10.8,1000.0,-1,85584
2000-01-04 09:15:06.86,ANON004.SH,10.77,400.0,-1,85664
2000-01-04 09:15:06.86,ANON004.SH,9.99,700.0,-1,85796
2000-01-04 09:15:06.86,ANON004.SH,9.58,200.0,1,86121
2000-01-04 09:15:06.86,ANON004.SH,9.7,200.0,1,86123
2000-01-04 09:15:07,ANON004.SH,10.25,4900.0,-1,86417
2000-01-04 09:15:07,ANON004.SH,9.98,900.0,-1,86914
2000-01-04 09:15:07,ANON004.SH,9.99,1000.0,-1,86915
2000-01-04 09:15:07,ANON004.SH,9.93,1000.0,-1,87007
2000-01-04 09:15:07,ANON004.SH,10.5,4800.0,-1,87148
2000-01-04 09:15:07,ANON004.SH,10.05,400.0,-1,87193
2000-01-04 09:15:07,ANON004.SH,10.08,1000.0,-1,87196
2000-01-04 09:15:07,ANON004.SH,9.76,400.0,1,87200
2000-01-04 09:15:07.07,ANON004.SH,9.5,1500.0,1,87375
2000-01-04 09:15:07.07,ANON004.SH,10.84,200.0,-1,87455
2000-01-04 09:15:07.07,ANON004.SH,10.25,1000.0,-1,87583
2000-01-04 09:15:07.07,ANON004.SH,9.78,100.0,1,87597
2000-01-04 09:15:07.07,ANON004.SH,10.68,1000.0,-1,87861
2000-01-04 09:15:07.19,ANON004.SH,10.14,2000.0,-1,88682
2000-01-04 09:15:07.33,ANON004.SH,9.47,2000.0,1,89650
2000-01-04 09:15:07.33,ANON004.SH,9.97,1200.0,-1,89785
2000-01-04 09:15:07.43,ANON004.SH,10.84,500.0,-1,90198
2000-01-04 09:15:07.45,ANON004.SH,10.2,5900.0,-1,90330
2000-01-04 09:15:07.58,ANON004.SH,10.2,800.0,-1,90983
2000-01-04 09:15:07.59,ANON004.SH,10.33,5500.0,-1,91139
2000-01-04 09:15:07.73,ANON004.SH,9.5,400.0,1,91759
2000-01-04 09:15:07.78,ANON004.SH,10.35,100.0,-1,92007
2000-01-04 09:15:07.78,ANON004.SH,10.55,200.0,-1,92040
2000-01-04 09:15:07.78,ANON004.SH,10.0,12200.0,-1,92061
2000-01-04 09:15:07.82,ANON004.SH,9.08,100.0,1,92164
2000-01-04 09:15:07.82,ANON004.SH,9.75,1000.0,1,92205
2000-01-04 09:15:07.82,ANON004.SH,10.3,3000.0,-1,92261
2000-01-04 09:15:07.98,ANON004.SH,10.8,500.0,-1,93105
2000-01-04 09:15:08,ANON004.SH,9.75,10000.0,1,93146
2000-01-04 09:15:08.01,ANON004.SH,10.3,500.0,-1,93241
2000-01-04 09:15:08.01,ANON004.SH,10.5,500.0,-1,93300
2000-01-04 09:15:08.01,ANON004.SH,10.65,500.0,-1,93308
2000-01-04 09:15:08.01,ANON004.SH,10.67,100.0,-1,93347
2000-01-04 09:15:08.06,ANON004.SH,10.1,500.0,-1,93602
2000-01-04 09:15:08.08,ANON004.SH,9.6,2400.0,1,93673
2000-01-04 09:15:08.08,ANON004.SH,10.25,100.0,-1,93744
2000-01-04 09:15:08.12,ANON004.SH,10.35,100.0,-1,93846
2000-01-04 09:15:08.22,ANON004.SH,9.85,1000.0,-1,94218
2000-01-04 09:15:08.47,ANON004.SH,10.83,2400.0,-1,94996
2000-01-04 09:15:08.47,ANON004.SH,9.75,300.0,1,95003
2000-01-04 09:15:08.54,ANON004.SH,9.69,200.0,1,95271
2000-01-04 09:15:08.58,ANON004.SH,10.4,400.0,-1,95345
2000-01-04 09:15:08.64,ANON004.SH,10.7,100.0,-1,95439
2000-01-04 09:15:08.77,ANON004.SH,9.63,800.0,1,95644
2000-01-04 09:15:08.77,ANON004.SH,10.0,800.0,-1,95647
2000-01-04 09:15:08.85,ANON004.SH,9.98,2000.0,-1,95847
2000-01-04 09:15:11.35,ANON004.SH,9.54,100.0,1,97233
2000-01-04 09:15:11.62,ANON004.SH,10.84,700.0,1,97297
2000-01-04 09:15:13.93,ANON004.SH,9.85,100.0,1,97529
2000-01-04 09:15:15.84,ANON004.SH,9.93,100.0,-1,97742
2000-01-04 09:15:18.85,ANON004.SH,9.97,5000.0,-1,98039
2000-01-04 09:15:39.55,ANON004.SH,10.79,200.0,-1,100170
2000-01-04 09:15:47.47,ANON004.SH,10.66,1000.0,-1,101059
2000-01-04 09:15:49.96,ANON004.SH,10.83,8000.0,-1,101250
2000-01-04 09:15:55.11,ANON004.SH,10.8,200.0,-1,101831
2000-01-04 09:15:55.14,ANON004.SH,9.4,200.0,1,101843
2000-01-04 09:16:04.23,ANON004.SH,9.71,200.0,1,102854
2000-01-04 09:16:09.29,ANON004.SH,10.08,3000.0,-1,103183
2000-01-04 09:16:17.14,ANON004.SH,9.65,100.0,1,103548
2000-01-04 09:16:21.23,ANON004.SH,9.85,2000.0,-1,103760
2000-01-04 09:16:22.36,ANON004.SH,10.2,4400.0,-1,103839
2000-01-04 09:16:25.28,ANON004.SH,9.75,4300.0,1,103978
2000-01-04 09:16:27.6,ANON004.SH,9.4,500.0,1,104138
2000-01-04 09:16:49,ANON004.SH,9.85,200.0,-1,105276
2000-01-04 09:16:58.04,ANON004.SH,9.95,1000.0,-1,105791
2000-01-04 09:17:06.03,ANON004.SH,10.0,1100.0,-1,106359
2000-01-04 09:17:08.84,ANON004.SH,10.44,600.0,-1,106551
2000-01-04 09:17:11.49,ANON004.SH,9.91,2000.0,-1,106716
2000-01-04 09:17:13.12,ANON004.SH,9.7,1500.0,1,106831
2000-01-04 09:17:13.5,ANON004.SH,10.13,5600.0,-1,106849
2000-01-04 09:17:16.23,ANON004.SH,10.84,100.0,-1,107017
2000-01-04 09:17:19.56,ANON004.SH,9.94,2000.0,-1,107227
2000-01-04 09:17:24.95,ANON004.SH,9.85,1000.0,1,107558
2000-01-04 09:17:26.44,ANON004.SH,9.65,2000.0,1,107648
2000-01-04 09:17:30.31,ANON004.SH,9.28,3000.0,1,107883
2000-01-04 09:17:39.27,ANON004.SH,9.7,500.0,1,108440
2000-01-04 09:17:41.45,ANON004.SH,10.33,1300.0,-1,108573
2000-01-04 09:17:41.47,ANON004.SH,10.82,200.0,-1,108576
2000-01-04 09:17:44.72,ANON004.SH,9.96,2000.0,-1,108813
2000-01-04 09:17:51.71,ANON004.SH,10.84,1000.0,-1,109288
2000-01-04 09:17:56.14,ANON004.SH,9.65,500.0,1,109567
2000-01-04 09:17:56.89,ANON004.SH,10.84,500.0,-1,109622
2000-01-04 09:17:58.05,ANON004.SH,10.55,1300.0,-1,109717
2000-01-04 09:18:00.37,ANON004.SH,10.34,100.0,1,109884
2000-01-04 09:18:10.27,ANON004.SH,10.6,1000.0,-1,110594
2000-01-04 09:18:16.54,ANON004.SH,10.3,1000.0,-1,111023
2000-01-04 09:18:23.59,ANON004.SH,9.9,12900.0,-1,111533
2000-01-04 09:18:25.17,ANON004.SH,9.76,600.0,1,111635
2000-01-04 09:18:25.71,ANON004.SH,10.44,100.0,-1,111673
2000-01-04 09:18:27.97,ANON004.SH,9.86,1400.0,1,111814
2000-01-04 09:18:31.69,ANON004.SH,10.66,1000.0,-1,112083
2000-01-04 09:18:35.52,ANON004.SH,9.85,100.0,1,112361
2000-01-04 09:18:41.09,ANON004.SH,9.86,1400.0,1,112741
2000-01-04 09:18:41.24,ANON004.SH,9.65,800.0,1,112758
2000-01-04 09:19:10.88,ANON004.SH,9.85,100.0,1,114889
2000-01-04 09:19:10.98,ANON004.SH,10.84,1000.0,-1,114898
2000-01-04 09:19:14.03,ANON004.SH,10.84,500.0,-1,115138
2000-01-04 09:19:20.95,ANON004.SH,10.05,2500.0,-1,115704
2000-01-04 09:19:22.69,ANON004.SH,10.35,1000.0,-1,115833
2000-01-04 09:19:32.03,ANON004.SH,9.9,1000.0,-1,116562
2000-01-04 09:19:32.64,ANON004.SH,10.3,200.0,-1,116601
2000-01-04 09:19:34.82,ANON004.SH,10.12,2500.0,-1,116777
2000-01-04 09:19:39.47,ANON004.SH,9.7,500.0,1,117118
2000-01-04 09:19:40.46,ANON004.SH,10.38,1000.0,-1,117219
2000-01-04 09:19:42.04,ANON004.SH,10.37,1000.0,-1,117372
2000-01-04 09:19:46.74,ANON004.SH,10.05,800.0,-1,117777
2000-01-04 09:19:52.92,ANON004.SH,9.8,500.0,1,118307
2000-01-04 09:19:55.01,ANON004.SH,10.1,200.0,-1,118469
2000-01-04 09:19:59.69,ANON004.SH,10.0,1100.0,-1,118881
2000-01-04 09:20:03.01,ANON004.SH,9.84,2000.0,-1,119460
2000-01-04 09:20:03.05,ANON004.SH,10.04,400.0,1,119514
2000-01-04 09:20:06.78,ANON004.SH,10.1,400.0,-1,120170
2000-01-04 09:20:07.13,ANON004.SH,10.04,100.0,1,120223
2000-01-04 09:20:10.25,ANON004.SH,10.84,1000.0,1,120615
2000-01-04 09:20:10.49,ANON004.SH,10.84,100.0,1,120663
2000-01-04 09:20:10.56,ANON004.SH,10.84,100.0,1,120679
2000-01-04 09:20:10.57,ANON004.SH,10.84,100.0,1,120681
2000-01-04 09:20:14.7,ANON004.SH,9.1,3000.0,-1,121250
2000-01-04 09:20:15.78,ANON004.SH,10.65,1900.0,-1,121387
2000-01-04 09:20:17.27,ANON004.SH,10.8,1000.0,-1,121539
2000-01-04 09:20:17.66,ANON004.SH,10.58,3500.0,-1,121582
2000-01-04 09:20:17.77,ANON004.SH,10.04,100.0,1,121608
2000-01-04 09:20:17.9,ANON004.SH,10.84,300.0,1,121622
2000-01-04 09:20:19.16,ANON004.SH,10.19,1000.0,-1,121767
2000-01-04 09:20:25.58,ANON004.SH,10.75,1000.0,-1,122524
2000-01-04 09:20:27,ANON004.SH,9.6,700.0,1,122674
2000-01-04 09:20:29.94,ANON004.SH,9.85,200.0,1,123003
2000-01-04 09:20:32.08,ANON004.SH,10.0,1100.0,-1,123230
2000-01-04 09:20:34.07,ANON004.SH,9.5,2500.0,1,123472
2000-01-04 09:20:35.99,ANON004.SH,9.0,300.0,1,123697
2000-01-04 09:20:43.38,ANON004.SH,10.84,300.0,-1,124488
2000-01-04 09:20:49.16,ANON004.SH,9.5,500.0,1,125098
2000-01-04 09:20:50.45,ANON004.SH,9.72,200.0,1,125220
2000-01-04 09:20:50.92,ANON004.SH,10.84,500.0,-1,125279
2000-01-04 09:20:55.91,ANON004.SH,9.85,300.0,1,125824
2000-01-04 09:20:59.29,ANON004.SH,10.35,100.0,-1,126169
2000-01-04 09:21:00.17,ANON004.SH,10.58,5000.0,-1,126258
2000-01-04 09:21:03.52,ANON004.SH,10.84,800.0,-1,126596
2000-01-04 09:21:08.72,ANON004.SH,9.95,500.0,-1,127203
2000-01-04 09:21:10.03,ANON004.SH,9.8,1000.0,1,127336
2000-01-04 09:21:10.2,ANON004.SH,9.68,3000.0,1,127350
2000-01-04 09:21:13.68,ANON004.SH,9.53,300.0,1,127744
2000-01-04 09:21:16.33,ANON004.SH,9.83,1500.0,-1,128030
2000-01-04 09:21:17.71,ANON004.SH,10.04,100.0,1,128176
2000-01-04 09:21:17.84,ANON004.SH,10.84,100.0,1,128188
2000-01-04 09:21:17.96,ANON004.SH,10.3,500.0,-1,128200
2000-01-04 09:21:18.77,ANON004.SH,10.8,200.0,-1,128289
2000-01-04 09:21:19.16,ANON004.SH,9.8,1000.0,1,128324
2000-01-04 09:21:19.33,ANON004.SH,9.59,10000.0,1,128342
2000-01-04 09:21:20.85,ANON004.SH,10.84,100.0,1,128502
2000-01-04 09:21:22.47,ANON004.SH,10.03,1000.0,-1,128665
2000-01-04 09:21:25.42,ANON004.SH,9.95,2000.0,-1,128978
2000-01-04 09:21:26.07,ANON004.SH,9.83,700.0,-1,129058
2000-01-04 09:21:28.66,ANON004.SH,10.3,1000.0,-1,129337
2000-01-04 09:21:29.93,ANON004.SH,9.8,4000.0,-1,129462
2000-01-04 09:21:31.7,ANON004.SH,10.4,1000.0,-1,129689
2000-01-04 09:21:32.14,ANON004.SH,9.76,7600.0,1,129734
2000-01-04 09:21:33.7,ANON004.SH,10.4,1000.0,-1,129906
2000-01-04 09:21:40.25,ANON004.SH,10.2,3000.0,-1,130619
2000-01-04 09:21:42.27,ANON004.SH,9.77,100.0,1,130812
2000-01-04 09:21:46.41,ANON004.SH,9.8,500.0,1,131289
2000-01-04 09:21:47.2,ANON004.SH,9.79,1000.0,1,131372
2000-01-04 09:21:48.35,ANON004.SH,10.5,1000.0,-1,131515
2000-01-04 09:21:59.9,ANON004.SH,9.75,1000.0,1,132767
2000-01-04 09:22:00.66,ANON004.SH,9.81,100.0,1,132826
2000-01-04 09:22:03.65,ANON004.SH,10.3,1100.0,-1,133157
2000-01-04 09:22:04.54,ANON004.SH,10.13,10000.0,-1,133254
2000-01-04 09:22:07.4,ANON004.SH,10.58,5000.0,-1,133578
2000-01-04 09:22:09.66,ANON004.SH,9.7,4000.0,1,133819
2000-01-04 09:22:11.49,ANON004.SH,10.33,100.0,-1,134044
2000-01-04 09:22:13.18,ANON004.SH,9.83,100.0,1,134220
2000-01-04 09:22:14.67,ANON004.SH,10.04,500.0,1,134403
2000-01-04 09:22:16.4,ANON004.SH,10.6,3000.0,-1,134608
2000-01-04 09:22:19.05,ANON004.SH,9.98,5000.0,-1,134898
2000-01-04 09:22:21.29,ANON004.SH,9.84,100.0,1,135151
2000-01-04 09:22:24.63,ANON004.SH,10.2,500.0,-1,135531
2000-01-04 09:22:24.7,ANON004.SH,10.39,100.0,-1,135540
2000-01-04 09:22:28.99,ANON004.SH,10.22,1000.0,-1,136000
2000-01-04 09:22:35.24,ANON004.SH,9.72,10000.0,1,136745
2000-01-04 09:22:35.97,ANON004.SH,10.33,100.0,-1,136837
2000-01-04 09:22:36.87,ANON004.SH,8.9,3300.0,1,136920
2000-01-04 09:22:46.21,ANON004.SH,9.7,2000.0,1,137995
2000-01-04 09:22:48.9,ANON004.SH,9.75,400.0,1,138318
2000-01-04 09:22:49.58,ANON004.SH,10.84,200.0,-1,138402
2000-01-04 09:22:52.71,ANON004.SH,10.1,200.0,-1,138754
2000-01-04 09:22:55.58,ANON004.SH,9.68,1000.0,1,139103
2000-01-04 09:22:57.71,ANON004.SH,9.84,1500.0,-1,139343
2000-01-04 09:23:01.72,ANON004.SH,10.8,1000.0,-1,139806
2000-01-04 09:23:01.97,ANON004.SH,9.99,500.0,-1,139841
2000-01-04 09:23:04.89,ANON004.SH,9.84,1000.0,-1,140169
2000-01-04 09:23:05.74,ANON004.SH,9.82,3000.0,1,140258
2000-01-04 09:23:08.2,ANON004.SH,9.97,4600.0,-1,140554
2000-01-04 09:23:08.74,ANON004.SH,9.97,10000.0,-1,140617
2000-01-04 09:23:11.73,ANON004.SH,9.93,300.0,-1,141013
2000-01-04 09:23:16.64,ANON004.SH,10.25,1500.0,-1,141634
2000-01-04 09:23:17.85,ANON004.SH,9.98,400.0,-1,141811
2000-01-04 09:23:18.02,ANON004.SH,10.58,2900.0,-1,141833
2000-01-04 09:23:18.63,ANON004.SH,10.2,4000.0,-1,141903
2000-01-04 09:23:19.97,ANON004.SH,9.84,200.0,1,142067
2000-01-04 09:23:20.82,ANON004.SH,10.84,100.0,1,142188
2000-01-04 09:23:20.83,ANON004.SH,9.85,100.0,-1,142189
2000-01-04 09:23:21.02,ANON004.SH,9.83,1000.0,-1,142208
2000-01-04 09:23:21.27,ANON004.SH,9.8,1500.0,1,142237
2000-01-04 09:23:21.7,ANON004.SH,9.72,300.0,1,142290
2000-01-04 09:23:23.49,ANON004.SH,9.5,500.0,1,142510
2000-01-04 09:23:24.87,ANON004.SH,9.8,2900.0,-1,142683
2000-01-04 09:23:26.38,ANON004.SH,10.03,400.0,-1,142895
2000-01-04 09:23:26.43,ANON004.SH,10.25,800.0,-1,142902
2000-01-04 09:23:27.09,ANON004.SH,9.84,500.0,-1,143009
2000-01-04 09:23:27.95,ANON004.SH,9.82,5000.0,-1,143152
2000-01-04 09:23:29.36,ANON004.SH,9.88,5200.0,-1,143351
2000-01-04 09:23:29.66,ANON004.SH,9.68,1700.0,1,143397
2000-01-04 09:23:29.87,ANON004.SH,10.84,100.0,1,143435
2000-01-04 09:23:30.72,ANON004.SH,10.04,100.0,1,143576
2000-01-04 09:23:34.73,ANON004.SH,9.84,800.0,-1,144125
2000-01-04 09:23:37.82,ANON004.SH,10.58,5000.0,-1,144567
2000-01-04 09:23:39.09,ANON004.SH,9.8,100.0,-1,144745
2000-01-04 09:23:40.86,ANON004.SH,10.32,7000.0,-1,145001
2000-01-04 09:23:42.26,ANON004.SH,9.84,4000.0,-1,145188
2000-01-04 09:23:44.76,ANON004.SH,9.93,500.0,-1,145537
2000-01-04 09:23:46.52,ANON004.SH,9.75,100.0,1,145783
2000-01-04 09:23:47.21,ANON004.SH,10.4,200.0,-1,145872
2000-01-04 09:23:49.48,ANON004.SH,9.72,100.0,1,146198
2000-01-04 09:23:50.26,ANON004.SH,9.98,500.0,-1,146332
2000-01-04 09:23:52.41,ANON004.SH,9.82,1000.0,1,146643
2000-01-04 09:23:58.44,ANON004.SH,10.03,600.0,-1,147493
2000-01-04 09:23:59.14,ANON004.SH,10.1,4000.0,-1,147586
2000-01-04 09:24:00.13,ANON004.SH,10.34,200.0,1,147791
2000-01-04 09:24:03.29,ANON004.SH,9.85,18100.0,1,148523
2000-01-04 09:24:05.2,ANON004.SH,9.66,700.0,1,148938
2000-01-04 09:24:05.24,ANON004.SH,10.5,200.0,-1,148941
2000-01-04 09:24:05.72,ANON004.SH,10.04,900.0,1,149023
2000-01-04 09:24:05.84,ANON004.SH,10.84,1800.0,1,149046
2000-01-04 09:24:08.83,ANON004.SH,10.84,300.0,1,149603
2000-01-04 09:24:09.18,ANON004.SH,9.78,1000.0,1,149677
2000-01-04 09:24:09.36,ANON004.SH,10.5,1000.0,-1,149704
2000-01-04 09:24:10.04,ANON004.SH,9.9,10100.0,1,149833
2000-01-04 09:24:10.72,ANON004.SH,10.04,100.0,1,149969
2000-01-04 09:24:11.16,ANON004.SH,9.71,200.0,1,150055
2000-01-04 09:24:12.25,ANON004.SH,9.88,10000.0,1,150270
2000-01-04 09:24:13.18,ANON004.SH,9.45,300.0,1,150468
2000-01-04 09:24:16.14,ANON004.SH,9.85,700.0,-1,151098
2000-01-04 09:24:16.82,ANON004.SH,9.78,300.0,-1,151234
2000-01-04 09:24:19.16,ANON004.SH,10.15,100.0,-1,151730
2000-01-04 09:24:21.08,ANON004.SH,9.93,21100.0,-1,152186
2000-01-04 09:24:24.5,ANON004.SH,9.78,2300.0,1,152895
2000-01-04 09:24:24.97,ANON004.SH,9.87,300.0,-1,152980
2000-01-04 09:24:27.06,ANON004.SH,9.68,500.0,1,153447
2000-01-04 09:24:27.65,ANON004.SH,9.84,1000.0,-1,153578
2000-01-04 09:24:27.84,ANON004.SH,9.85,200.0,1,153617
2000-01-04 09:24:29.33,ANON004.SH,9.88,10000.0,-1,153918
2000-01-04 09:24:29.7,ANON004.SH,10.04,100.0,1,154004
2000-01-04 09:24:29.89,ANON004.SH,10.84,200.0,1,154043
2000-01-04 09:24:30.64,ANON004.SH,9.92,1800.0,1,154211
2000-01-04 09:24:32.02,ANON004.SH,10.05,47900.0,1,154597
2000-01-04 09:24:32.51,ANON004.SH,9.83,700.0,-1,154729
2000-01-04 09:24:32.83,ANON004.SH,10.84,3400.0,1,154810
2000-01-04 09:24:33.6,ANON004.SH,9.85,300.0,1,155000
2000-01-04 09:24:35.85,ANON004.SH,10.84,100.0,1,155532
2000-01-04 09:24:36.08,ANON004.SH,9.73,500.0,1,155607
2000-01-04 09:24:36.86,ANON004.SH,9.65,400.0,1,155826
2000-01-04 09:24:38.16,ANON004.SH,10.84,1400.0,1,156172
2000-01-04 09:24:41.51,ANON004.SH,9.85,6200.0,1,157034
2000-01-04 09:24:42.22,ANON004.SH,9.89,300.0,-1,157190
2000-01-04 09:24:42.47,ANON004.SH,10.05,20000.0,-1,157246
2000-01-04 09:24:43.9,ANON004.SH,9.82,2300.0,1,157632
2000-01-04 09:24:44.97,ANON004.SH,9.95,200.0,-1,157975
2000-01-04 09:24:46.1,ANON004.SH,9.9,11400.0,-1,158412
2000-01-04 09:24:47.27,ANON004.SH,9.91,6000.0,-1,158765
2000-01-04 09:24:48.56,ANON004.SH,10.01,600.0,-1,159152
2000-01-04 09:24:50.31,ANON004.SH,10.05,900.0,1,159784
2000-01-04 09:24:50.69,ANON004.SH,9.99,2000.0,1,159998
2000-01-04 09:24:51.5,ANON004.SH,10.1,300.0,1,160335
2000-01-04 09:24:52.25,ANON004.SH,9.86,1000.0,-1,160642
2000-01-04 09:24:53.55,ANON004.SH,10.15,1700.0,-1,161258
2000-01-04 09:24:53.68,ANON004.SH,9.91,100.0,1,161328
2000-01-04 09:24:54.37,ANON004.SH,10.14,200.0,-1,161657
2000-01-04 09:24:55.16,ANON004.SH,9.86,500.0,-1,161973
2000-01-04 09:24:55.5,ANON004.SH,9.71,1000.0,1,162102
2000-01-04 09:24:55.55,ANON004.SH,10.5,200.0,-1,162127
2000-01-04 09:24:55.57,ANON004.SH,10.84,1000.0,-1,162137
2000-01-04 09:24:56.11,ANON004.SH,9.5,1000.0,-1,162437
2000-01-04 09:24:56.39,ANON004.SH,9.9,300.0,-1,162669
2000-01-04 09:24:56.47,ANON004.SH,9.92,300.0,1,162737
2000-01-04 09:24:56.6,ANON004.SH,9.5,600.0,-1,162882
2000-01-04 09:24:56.69,ANON004.SH,9.9,200.0,1,162979
2000-01-04 09:24:56.69,ANON004.SH,9.9,100.0,1,162980
2000-01-04 09:24:56.71,ANON004.SH,9.9,100.0,1,163000
2000-01-04 09:24:56.71,ANON004.SH,9.9,100.0,1,163002
2000-01-04 09:24:56.72,ANON004.SH,10.0,500.0,1,163024
2000-01-04 09:24:56.74,ANON004.SH,9.9,100.0,1,163045
2000-01-04 09:24:56.74,ANON004.SH,9.9,600.0,1,163047
2000-01-04 09:24:56.77,ANON004.SH,10.0,700.0,1,163071
2000-01-04 09:24:57.01,ANON004.SH,9.92,200.0,1,163315
2000-01-04 09:24:57.24,ANON004.SH,9.93,1200.0,1,163515
2000-01-04 09:24:57.29,ANON004.SH,10.36,5200.0,1,163566
2000-01-04 09:24:57.56,ANON004.SH,9.5,800.0,-1,163764
2000-01-04 09:24:57.76,ANON004.SH,10.68,200.0,-1,163956
2000-01-04 09:24:57.8,ANON004.SH,10.1,22300.0,1,163976
2000-01-04 09:24:58.16,ANON004.SH,9.5,2400.0,-1,164361
2000-01-04 09:24:58.5,ANON004.SH,9.5,300.0,-1,164744
2000-01-04 09:24:58.93,ANON004.SH,9.8,2000.0,1,165195
2000-01-04 09:24:59.6,ANON004.SH,9.92,3300.0,1,165839
2000-01-04 09:24:59.62,ANON004.SH,9.92,7500.0,1,165895
2000-01-04 09:30:00.01,ANON004.SH,9.91,15400.0,-1,166659
2000-01-04 09:30:00.06,ANON004.SH,10.83,700.0,-1,166692
2000-01-04 09:30:00.06,ANON004.SH,10.14,500.0,-1,166767
2000-01-04 09:30:00.26,ANON004.SH,9.96,1000.0,-1,167613
2000-01-04 09:30:00.26,ANON004.SH,9.92,1000.0,-1,167658
2000-01-04 09:30:00.26,ANON004.SH,9.92,500.0,-1,167726
2000-01-04 09:30:00.3,ANON004.SH,9.92,30300.0,-1,167805
2000-01-04 09:30:00.8,ANON004.SH,9.91,900.0,-1,168309
2000-01-04 09:30:01.1,ANON004.SH,10.3,6800.0,-1,168986
2000-01-04 09:30:01.1,ANON004.SH,10.0,500.0,-1,169029
2000-01-04 09:30:01.1,ANON004.SH,10.05,500.0,-1,169055
2000-01-04 09:30:01.1,ANON004.SH,10.1,500.0,-1,169120
2000-01-04 09:30:01.31,ANON004.SH,9.9,7000.0,-1,169781
2000-01-04 09:30:01.34,ANON004.SH,9.92,400.0,-1,169885
2000-01-04 09:30:01.46,ANON004.SH,10.06,100.0,-1,170005
2000-01-04 09:30:01.46,ANON004.SH,9.85,1200.0,1,170010
2000-01-04 09:30:01.5,ANON004.SH,9.93,1100.0,-1,170437
2000-01-04 09:30:01.51,ANON004.SH,10.55,1200.0,-1,170565
2000-01-04 09:30:01.55,ANON004.SH,9.92,600.0,-1,170644
2000-01-04 09:30:01.6,ANON004.SH,9.91,200.0,-1,170805
2000-01-04 09:30:01.6,ANON004.SH,9.91,4700.0,-1,170866
2000-01-04 09:30:01.6,ANON004.SH,10.2,15000.0,-1,170910
2000-01-04 09:30:01.6,ANON004.SH,9.85,1000.0,1,170925
2000-01-04 09:30:01.64,ANON004.SH,9.92,1200.0,-1,171147
2000-01-04 09:30:01.64,ANON004.SH,10.25,300.0,-1,171242
2000-01-04 09:30:01.64,ANON004.SH,9.93,400.0,-1,171268
2000-01-04 09:30:01.71,ANON004.SH,9.91,1800.0,-1,171464
2000-01-04 09:30:01.71,ANON004.SH,9.96,300.0,-1,171557
2000-01-04 09:30:01.71,ANON004.SH,9.92,500.0,-1,171789
2000-01-04 09:30:01.76,ANON004.SH,9.98,400.0,-1,172131
2000-01-04 09:30:01.76,ANON004.SH,10.0,400.0,-1,172270
2000-01-04 09:30:01.76,ANON004.SH,9.93,500.0,-1,172555
2000-01-04 09:30:01.76,ANON004.SH,9.92,300.0,-1,172600
2000-01-04 09:30:01.76,ANON004.SH,9.94,2000.0,-1,172650
2000-01-04 09:30:01.76,ANON004.SH,10.84,100.0,-1,172771
2000-01-04 09:30:01.76,ANON004.SH,9.9,100.0,-1,173142
2000-01-04 09:30:01.9,ANON004.SH,9.92,500.0,-1,174037
2000-01-04 09:30:01.9,ANON004.SH,10.1,2000.0,-1,174144
2000-01-04 09:30:01.9,ANON004.SH,9.93,800.0,-1,174175
2000-01-04 09:30:01.9,ANON004.SH,9.91,5000.0,-1,174478
2000-01-04 09:30:01.9,ANON004.SH,9.92,3000.0,-1,174875
2000-01-04 09:30:01.9,ANON004.SH,10.17,100.0,-1,174985
2000-01-04 09:30:01.9,ANON004.SH,10.18,2000.0,-1,175311
2000-01-04 09:30:01.9,ANON004.SH,10.0,2000.0,-1,175376
2000-01-04 09:30:01.9,ANON004.SH,10.33,1000.0,-1,175471
2000-01-04 09:30:01.9,ANON004.SH,10.55,1000.0,-1,175536
2000-01-04 09:30:02.04,ANON004.SH,9.66,2000.0,1,175695
2000-01-04 09:30:02.04,ANON004.SH,9.55,2200.0,1,175770
2000-01-04 09:30:02.04,ANON004.SH,9.86,1000.0,1,176005
2000-01-04 09:30:02.04,ANON004.SH,10.02,2600.0,-1,176131
2000-01-04 09:30:02.04,ANON004.SH,10.0,5500.0,-1,176499
2000-01-04 09:30:02.04,ANON004.SH,9.68,5000.0,1,176628
2000-01-04 09:30:02.04,ANON004.SH,9.99,500.0,-1,176703
2000-01-04 09:30:02.04,ANON004.SH,9.91,700.0,-1,176840
2000-01-04 09:30:02.04,ANON004.SH,10.28,500.0,-1,176850
2000-01-04 09:30:02.04,ANON004.SH,10.33,1500.0,-1,176937
2000-01-04 09:30:02.04,ANON004.SH,9.92,3000.0,-1,176964
2000-01-04 09:30:02.04,ANON004.SH,9.91,100.0,-1,176972
2000-01-04 09:30:02.04,ANON004.SH,10.08,500.0,-1,177052
2000-01-04 09:30:02.18,ANON004.SH,10.76,500.0,-1,177539
2000-01-04 09:30:02.18,ANON004.SH,10.28,500.0,-1,177597
2000-01-04 09:30:02.18,ANON004.SH,9.97,5200.0,-1,177810
2000-01-04 09:30:02.18,ANON004.SH,9.96,700.0,-1,178445
2000-01-04 09:30:02.18,ANON004.SH,10.04,500.0,-1,178515
2000-01-04 09:30:02.18,ANON004.SH,10.2,5400.0,-1,178642
2000-01-04 09:30:02.31,ANON004.SH,9.92,30500.0,-1,179172
2000-01-04 09:30:02.31,ANON004.SH,9.99,1000.0,-1,179626
2000-01-04 09:30:02.31,ANON004.SH,9.92,500.0,-1,179769
2000-01-04 09:30:02.31,ANON004.SH,9.94,500.0,-1,179971
2000-01-04 09:30:02.31,ANON004.SH,9.99,500.0,-1,180027
2000-01-04 09:30:02.31,ANON004.SH,10.0,400.0,-1,180063
2000-01-04 09:30:02.31,ANON004.SH,10.84,2000.0,-1,180309
2000-01-04 09:30:02.31,ANON004.SH,9.97,1000.0,-1,180315
2000-01-04 09:30:02.31,ANON004.SH,9.93,3700.0,-1,180609
2000-01-04 09:30:02.31,ANON004.SH,10.2,1200.0,-1,180711
2000-01-04 09:30:02.46,ANON004.SH,9.96,1500.0,-1,181362
2000-01-04 09:30:02.46,ANON004.SH,10.82,400.0,-1,181695
2000-01-04 09:30:02.46,ANON004.SH,9.9,1200.0,-1,181783
2000-01-04 09:30:02.54,ANON004.SH,10.07,1200.0,-1,182574
2000-01-04 09:30:02.54,ANON004.SH,10.72,1100.0,-1,182846
2000-01-04 09:30:02.54,ANON004.SH,9.96,500.0,-1,183216
2000-01-04 09:30:02.54,ANON004.SH,9.9,600.0,-1,183700
2000-01-04 09:30:02.67,ANON004.SH,9.92,200.0,-1,183991
2000-01-04 09:30:02.67,ANON004.SH,10.33,500.0,-1,184005
2000-01-04 09:30:02.67,ANON004.SH,9.9,500.0,-1,184022
2000-01-04 09:30:02.67,ANON004.SH,10.05,700.0,-1,184313
2000-01-04 09:30:02.67,ANON004.SH,10.11,500.0,-1,184880
2000-01-04 09:30:02.67,ANON004.SH,10.3,500.0,-1,185150
2000-01-04 09:30:02.8,ANON004.SH,10.8,7900.0,-1,185941
2000-01-04 09:30:02.8,ANON004.SH,9.75,1000.0,1,185951
2000-01-04 09:30:02.8,ANON004.SH,9.9,300.0,-1,186474
2000-01-04 09:30:02.8,ANON004.SH,9.94,10000.0,-1,186550
2000-01-04 09:30:02.8,ANON004.SH,9.87,1100.0,1,187240
2000-01-04 09:30:02.8,ANON004.SH,9.92,1000.0,-1,187247
2000-01-04 09:30:02.95,ANON004.SH,10.84,300.0,-1,187705
2000-01-04 09:30:02.95,ANON004.SH,10.83,1200.0,-1,188283
2000-01-04 09:30:02.95,ANON004.SH,9.92,10000.0,-1,188418
2000-01-04 09:30:02.95,ANON004.SH,10.3,1000.0,-1,188524
2000-01-04 09:30:02.95,ANON004.SH,10.08,100.0,-1,188957
2000-01-04 09:30:02.95,ANON004.SH,9.93,1300.0,-1,189110
2000-01-04 09:30:03.09,ANON004.SH,9.8,700.0,1,189511
2000-01-04 09:30:03.09,ANON004.SH,10.33,1600.0,-1,189586
2000-01-04 09:30:03.09,ANON004.SH,10.25,200.0,-1,189755
2000-01-04 09:30:03.09,ANON004.SH,9.9,25000.0,-1,189793
2000-01-04 09:30:03.09,ANON004.SH,9.99,1000.0,-1,190087
2000-01-04 09:30:03.09,ANON004.SH,10.18,500.0,-1,190474
2000-01-04 09:30:03.09,ANON004.SH,9.96,500.0,-1,190784
2000-01-04 09:30:03.22,ANON004.SH,9.92,3000.0,-1,191344
2000-01-04 09:30:03.22,ANON004.SH,10.28,2500.0,-1,191629
2000-01-04 09:30:03.22,ANON004.SH,9.92,3000.0,-1,191730
2000-01-04 09:30:03.22,ANON004.SH,10.17,20000.0,-1,191785
2000-01-04 09:30:03.22,ANON004.SH,10.5,300.0,-1,191851
2000-01-04 09:30:03.31,ANON004.SH,10.84,200.0,-1,192434
2000-01-04 09:30:03.31,ANON004.SH,10.0,300.0,-1,192571
2000-01-04 09:30:03.31,ANON004.SH,10.66,1000.0,-1,192908
2000-01-04 09:30:03.31,ANON004.SH,10.49,300.0,-1,193535
2000-01-04 09:30:03.31,ANON004.SH,10.33,10900.0,-1,193568
2000-01-04 09:30:03.31,ANON004.SH,10.75,1300.0,-1,193570
2000-01-04 09:30:03.31,ANON004.SH,10.09,3000.0,-1,193705
2000-01-04 09:30:03.31,ANON004.SH,9.75,500.0,1,193866
2000-01-04 09:30:03.46,ANON004.SH,9.8,5800.0,1,194247
2000-01-04 09:30:03.46,ANON004.SH,9.98,300.0,-1,194278
2000-01-04 09:30:03.46,ANON004.SH,10.04,1000.0,-1,194379
2000-01-04 09:30:03.46,ANON004.SH,10.18,500.0,-1,194805
2000-01-04 09:30:03.46,ANON004.SH,10.84,300.0,-1,194924
2000-01-04 09:30:03.46,ANON004.SH,10.84,100.0,-1,195006
2000-01-04 09:30:03.46,ANON004.SH,8.9,100.0,1,195013
2000-01-04 09:30:03.46,ANON004.SH,10.2,2000.0,-1,195125
2000-01-04 09:30:03.46,ANON004.SH,10.22,600.0,-1,195271
2000-01-04 09:30:03.46,ANON004.SH,10.01,5000.0,-1,195630
2000-01-04 09:30:03.46,ANON004.SH,10.35,200.0,-1,195647
2000-01-04 09:30:03.6,ANON004.SH,9.96,4000.0,-1,197400
2000-01-04 09:30:03.6,ANON004.SH,9.9,100.0,-1,197707
2000-01-04 09:30:03.6,ANON004.SH,9.9,100.0,-1,197713
2000-01-04 09:30:03.74,ANON004.SH,9.9,500.0,-1,197926
2000-01-04 09:30:03.74,ANON004.SH,9.51,500.0,1,198449
2000-01-04 09:30:03.74,ANON004.SH,9.78,200.0,1,199531
2000-01-04 09:30:03.88,ANON004.SH,9.84,200.0,1,199958
2000-01-04 09:30:03.88,ANON004.SH,9.79,500.0,1,200092
2000-01-04 09:30:03.88,ANON004.SH,9.89,100.0,1,200592
2000-01-04 09:30:03.88,ANON004.SH,9.92,2000.0,-1,201054
2000-01-04 09:30:03.88,ANON004.SH,9.7,4000.0,1,201240
2000-01-04 09:30:03.88,ANON004.SH,9.93,700.0,-1,201474
2000-01-04 09:30:04.03,ANON004.SH,10.84,1700.0,-1,201653
2000-01-04 09:30:04.07,ANON004.SH,9.92,2000.0,-1,202046
2000-01-04 09:30:04.07,ANON004.SH,9.99,300.0,-1,202078
2000-01-04 09:30:04.07,ANON004.SH,9.92,10000.0,-1,202089
2000-01-04 09:30:04.07,ANON004.SH,9.87,3000.0,1,202134
2000-01-04 09:30:04.07,ANON004.SH,10.2,500.0,-1,202484
2000-01-04 09:30:04.07,ANON004.SH,9.98,800.0,-1,202500
2000-01-04 09:30:04.07,ANON004.SH,10.8,1000.0,-1,202502
2000-01-04 09:30:04.07,ANON004.SH,10.05,500.0,-1,202567
2000-01-04 09:30:04.07,ANON004.SH,10.3,1000.0,-1,203353
2000-01-04 09:30:04.07,ANON004.SH,9.92,2000.0,-1,203477
2000-01-04 09:30:04.07,ANON004.SH,9.82,1000.0,1,203488
2000-01-04 09:30:04.23,ANON004.SH,10.33,300.0,-1,203774
2000-01-04 09:30:04.23,ANON004.SH,9.97,300.0,-1,203834
2000-01-04 09:30:04.23,ANON004.SH,9.92,2000.0,-1,203863
2000-01-04 09:30:04.23,ANON004.SH,9.93,300.0,-1,203932
2000-01-04 09:30:04.23,ANON004.SH,9.06,700.0,1,204048
2000-01-04 09:30:04.23,ANON004.SH,9.89,3000.0,-1,204140
2000-01-04 09:30:04.23,ANON004.SH,9.85,500.0,1,204185
2000-01-04 09:30:04.23,ANON004.SH,9.94,10000.0,-1,204274
2000-01-04 09:30:04.23,ANON004.SH,10.05,1000.0,-1,204359
2000-01-04 09:30:04.23,ANON004.SH,10.56,50000.0,-1,204372
2000-01-04 09:30:04.23,ANON004.SH,10.17,200.0,-1,204546
2000-01-04 09:30:04.23,ANON004.SH,9.88,1000.0,1,204592
2000-01-04 09:30:04.23,ANON004.SH,9.89,200.0,-1,204755
2000-01-04 09:30:04.23,ANON004.SH,9.85,9800.0,1,204785
2000-01-04 09:30:04.23,ANON004.SH,9.96,300.0,-1,204789
2000-01-04 09:30:04.23,ANON004.SH,10.4,2000.0,-1,204993
2000-01-04 09:30:04.23,ANON004.SH,9.99,1300.0,-1,205143
2000-01-04 09:30:04.39,ANON004.SH,9.9,300.0,-1,205860
2000-01-04 09:30:04.39,ANON004.SH,9.92,600.0,-1,206006
2000-01-04 09:30:04.39,ANON004.SH,9.96,200.0,-1,206201
2000-01-04 09:30:04.39,ANON004.SH,10.84,1900.0,-1,206273
2000-01-04 09:30:04.39,ANON004.SH,8.96,700.0,1,206942
2000-01-04 09:30:04.39,ANON004.SH,10.0,10000.0,-1,207090
2000-01-04 09:30:04.39,ANON004.SH,9.92,4000.0,-1,207263
2000-01-04 09:30:04.55,ANON004.SH,10.0,3300.0,-1,208012
2000-01-04 09:30:04.55,ANON004.SH,9.88,2000.0,1,208085
2000-01-04 09:30:04.55,ANON004.SH,9.97,6000.0,-1,208112
2000-01-04 09:30:04.55,ANON004.SH,10.01,2500.0,-1,208138
2000-01-04 09:30:04.55,ANON004.SH,9.9,2000.0,-1,208175
2000-01-04 09:30:04.55,ANON004.SH,9.94,3000.0,-1,208397
2000-01-04 09:30:04.55,ANON004.SH,9.92,8000.0,-1,208642
2000-01-04 09:30:04.55,ANON004.SH,9.98,500.0,-1,208675
2000-01-04 09:30:04.55,ANON004.SH,10.26,130000.0,-1,209089
2000-01-04 09:30:04.67,ANON004.SH,9.99,2000.0,-1,209138
2000-01-04 09:30:04.67,ANON004.SH,10.0,500.0,-1,209297
2000-01-04 09:30:04.67,ANON004.SH,10.12,23900.0,-1,209911
2000-01-04 09:30:04.67,ANON004.SH,10.84,1300.0,-1,210075
2000-01-04 09:30:04.67,ANON004.SH,10.29,23200.0,-1,210726
2000-01-04 09:30:04.67,ANON004.SH,10.1,5500.0,-1,210924
2000-01-04 09:30:04.67,ANON004.SH,10.2,1000.0,-1,210971
2000-01-04 09:30:04.82,ANON004.SH,10.14,7200.0,-1,211434
2000-01-04 09:30:04.82,ANON004.SH,10.2,1000.0,-1,211642
2000-01-04 09:30:04.82,ANON004.SH,10.84,1000.0,-1,211769
2000-01-04 09:30:04.82,ANON004.SH,10.05,200.0,-1,211796
2000-01-04 09:30:04.82,ANON004.SH,9.92,1000.0,-1,212698
2000-01-04 09:30:04.82,ANON004.SH,9.88,1700.0,1,212708
2000-01-04 09:30:04.97,ANON004.SH,10.8,1300.0,-1,212848
2000-01-04 09:30:04.97,ANON004.SH,10.0,2000.0,-1,212942
2000-01-04 09:30:04.97,ANON004.SH,10.84,100.0,-1,212978
2000-01-04 09:30:04.97,ANON004.SH,10.84,200.0,-1,213093
2000-01-04 09:30:04.97,ANON004.SH,10.27,500.0,-1,213414
2000-01-04 09:30:04.97,ANON004.SH,10.42,500.0,-1,213435
2000-01-04 09:30:04.97,ANON004.SH,10.83,5000.0,-1,213522
2000-01-04 09:30:04.97,ANON004.SH,10.3,1700.0,-1,213582
2000-01-04 09:30:04.97,ANON004.SH,10.6,3000.0,-1,213966
2000-01-04 09:30:04.97,ANON004.SH,10.52,1000.0,-1,214075
2000-01-04 09:30:04.97,ANON004.SH,9.92,5000.0,-1,214447
2000-01-04 09:30:05.11,ANON004.SH,10.36,3000.0,-1,214837
2000-01-04 09:30:05.11,ANON004.SH,10.17,500.0,-1,214925
2000-01-04 09:30:05.11,ANON004.SH,9.6,3000.0,1,214953
2000-01-04 09:30:05.11,ANON004.SH,10.2,500.0,-1,215451
2000-01-04 09:30:05.11,ANON004.SH,9.92,3300.0,-1,215549
2000-01-04 09:30:05.11,ANON004.SH,9.93,300.0,-1,215553
2000-01-04 09:30:05.11,ANON004.SH,9.5,400.0,1,215872
2000-01-04 09:30:05.11,ANON004.SH,9.92,6000.0,-1,216015
2000-01-04 09:30:05.25,ANON004.SH,10.0,8000.0,-1,217473
2000-01-04 09:30:05.25,ANON004.SH,10.5,1000.0,-1,217583
2000-01-04 09:30:05.25,ANON004.SH,9.92,500.0,-1,217857
2000-01-04 09:30:05.25,ANON004.SH,9.89,100.0,-1,218063
2000-01-04 09:30:05.25,ANON004.SH,8.9,100.0,1,218144
2000-01-04 09:30:05.25,ANON004.SH,10.18,1000.0,-1,218186
2000-01-04 09:30:05.38,ANON004.SH,10.38,1500.0,-1,218493
2000-01-04 09:30:05.38,ANON004.SH,9.8,200.0,1,218560
2000-01-04 09:30:05.38,ANON004.SH,9.97,1000.0,-1,218964
2000-01-04 09:30:05.38,ANON004.SH,10.84,5000.0,-1,219185
2000-01-04 09:30:05.38,ANON004.SH,9.76,5000.0,1,219371
2000-01-04 09:30:05.38,ANON004.SH,9.85,1000.0,1,220045
2000-01-04 09:30:05.38,ANON004.SH,9.9,2000.0,-1,220115
2000-01-04 09:30:05.52,ANON004.SH,10.01,400.0,-1,220704
2000-01-04 09:30:05.52,ANON004.SH,10.15,600.0,-1,220807
2000-01-04 09:30:05.52,ANON004.SH,9.89,5100.0,-1,221249
2000-01-04 09:30:05.52,ANON004.SH,10.24,6900.0,-1,221734
2000-01-04 09:30:05.52,ANON004.SH,9.7,200.0,1,222041
2000-01-04 09:30:05.7,ANON004.SH,9.88,100.0,1,222066
2000-01-04 09:30:05.7,ANON004.SH,10.28,200.0,-1,222718
2000-01-04 09:30:05.7,ANON004.SH,9.8,200.0,1,223097
2000-01-04 09:30:05.7,ANON004.SH,10.1,300.0,-1,223131
2000-01-04 09:30:05.7,ANON004.SH,9.51,2300.0,1,223187
2000-01-04 09:30:05.87,ANON004.SH,9.55,100.0,1,223948
2000-01-04 09:30:05.87,ANON004.SH,9.92,1100.0,-1,224015
2000-01-04 09:30:05.87,ANON004.SH,9.89,7900.0,-1,224757
2000-01-04 09:30:05.87,ANON004.SH,10.2,1000.0,-1,225278
2000-01-04 09:30:05.87,ANON004.SH,10.8,500.0,-1,225291
2000-01-04 09:30:05.87,ANON004.SH,10.15,1000.0,-1,225481
2000-01-04 09:30:06.01,ANON004.SH,9.92,5000.0,-1,225701
2000-01-04 09:30:06.01,ANON004.SH,10.62,1500.0,-1,226299
2000-01-04 09:30:06.01,ANON004.SH,10.0,1000.0,-1,226413
2000-01-04 09:30:06.01,ANON004.SH,10.02,5000.0,-1,226429
2000-01-04 09:30:06.01,ANON004.SH,10.0,1000.0,-1,226665
2000-01-04 09:30:06.01,ANON004.SH,10.1,200.0,-1,226824
2000-01-04 09:30:06.01,ANON004.SH,10.6,500.0,-1,227016
2000-01-04 09:30:06.01,ANON004.SH,10.3,500.0,-1,227042
2000-01-04 09:30:06.01,ANON004.SH,9.88,32400.0,-1,227376
2000-01-04 09:30:06.01,ANON004.SH,9.88,5418.0,-1,227385
2000-01-04 09:30:06.01,ANON004.SH,9.9,100.0,-1,227389
2000-01-04 09:30:06.01,ANON004.SH,9.88,4900.0,-1,227390
2000-01-04 09:30:06.01,ANON004.SH,9.88,300.0,-1,227400
2000-01-04 09:30:06.01,ANON004.SH,9.88,100.0,-1,227405
2000-01-04 09:30:06.01,ANON004.SH,9.88,100.0,-1,227406
2000-01-04 09:30:06.01,ANON004.SH,9.88,100.0,-1,227407
2000-01-04 09:30:06.01,ANON004.SH,9.88,100.0,-1,227408
2000-01-04 09:30:06.01,ANON004.SH,9.88,400.0,-1,227410
2000-01-04 09:30:06.01,ANON004.SH,9.88,200.0,-1,227413
2000-01-04 09:30:06.01,ANON004.SH,9.88,100.0,-1,227414
2000-01-04 09:30:06.01,ANON004.SH,9.88,1000.0,-1,227415
2000-01-04 09:30:06.01,ANON004.SH,9.88,400.0,-1,227416
2000-01-04 09:30:06.01,ANON004.SH,9.88,100.0,-1,227417
2000-01-04 09:30:06.01,ANON004.SH,9.88,200.0,-1,227420
2000-01-04 09:30:06.01,ANON004.SH,9.88,100.0,-1,227424
2000-01-04 09:30:06.01,ANON004.SH,9.88,200.0,-1,227425
2000-01-04 09:30:06.01,ANON004.SH,9.88,100.0,-1,227426
2000-01-04 09:30:06.01,ANON004.SH,9.88,400.0,-1,227427
2000-01-04 09:30:06.01,ANON004.SH,9.88,100.0,-1,227428
2000-01-04 09:30:06.01,ANON004.SH,9.88,400.0,-1,227429
2000-01-04 09:30:06.01,ANON004.SH,9.88,700.0,-1,227430
2000-01-04 09:30:06.01,ANON004.SH,9.88,100.0,-1,227433
2000-01-04 09:30:06.01,ANON004.SH,9.88,100.0,-1,227434
2000-01-04 09:30:06.01,ANON004.SH,9.88,400.0,-1,227435
2000-01-04 09:30:06.01,ANON004.SH,9.88,200.0,-1,227437
2000-01-04 09:30:06.01,ANON004.SH,9.88,400.0,-1,227443
2000-01-04 09:30:06.01,ANON004.SH,9.88,400.0,-1,227445
2000-01-04 09:30:06.01,ANON004.SH,9.88,500.0,-1,227447
2000-01-04 09:30:06.01,ANON004.SH,9.88,1800.0,-1,227449
2000-01-04 09:30:06.01,ANON004.SH,9.88,300.0,-1,227451
2000-01-04 09:30:06.01,ANON004.SH,9.88,100.0,-1,227452
2000-01-04 09:30:06.01,ANON004.SH,9.88,100.0,-1,227453
2000-01-04 09:30:06.01,ANON004.SH,9.88,200.0,-1,227461
2000-01-04 09:30:06.01,ANON004.SH,9.88,100.0,-1,227468
2000-01-04 09:30:06.01,ANON004.SH,9.88,500.0,-1,227469
2000-01-04 09:30:06.01,ANON004.SH,9.88,800.0,-1,227470
2000-01-04 09:30:06.01,ANON004.SH,9.88,100.0,-1,227471
2000-01-04 09:30:06.01,ANON004.SH,9.88,600.0,-1,227474
2000-01-04 09:30:06.01,ANON004.SH,9.88,5900.0,-1,227475
2000-01-04 09:30:06.01,ANON004.SH,9.88,100.0,-1,227476
2000-01-04 09:30:06.01,ANON004.SH,9.88,500.0,-1,227477
2000-01-04 09:30:06.01,ANON004.SH,9.88,200.0,-1,227478
2000-01-04 09:30:06.01,ANON004.SH,9.96,700.0,-1,227479
2000-01-04 09:30:06.01,ANON004.SH,9.88,100.0,-1,227483
2000-01-04 09:30:06.01,ANON004.SH,10.29,300.0,-1,227485
2000-01-04 09:30:06.14,ANON004.SH,10.12,400.0,-1,227699
2000-01-04 09:30:06.14,ANON004.SH,9.88,600.0,-1,227811
2000-01-04 09:30:06.14,ANON004.SH,9.88,100.0,-1,227916
2000-01-04 09:30:06.14,ANON004.SH,9.88,100.0,-1,227918
2000-01-04 09:30:06.14,ANON004.SH,9.88,500.0,-1,227919
2000-01-04 09:30:06.14,ANON004.SH,9.88,400.0,-1,227920
2000-01-04 09:30:06.14,ANON004.SH,9.88,100.0,-1,227924
2000-01-04 09:30:06.14,ANON004.SH,9.88,100.0,-1,227929
2000-01-04 09:30:06.14,ANON004.SH,9.88,100.0,-1,228039
2000-01-04 09:30:06.14,ANON004.SH,10.29,600.0,-1,228114
2000-01-04 09:30:06.14,ANON004.SH,9.9,600.0,-1,228276
2000-01-04 09:30:06.14,ANON004.SH,9.87,900.0,1,228433
2000-01-04 09:30:06.14,ANON004.SH,9.91,3200.0,-1,228515
2000-01-04 09:30:06.14,ANON004.SH,10.08,1500.0,-1,228623
2000-01-04 09:30:06.14,ANON004.SH,10.35,1200.0,-1,228708
2000-01-04 09:30:06.14,ANON004.SH,9.86,200.0,1,228762
2000-01-04 09:30:06.14,ANON004.SH,9.92,1000.0,-1,228910
2000-01-04 09:30:06.14,ANON004.SH,10.58,200.0,-1,228956
2000-01-04 09:30:06.14,ANON004.SH,9.66,2000.0,1,229093
2000-01-04 09:30:06.3,ANON004.SH,9.91,300.0,-1,229514
2000-01-04 09:30:06.3,ANON004.SH,9.93,100.0,-1,229776
2000-01-04 09:30:06.3,ANON004.SH,10.84,1000.0,-1,230042
2000-01-04 09:30:06.3,ANON004.SH,10.07,100.0,-1,230264
2000-01-04 09:30:06.3,ANON004.SH,10.04,1100.0,-1,230609
2000-01-04 09:30:06.3,ANON004.SH,10.29,12900.0,-1,230788
2000-01-04 09:30:06.3,ANON004.SH,9.92,500.0,-1,230810
2000-01-04 09:30:06.3,ANON004.SH,10.08,1000.0,-1,230818
2000-01-04 09:30:06.44,ANON004.SH,9.87,100.0,1,231300
2000-01-04 09:30:06.44,ANON004.SH,9.87,100.0,1,231465
2000-01-04 09:30:06.44,ANON004.SH,9.98,200.0,-1,231769
2000-01-04 09:30:06.44,ANON004.SH,9.91,2000.0,-1,231875
2000-01-04 09:30:06.44,ANON004.SH,9.88,300.0,-1,232725
2000-01-04 09:30:06.44,ANON004.SH,10.6,500.0,-1,232981
2000-01-04 09:30:06.59,ANON004.SH,9.92,1000.0,-1,233112
2000-01-04 09:30:06.59,ANON004.SH,9.95,3000.0,-1,233144
2000-01-04 09:30:06.59,ANON004.SH,10.3,1200.0,-1,233817
2000-01-04 09:30:06.59,ANON004.SH,9.85,500.0,1,234478
2000-01-04 09:30:06.59,ANON004.SH,9.91,38500.0,-1,234552
2000-01-04 09:30:06.59,ANON004.SH,9.92,1100.0,-1,234612
2000-01-04 09:30:06.59,ANON004.SH,9.8,1000.0,1,234748
2000-01-04 09:30:06.76,ANON004.SH,10.5,1000.0,-1,235294
2000-01-04 09:30:06.76,ANON004.SH,9.87,400.0,1,236257
2000-01-04 09:30:06.91,ANON004.SH,9.88,9200.0,-1,236819
2000-01-04 09:30:06.91,ANON004.SH,10.49,600.0,-1,236878
2000-01-04 09:30:06.91,ANON004.SH,9.96,20900.0,-1,237025
2000-01-04 09:30:06.91,ANON004.SH,9.93,2000.0,-1,237139
2000-01-04 09:30:06.91,ANON004.SH,10.0,2100.0,-1,237230
2000-01-04 09:30:06.91,ANON004.SH,10.22,1000.0,-1,237237
2000-01-04 09:30:06.91,ANON004.SH,10.02,1000.0,-1,237321
2000-01-04 09:30:06.91,ANON004.SH,9.9,500.0,-1,237364
2000-01-04 09:30:06.91,ANON004.SH,9.92,6800.0,-1,237530
2000-01-04 09:30:06.91,ANON004.SH,9.9,400.0,-1,237546
2000-01-04 09:30:06.91,ANON004.SH,9.8,500.0,1,237678
2000-01-04 09:30:06.91,ANON004.SH,9.9,500.0,-1,237694
2000-01-04 09:30:06.91,ANON004.SH,9.96,10000.0,-1,237738
2000-01-04 09:30:06.91,ANON004.SH,9.88,800.0,-1,237951
2000-01-04 09:30:06.91,ANON004.SH,10.5,1000.0,-1,238069
2000-01-04 09:30:06.91,ANON004.SH,9.98,1000.0,-1,238163
2000-01-04 09:30:07.07,ANON004.SH,10.06,1000.0,-1,238611
2000-01-04 09:30:07.07,ANON004.SH,10.23,400.0,-1,238833
2000-01-04 09:30:07.07,ANON004.SH,9.76,500.0,1,239430
2000-01-04 09:30:07.07,ANON004.SH,10.0,2600.0,-1,239513
2000-01-04 09:30:07.07,ANON004.SH,10.84,2000.0,-1,239715
2000-01-04 09:30:07.07,ANON004.SH,9.92,900.0,-1,239833
2000-01-04 09:30:07.21,ANON004.SH,10.0,3700.0,-1,240308
2000-01-04 09:30:07.21,ANON004.SH,9.88,300.0,-1,240708
2000-01-04 09:30:07.21,ANON004.SH,9.87,1100.0,-1,240827
2000-01-04 09:30:07.21,ANON004.SH,10.83,200.0,-1,240988
2000-01-04 09:30:07.21,ANON004.SH,10.0,300.0,-1,241058
2000-01-04 09:30:07.21,ANON004.SH,10.66,5000.0,-1,241282
2000-01-04 09:30:07.21,ANON004.SH,9.96,1000.0,-1,241445
2000-01-04 09:30:07.21,ANON004.SH,9.41,1500.0,1,241518
2000-01-04 09:30:07.21,ANON004.SH,9.82,1000.0,1,241556
2000-01-04 09:30:07.35,ANON004.SH,9.89,800.0,-1,242268
2000-01-04 09:30:07.35,ANON004.SH,9.47,200.0,1,242414
2000-01-04 09:30:07.35,ANON004.SH,9.88,800.0,-1,242565
2000-01-04 09:30:07.35,ANON004.SH,9.9,500.0,-1,242752
2000-01-04 09:30:07.35,ANON004.SH,9.9,8800.0,-1,242754
2000-01-04 09:30:07.35,ANON004.SH,10.28,800.0,-1,242792
2000-01-04 09:30:07.35,ANON004.SH,10.8,100.0,-1,243342
2000-01-04 09:30:07.49,ANON004.SH,10.0,3500.0,-1,243791
2000-01-04 09:30:07.49,ANON004.SH,9.95,1200.0,-1,244270
2000-01-04 09:30:07.49,ANON004.SH,9.81,500.0,1,244361
2000-01-04 09:30:07.49,ANON004.SH,9.72,400.0,1,244480
2000-01-04 09:30:07.49,ANON004.SH,10.02,5600.0,-1,244529
2000-01-04 09:30:07.49,ANON004.SH,10.15,5000.0,-1,244670
2000-01-04 09:30:07.49,ANON004.SH,10.2,1000.0,-1,244706
2000-01-04 09:30:07.49,ANON004.SH,9.89,2600.0,-1,244764
2000-01-04 09:30:07.49,ANON004.SH,9.8,500.0,1,244954
2000-01-04 09:30:07.62,ANON004.SH,10.48,400.0,-1,245686
2000-01-04 09:30:07.62,ANON004.SH,10.41,1000.0,-1,245750
2000-01-04 09:30:07.62,ANON004.SH,10.5,2000.0,-1,245886
2000-01-04 09:30:07.62,ANON004.SH,9.88,200.0,-1,245998
2000-01-04 09:30:07.62,ANON004.SH,10.45,5200.0,-1,246008
2000-01-04 09:30:07.62,ANON004.SH,10.63,1000.0,-1,246523
2000-01-04 09:30:07.62,ANON004.SH,10.16,500.0,-1,247093
2000-01-04 09:30:07.76,ANON004.SH,9.88,100.0,-1,247446
2000-01-04 09:30:07.76,ANON004.SH,9.87,100.0,1,247463
2000-01-04 09:30:07.76,ANON004.SH,9.87,100.0,1,247464
2000-01-04 09:30:07.76,ANON004.SH,10.83,1300.0,-1,247544
2000-01-04 09:30:07.76,ANON004.SH,9.92,700.0,-1,247582
2000-01-04 09:30:07.76,ANON004.SH,10.65,2000.0,-1,247671
2000-01-04 09:30:07.76,ANON004.SH,9.92,5000.0,-1,247684
2000-01-04 09:30:07.76,ANON004.SH,10.18,3000.0,-1,248322
2000-01-04 09:30:07.76,ANON004.SH,9.87,10300.0,-1,248455
2000-01-04 09:30:07.76,ANON004.SH,9.99,3000.0,-1,248521
2000-01-04 09:30:07.76,ANON004.SH,9.92,600.0,-1,248732
2000-01-04 09:30:07.76,ANON004.SH,9.7,1000.0,1,248908
2000-01-04 09:30:07.76,ANON004.SH,9.97,17400.0,-1,248943
2000-01-04 09:30:07.88,ANON004.SH,9.71,5200.0,1,250058
2000-01-04 09:30:07.88,ANON004.SH,9.5,200.0,1,250089
2000-01-04 09:30:07.88,ANON004.SH,10.1,2000.0,-1,250339
2000-01-04 09:30:07.88,ANON004.SH,9.9,500.0,-1,250392
2000-01-04 09:30:08.02,ANON004.SH,9.87,400.0,-1,250853
2000-01-04 09:30:08.02,ANON004.SH,10.31,400.0,-1,250872
2000-01-04 09:30:08.02,ANON004.SH,10.67,1000.0,-1,251313
2000-01-04 09:30:08.02,ANON004.SH,10.03,2500.0,-1,251527
2000-01-04 09:30:08.02,ANON004.SH,9.81,500.0,1,252215
2000-01-04 09:30:08.18,ANON004.SH,9.75,3000.0,1,252691
2000-01-04 09:30:08.18,ANON004.SH,10.21,1000.0,-1,253229
2000-01-04 09:30:08.18,ANON004.SH,10.2,100.0,-1,253667
2000-01-04 09:30:08.18,ANON004.SH,10.08,3100.0,-1,254039
2000-01-04 09:30:08.18,ANON004.SH,9.9,500.0,-1,254112
2000-01-04 09:30:08.18,ANON004.SH,9.88,100.0,-1,254113
2000-01-04 09:30:08.18,ANON004.SH,9.88,3800.0,-1,254117
2000-01-04 09:30:08.18,ANON004.SH,9.88,1200.0,-1,254118
2000-01-04 09:30:08.18,ANON004.SH,9.88,4000.0,-1,254124
2000-01-04 09:30:08.18,ANON004.SH,9.88,100.0,-1,254212
2000-01-04 09:30:08.18,ANON004.SH,9.88,200.0,-1,254214
2000-01-04 09:30:08.33,ANON004.SH,10.1,5000.0,-1,254906
2000-01-04 09:30:08.33,ANON004.SH,10.45,5000.0,-1,255099
2000-01-04 09:30:08.33,ANON004.SH,10.2,200.0,-1,255190
2000-01-04 09:30:08.33,ANON004.SH,9.92,1000.0,-1,255429
2000-01-04 09:30:08.33,ANON004.SH,10.43,800.0,-1,255747
2000-01-04 09:30:08.33,ANON004.SH,9.5,100.0,1,255780
2000-01-04 09:30:08.48,ANON004.SH,9.88,100.0,-1,256283
2000-01-04 09:30:08.48,ANON004.SH,9.88,100.0,-1,256390
2000-01-04 09:30:08.48,ANON004.SH,9.88,100.0,-1,256391
2000-01-04 09:30:08.48,ANON004.SH,9.88,100.0,-1,256392
2000-01-04 09:30:08.53,ANON004.SH,9.88,4400.0,-1,256686
2000-01-04 09:30:08.53,ANON004.SH,9.88,1100.0,-1,256725
2000-01-04 09:30:08.53,ANON004.SH,10.1,500.0,-1,258051
2000-01-04 09:30:08.53,ANON004.SH,9.88,700.0,-1,258133
2000-01-04 09:30:08.66,ANON004.SH,10.2,3000.0,-1,258231
2000-01-04 09:30:08.66,ANON004.SH,10.0,500.0,-1,258260
2000-01-04 09:30:08.72,ANON004.SH,9.56,500.0,1,258888
2000-01-04 09:30:08.72,ANON004.SH,10.3,100.0,-1,259457
2000-01-04 09:30:08.72,ANON004.SH,10.2,200.0,-1,259630
2000-01-04 09:30:08.88,ANON004.SH,9.87,1200.0,1,260579
2000-01-04 09:30:08.88,ANON004.SH,9.87,900.0,1,260682
2000-01-04 09:30:08.88,ANON004.SH,10.63,700.0,-1,260940
2000-01-04 09:30:08.88,ANON004.SH,10.0,1000.0,-1,261008
2000-01-04 09:30:08.88,ANON004.SH,10.29,1000.0,-1,261304
2000-01-04 09:30:08.88,ANON004.SH,9.92,1000.0,-1,261319
2000-01-04 09:30:08.88,ANON004.SH,10.84,100.0,-1,261412
2000-01-04 09:30:08.88,ANON004.SH,9.98,30000.0,-1,261539
2000-01-04 09:30:09.02,ANON004.SH,9.96,2500.0,-1,262476
2000-01-04 09:30:09.02,ANON004.SH,9.95,300.0,-1,262484
2000-01-04 09:30:09.02,ANON004.SH,9.87,100.0,1,262626
2000-01-04 09:30:09.02,ANON004.SH,9.95,500.0,-1,263071
2000-01-04 09:30:09.02,ANON004.SH,9.98,100.0,-1,263102
2000-01-04 09:30:09.02,ANON004.SH,10.5,300.0,-1,263190
2000-01-04 09:30:09.02,ANON004.SH,9.96,1500.0,-1,263235
2000-01-04 09:30:09.02,ANON004.SH,9.87,400.0,1,263270
2000-01-04 09:30:09.02,ANON004.SH,9.89,100.0,-1,263602
2000-01-04 09:30:09.02,ANON004.SH,9.88,200.0,-1,263723
2000-01-04 09:30:09.17,ANON004.SH,10.18,1000.0,-1,264375
2000-01-04 09:30:09.17,ANON004.SH,9.92,500.0,-1,264886
2000-01-04 09:30:09.17,ANON004.SH,9.88,100.0,-1,265068
2000-01-04 09:30:09.33,ANON004.SH,9.95,500.0,-1,265671
2000-01-04 09:30:09.33,ANON004.SH,9.92,2600.0,-1,266241
2000-01-04 09:30:09.33,ANON004.SH,9.99,500.0,-1,266387
2000-01-04 09:30:09.33,ANON004.SH,9.66,2000.0,1,266512
2000-01-04 09:30:09.47,ANON004.SH,9.89,100.0,-1,267255
2000-01-04 09:30:09.47,ANON004.SH,9.75,900.0,1,267846
2000-01-04 09:30:09.47,ANON004.SH,9.95,6000.0,-1,268136
2000-01-04 09:30:09.47,ANON004.SH,10.03,1600.0,-1,268314
2000-01-04 09:30:09.58,ANON004.SH,9.93,1000.0,-1,268838
2000-01-04 09:30:09.58,ANON004.SH,9.97,10000.0,-1,269132
2000-01-04 09:30:09.58,ANON004.SH,10.3,7000.0,-1,270156
2000-01-04 09:30:09.72,ANON004.SH,9.9,800.0,-1,270985
2000-01-04 09:30:09.72,ANON004.SH,9.9,500.0,-1,271013
2000-01-04 09:30:09.72,ANON004.SH,9.88,400.0,-1,271243
2000-01-04 09:30:09.72,ANON004.SH,9.98,10000.0,-1,271693
2000-01-04 09:30:09.86,ANON004.SH,10.35,800.0,-1,272036
2000-01-04 09:30:09.86,ANON004.SH,10.13,1800.0,-1,272147
2000-01-04 09:30:09.86,ANON004.SH,9.95,4300.0,-1,272164
2000-01-04 09:30:09.86,ANON004.SH,9.93,5000.0,-1,272731
2000-01-04 09:30:09.86,ANON004.SH,10.39,300.0,-1,273169
2000-01-04 09:30:09.86,ANON004.SH,9.96,1000.0,-1,273222
2000-01-04 09:30:09.86,ANON004.SH,9.87,400.0,-1,273543
2000-01-04 09:30:09.86,ANON004.SH,9.94,2500.0,-1,273556
2000-01-04 09:30:10,ANON004.SH,9.86,100.0,-1,273640
2000-01-04 09:30:10,ANON004.SH,9.86,100.0,-1,273644
2000-01-04 09:30:10,ANON004.SH,9.86,100.0,-1,273650
2000-01-04 09:30:10,ANON004.SH,9.86,300.0,-1,273657
2000-01-04 09:30:10,ANON004.SH,9.86,20300.0,-1,273668
2000-01-04 09:30:10,ANON004.SH,10.06,1000.0,-1,273720
2000-01-04 09:30:10,ANON004.SH,9.87,400.0,-1,273734
2000-01-04 09:30:10,ANON004.SH,9.94,5000.0,-1,274047
2000-01-04 09:30:10,ANON004.SH,10.09,1000.0,-1,274107
2000-01-04 09:30:10,ANON004.SH,9.98,1000.0,-1,274748
2000-01-04 09:30:10,ANON004.SH,10.84,200.0,-1,274910
2000-01-04 09:30:10,ANON004.SH,9.9,1200.0,-1,275088
2000-01-04 09:30:10.13,ANON004.SH,9.9,100.0,-1,275204
2000-01-04 09:30:10.13,ANON004.SH,9.95,5000.0,-1,275656
2000-01-04 09:30:10.13,ANON004.SH,10.23,2300.0,-1,275830
2000-01-04 09:30:10.13,ANON004.SH,10.3,100.0,-1,275933
2000-01-04 09:30:10.13,ANON004.SH,9.92,800.0,-1,276112
2000-01-04 09:30:10.13,ANON004.SH,9.96,5000.0,-1,276473
2000-01-04 09:30:10.13,ANON004.SH,9.9,100.0,-1,276495
2000-01-04 09:30:10.13,ANON004.SH,9.88,800.0,-1,276530
2000-01-04 09:30:10.27,ANON004.SH,9.87,100.0,-1,276900
2000-01-04 09:30:10.32,ANON004.SH,9.92,100.0,-1,277638
2000-01-04 09:30:10.32,ANON004.SH,9.87,2300.0,-1,277769
2000-01-04 09:30:10.32,ANON004.SH,9.97,5000.0,-1,278078
2000-01-04 09:30:10.52,ANON004.SH,10.37,12500.0,-1,278899
2000-01-04 09:30:10.52,ANON004.SH,9.86,200.0,-1,279371
2000-01-04 09:30:10.52,ANON004.SH,9.78,100.0,1,279464
2000-01-04 09:30:10.52,ANON004.SH,9.86,100.0,-1,279512
2000-01-04 09:30:10.52,ANON004.SH,9.86,100.0,-1,279636
2000-01-04 09:30:10.52,ANON004.SH,9.98,5000.0,-1,279725
2000-01-04 09:30:10.61,ANON004.SH,10.13,400.0,-1,280173
2000-01-04 09:30:10.61,ANON004.SH,9.86,700.0,-1,280311
2000-01-04 09:30:10.61,ANON004.SH,10.02,200.0,-1,280436
2000-01-04 09:30:10.61,ANON004.SH,10.5,7000.0,-1,280498
2000-01-04 09:30:10.61,ANON004.SH,10.33,4600.0,-1,280827
2000-01-04 09:30:10.61,ANON004.SH,10.66,300.0,-1,280931
2000-01-04 09:30:10.74,ANON004.SH,10.07,1000.0,-1,281742
2000-01-04 09:30:10.74,ANON004.SH,10.84,1000.0,-1,281951
2000-01-04 09:30:10.89,ANON004.SH,9.98,900.0,-1,282868
2000-01-04 09:30:10.89,ANON004.SH,9.86,1900.0,-1,283334
2000-01-04 09:30:10.89,ANON004.SH,9.89,2800.0,-1,283337
2000-01-04 09:30:10.89,ANON004.SH,9.86,500.0,-1,283455
2000-01-04 09:30:10.89,ANON004.SH,9.86,700.0,-1,283562
2000-01-04 09:30:10.89,ANON004.SH,10.84,58000.0,-1,283593
2000-01-04 09:30:10.98,ANON004.SH,9.88,9500.0,-1,284439
2000-01-04 09:30:10.98,ANON004.SH,9.86,400.0,-1,284699
2000-01-04 09:30:10.98,ANON004.SH,9.88,100.0,-1,285004
2000-01-04 09:30:10.98,ANON004.SH,9.88,200.0,-1,285071
2000-01-04 09:30:10.98,ANON004.SH,9.88,100.0,-1,285096
2000-01-04 09:30:10.98,ANON004.SH,9.88,100.0,-1,285162
2000-01-04 09:30:10.98,ANON004.SH,9.88,100.0,-1,285216
2000-01-04 09:30:10.98,ANON004.SH,9.88,100.0,-1,285272
2000-01-04 09:30:10.98,ANON004.SH,9.88,100.0,-1,285281
2000-01-04 09:30:10.98,ANON004.SH,9.88,100.0,-1,285327
2000-01-04 09:30:10.98,ANON004.SH,9.88,200.0,-1,285376
2000-01-04 09:30:10.98,ANON004.SH,9.88,200.0,-1,285413
2000-01-04 09:30:11.13,ANON004.SH,9.88,100.0,-1,285553
2000-01-04 09:30:11.13,ANON004.SH,9.88,100.0,-1,285559
2000-01-04 09:30:11.13,ANON004.SH,9.88,100.0,-1,285606
2000-01-04 09:30:11.13,ANON004.SH,9.88,200.0,-1,285777
2000-01-04 09:30:11.13,ANON004.SH,9.88,100.0,-1,285796
2000-01-04 09:30:11.13,ANON004.SH,9.88,200.0,-1,285925
2000-01-04 09:30:11.13,ANON004.SH,10.2,1000.0,-1,286349
2000-01-04 09:30:11.13,ANON004.SH,9.88,600.0,-1,286479
2000-01-04 09:30:11.13,ANON004.SH,9.88,100.0,-1,286961
2000-01-04 09:30:11.27,ANON004.SH,9.88,100.0,-1,288178
2000-01-04 09:30:11.27,ANON004.SH,9.93,500.0,-1,288217
2000-01-04 09:30:11.27,ANON004.SH,9.88,200.0,-1,288271
2000-01-04 09:30:11.27,ANON004.SH,9.88,100.0,-1,288442
2000-01-04 09:30:11.27,ANON004.SH,9.8,1000.0,1,288486
2000-01-04 09:30:11.4,ANON004.SH,9.86,700.0,-1,288823
2000-01-04 09:30:11.4,ANON004.SH,9.86,700.0,-1,288824
2000-01-04 09:30:11.4,ANON004.SH,9.86,700.0,-1,288826
2000-01-04 09:30:11.4,ANON004.SH,9.88,100.0,-1,289089
2000-01-04 09:30:11.53,ANON004.SH,9.88,700.0,-1,290293
2000-01-04 09:30:11.72,ANON004.SH,9.86,300.0,-1,291414
2000-01-04 09:30:11.72,ANON004.SH,9.85,100.0,-1,291420
2000-01-04 09:30:11.72,ANON004.SH,9.85,200.0,-1,291422
2000-01-04 09:30:11.72,ANON004.SH,9.85,200.0,-1,291428
2000-01-04 09:30:11.72,ANON004.SH,9.85,1200.0,-1,291429
2000-01-04 09:30:11.72,ANON004.SH,9.85,100.0,-1,291430
2000-01-04 09:30:11.72,ANON004.SH,9.85,800.0,-1,291431
2000-01-04 09:30:11.72,ANON004.SH,9.85,700.0,-1,291434
2000-01-04 09:30:11.72,ANON004.SH,9.85,200.0,-1,291436
2000-01-04 09:30:11.72,ANON004.SH,9.85,100.0,-1,291437
2000-01-04 09:30:11.72,ANON004.SH,9.85,100.0,-1,291439
2000-01-04 09:30:11.72,ANON004.SH,9.85,100.0,-1,291440
2000-01-04 09:30:11.72,ANON004.SH,9.85,100.0,-1,291445
2000-01-04 09:30:11.72,ANON004.SH,9.86,200.0,-1,291448
2000-01-04 09:30:11.72,ANON004.SH,9.85,100.0,-1,291452
2000-01-04 09:30:11.72,ANON004.SH,9.85,200.0,-1,291453
2000-01-04 09:30:11.72,ANON004.SH,9.84,400.0,-1,291459
2000-01-04 09:30:11.72,ANON004.SH,9.84,3200.0,-1,291495
2000-01-04 09:30:11.72,ANON004.SH,9.85,500.0,-1,291503
2000-01-04 09:30:11.72,ANON004.SH,9.85,100.0,-1,291505
2000-01-04 09:30:11.72,ANON004.SH,9.85,800.0,-1,291507
2000-01-04 09:30:11.72,ANON004.SH,9.84,700.0,-1,291525
2000-01-04 09:30:11.72,ANON004.SH,9.84,100.0,-1,291545
2000-01-04 09:30:11.72,ANON004.SH,9.85,100.0,-1,291589
2000-01-04 09:30:11.72,ANON004.SH,9.85,100.0,-1,291590
2000-01-04 09:30:11.72,ANON004.SH,9.85,100.0,-1,291594
2000-01-04 09:30:11.72,ANON004.SH,9.85,100.0,-1,291595
2000-01-04 09:30:11.72,ANON004.SH,9.85,300.0,-1,291601
2000-01-04 09:30:11.72,ANON004.SH,9.85,800.0,-1,291605
2000-01-04 09:30:11.72,ANON004.SH,9.85,100.0,-1,291608
2000-01-04 09:30:11.72,ANON004.SH,9.85,700.0,-1,291609
2000-01-04 09:30:11.72,ANON004.SH,9.85,100.0,-1,291611
2000-01-04 09:30:11.72,ANON004.SH,9.85,100.0,-1,291613
2000-01-04 09:30:11.72,ANON004.SH,9.85,100.0,-1,291614
2000-01-04 09:30:11.72,ANON004.SH,9.85,100.0,-1,291616
2000-01-04 09:30:11.72,ANON004.SH,9.85,200.0,-1,291688
2000-01-04 09:30:11.8,ANON004.SH,9.79,500.0,1,292062
2000-01-04 09:30:12.08,ANON004.SH,9.86,1300.0,-1,293943
2000-01-04 09:30:12.13,ANON004.SH,9.85,700.0,-1,294347
2000-01-04 09:30:12.13,ANON004.SH,9.85,600.0,-1,294349
2000-01-04 09:30:12.13,ANON004.SH,9.85,300.0,-1,294350
2000-01-04 09:30:12.13,ANON004.SH,9.85,200.0,-1,294354
2000-01-04 09:30:12.17,ANON004.SH,9.85,400.0,-1,294383
2000-01-04 09:30:12.17,ANON004.SH,9.85,300.0,-1,294403
2000-01-04 09:30:12.17,ANON004.SH,9.85,1000.0,-1,294404
2000-01-04 09:30:12.17,ANON004.SH,9.85,500.0,-1,294417
2000-01-04 09:30:12.17,ANON004.SH,9.85,700.0,-1,294418
2000-01-04 09:30:12.17,ANON004.SH,9.85,300.0,-1,294419
2000-01-04 09:30:12.17,ANON004.SH,9.85,100.0,-1,294422
2000-01-04 09:30:12.17,ANON004.SH,9.85,100.0,-1,294426
2000-01-04 09:30:12.17,ANON004.SH,9.85,200.0,-1,294481
2000-01-04 09:30:12.17,ANON004.SH,9.85,200.0,-1,294492
2000-01-04 09:30:12.22,ANON004.SH,9.85,5418.0,-1,294826
2000-01-04 09:30:12.64,ANON004.SH,9.85,4700.0,-1,296642
2000-01-04 09:30:12.64,ANON004.SH,9.86,200.0,-1,296721
2000-01-04 09:30:12.73,ANON004.SH,9.86,400.0,-1,297067
2000-01-04 09:30:12.73,ANON004.SH,9.86,400.0,-1,297074
2000-01-04 09:30:12.73,ANON004.SH,9.86,400.0,-1,297146
2000-01-04 09:30:12.73,ANON004.SH,9.86,400.0,-1,297156
2000-01-04 09:30:12.73,ANON004.SH,9.86,400.0,-1,297158
2000-01-04 09:30:12.79,ANON004.SH,9.9,300.0,-1,297261
2000-01-04 09:30:12.79,ANON004.SH,9.87,500.0,-1,297266
2000-01-04 09:30:12.94,ANON004.SH,9.85,100.0,-1,297928
2000-01-04 09:30:13.02,ANON004.SH,9.88,100.0,-1,298594
2000-01-04 09:30:13.09,ANON004.SH,9.85,400.0,-1,299081
2000-01-04 09:30:13.14,ANON004.SH,9.85,100.0,-1,299222
2000-01-04 09:30:13.17,ANON004.SH,9.85,100.0,-1,299496
2000-01-04 09:30:13.33,ANON004.SH,9.86,500.0,-1,300208
2000-01-04 09:30:13.35,ANON004.SH,9.86,700.0,-1,300260
2000-01-04 09:30:13.37,ANON004.SH,9.85,600.0,-1,300331
2000-01-04 09:30:13.37,ANON004.SH,9.85,500.0,-1,300333
2000-01-04 09:30:13.65,ANON004.SH,9.79,1600.0,1,301964
2000-01-04 09:30:13.85,ANON004.SH,9.88,200.0,-1,303325
2000-01-04 09:30:13.85,ANON004.SH,9.88,100.0,-1,303396
2000-01-04 09:30:13.85,ANON004.SH,9.88,500.0,-1,303399
2000-01-04 09:30:14.39,ANON004.SH,9.85,1000.0,1,306523
2000-01-04 09:30:14.39,ANON004.SH,9.85,9800.0,-1,306528
2000-01-04 09:30:14.43,ANON004.SH,9.84,22800.0,-1,306587
2000-01-04 09:30:14.68,ANON004.SH,9.82,1800.0,1,307656
2000-01-04 09:30:14.68,ANON004.SH,9.84,500.0,-1,307686
2000-01-04 09:30:14.68,ANON004.SH,9.83,2200.0,-1,307701
2000-01-04 09:30:14.68,ANON004.SH,9.83,900.0,-1,307708
2000-01-04 09:30:14.68,ANON004.SH,9.87,100.0,-1,307709
2000-01-04 09:30:14.68,ANON004.SH,9.87,500.0,-1,307711
2000-01-04 09:30:14.68,ANON004.SH,9.83,400.0,-1,307717
2000-01-04 09:30:14.7,ANON004.SH,9.84,100.0,-1,307769
2000-01-04 09:30:14.7,ANON004.SH,9.83,700.0,-1,307777
2000-01-04 09:30:14.7,ANON004.SH,9.83,300.0,-1,307783
2000-01-04 09:30:14.73,ANON004.SH,9.84,100.0,-1,307793
2000-01-04 09:30:14.73,ANON004.SH,9.82,1000.0,1,307897
2000-01-04 09:30:14.75,ANON004.SH,10.8,2000.0,-1,307931
2000-01-04 09:30:14.75,ANON004.SH,9.83,800.0,-1,307986
2000-01-04 09:30:14.75,ANON004.SH,9.84,100.0,-1,307996
2000-01-04 09:30:14.78,ANON004.SH,9.84,100.0,-1,308026
2000-01-04 09:30:14.81,ANON004.SH,9.84,100.0,-1,308168
2000-01-04 09:30:14.82,ANON004.SH,9.84,100.0,-1,308372
2000-01-04 09:30:14.82,ANON004.SH,9.84,100.0,-1,308472
2000-01-04 09:30:14.82,ANON004.SH,10.18,1000.0,-1,308479
2000-01-04 09:30:14.96,ANON004.SH,9.82,200.0,1,308956
2000-01-04 09:30:15.1,ANON004.SH,9.84,700.0,-1,309677
2000-01-04 09:30:15.12,ANON004.SH,9.86,700.0,-1,309732
2000-01-04 09:30:15.17,ANON004.SH,9.92,2000.0,-1,309895
2000-01-04 09:30:15.45,ANON004.SH,9.82,200.0,1,311160
2000-01-04 09:30:15.51,ANON004.SH,9.82,700.0,1,311404
2000-01-04 09:30:16.49,ANON004.SH,9.86,200.0,-1,315171
2000-01-04 09:30:16.49,ANON004.SH,9.86,600.0,-1,315172
2000-01-04 09:30:16.49,ANON004.SH,9.86,300.0,-1,315173
2000-01-04 09:30:16.49,ANON004.SH,9.86,700.0,-1,315175
2000-01-04 09:30:16.72,ANON004.SH,9.86,600.0,-1,316161
2000-01-04 09:30:16.73,ANON004.SH,10.05,5000.0,-1,316190
2000-01-04 09:30:16.88,ANON004.SH,10.3,4000.0,-1,316655
2000-01-04 09:30:16.94,ANON004.SH,10.83,1500.0,-1,317001
2000-01-04 09:30:17.02,ANON004.SH,10.6,100.0,-1,317199
2000-01-04 09:30:17.68,ANON004.SH,9.83,5200.0,1,319695
2000-01-04 09:30:17.68,ANON004.SH,9.83,4500.0,1,319696
2000-01-04 09:30:17.68,ANON004.SH,9.83,5400.0,1,319698
2000-01-04 09:30:17.68,ANON004.SH,9.83,9900.0,1,319699
2000-01-04 09:30:17.68,ANON004.SH,9.83,4200.0,1,319702
2000-01-04 09:30:17.68,ANON004.SH,9.83,200.0,1,319703
2000-01-04 09:30:17.68,ANON004.SH,9.83,200.0,1,319705
2000-01-04 09:30:17.68,ANON004.SH,9.83,300.0,1,319707
2000-01-04 09:30:17.68,ANON004.SH,9.83,1700.0,1,319708
2000-01-04 09:30:17.68,ANON004.SH,9.83,400.0,1,319709
2000-01-04 09:30:17.68,ANON004.SH,9.83,500.0,1,319710
2000-01-04 09:30:17.68,ANON004.SH,9.83,100.0,1,319712
2000-01-04 09:30:17.68,ANON004.SH,9.83,200.0,1,319715
2000-01-04 09:30:17.68,ANON004.SH,9.83,200.0,1,319716
2000-01-04 09:30:17.68,ANON004.SH,9.83,1700.0,1,319717
2000-01-04 09:30:17.68,ANON004.SH,9.83,100.0,1,319718
2000-01-04 09:30:17.68,ANON004.SH,9.83,1900.0,1,319720
2000-01-04 09:30:17.68,ANON004.SH,9.83,1200.0,1,319725
2000-01-04 09:30:17.68,ANON004.SH,9.84,500.0,1,319738
2000-01-04 09:30:17.68,ANON004.SH,9.84,200.0,1,319745
2000-01-04 09:30:17.7,ANON004.SH,9.84,100.0,1,319770
2000-01-04 09:30:17.7,ANON004.SH,9.83,100.0,1,319826
2000-01-04 09:30:17.7,ANON004.SH,9.83,1600.0,1,319827
2000-01-04 09:30:17.73,ANON004.SH,9.83,1900.0,1,319856
2000-01-04 09:30:17.73,ANON004.SH,9.83,100.0,1,319858
2000-01-04 09:30:17.73,ANON004.SH,9.83,100.0,1,319861
2000-01-04 09:30:17.73,ANON004.SH,9.81,1300.0,1,319908
2000-01-04 09:30:17.75,ANON004.SH,9.84,400.0,1,319957
2000-01-04 09:30:17.75,ANON004.SH,9.84,100.0,1,319972
2000-01-04 09:30:17.87,ANON004.SH,9.83,200.0,1,320430
2000-01-04 09:30:17.9,ANON004.SH,9.83,1300.0,1,320570
2000-01-04 09:30:17.94,ANON004.SH,9.83,100.0,1,320710
2000-01-04 09:30:17.94,ANON004.SH,9.83,400.0,1,320711
2000-01-04 09:30:18.05,ANON004.SH,9.84,300.0,-1,321130
2000-01-04 09:30:18.14,ANON004.SH,9.84,100.0,-1,321390
2000-01-04 09:30:18.22,ANON004.SH,9.84,700.0,-1,321748
2000-01-04 09:30:18.25,ANON004.SH,9.84,200.0,-1,321864
2000-01-04 09:30:18.28,ANON004.SH,9.84,200.0,-1,321939
2000-01-04 09:30:18.31,ANON004.SH,9.8,1400.0,1,322040
2000-01-04 09:30:18.33,ANON004.SH,9.84,1200.0,1,322052
2000-01-04 09:30:18.47,ANON004.SH,9.82,200.0,1,322452
2000-01-04 09:30:18.54,ANON004.SH,9.82,900.0,1,322674
2000-01-04 09:30:18.64,ANON004.SH,9.82,100.0,1,323031
2000-01-04 09:30:18.92,ANON004.SH,9.85,1000.0,-1,324091
2000-01-04 09:30:19.07,ANON004.SH,9.85,2800.0,1,324541
2000-01-04 09:30:19.13,ANON004.SH,9.85,1800.0,1,324648
2000-01-04 09:30:19.13,ANON004.SH,9.82,900.0,1,324655
2000-01-04 09:30:19.13,ANON004.SH,9.82,900.0,1,324658
2000-01-04 09:30:19.13,ANON004.SH,9.82,700.0,1,324709
2000-01-04 09:30:19.25,ANON004.SH,9.82,900.0,1,325093
2000-01-04 09:30:19.3,ANON004.SH,9.83,100.0,1,325218
2000-01-04 09:30:19.3,ANON004.SH,9.83,200.0,1,325243
2000-01-04 09:30:19.32,ANON004.SH,9.83,200.0,1,325292
2000-01-04 09:30:19.47,ANON004.SH,9.83,100.0,1,325773
2000-01-04 09:30:19.73,ANON004.SH,9.83,1500.0,1,326539
2000-01-04 09:30:20.24,ANON004.SH,9.83,2000.0,1,328789
2000-01-04 09:30:20.43,ANON004.SH,9.82,500.0,1,329510
2000-01-04 09:30:20.46,ANON004.SH,9.83,1900.0,1,329627
2000-01-04 09:30:20.46,ANON004.SH,9.83,500.0,1,329652
2000-01-04 09:30:20.5,ANON004.SH,9.83,1500.0,1,329740
2000-01-04 09:30:20.5,ANON004.SH,9.83,100.0,1,329798
2000-01-04 09:30:20.5,ANON004.SH,9.83,100.0,1,329875
2000-01-04 09:30:20.53,ANON004.SH,9.83,700.0,1,329915
2000-01-04 09:30:20.72,ANON004.SH,9.86,5000.0,1,330560
2000-01-04 09:30:20.72,ANON004.SH,9.86,100.0,1,330561
2000-01-04 09:30:20.75,ANON004.SH,9.86,1600.0,1,330700
2000-01-04 09:30:20.75,ANON004.SH,9.86,3900.0,1,330797
2000-01-04 09:30:20.85,ANON004.SH,9.85,800.0,1,331367
2000-01-04 09:30:20.85,ANON004.SH,9.85,500.0,1,331384
2000-01-04 09:30:20.85,ANON004.SH,9.85,800.0,1,331530
2000-01-04 09:30:20.88,ANON004.SH,9.83,100.0,1,331590
2000-01-04 09:30:20.94,ANON004.SH,9.85,100.0,1,331728
2000-01-04 09:30:21.01,ANON004.SH,9.84,1500.0,1,331930
2000-01-04 09:30:21.01,ANON004.SH,9.85,2200.0,1,331943
2000-01-04 09:30:21.04,ANON004.SH,9.84,3000.0,1,332113
2000-01-04 09:30:21.24,ANON004.SH,9.84,100.0,1,333056
2000-01-04 09:30:21.27,ANON004.SH,9.84,800.0,1,333115
2000-01-04 09:30:21.27,ANON004.SH,9.84,200.0,1,333140
2000-01-04 09:30:21.77,ANON004.SH,9.83,100.0,1,335121
2000-01-04 09:30:21.97,ANON004.SH,9.81,5000.0,1,335920
2000-01-04 09:30:22.23,ANON004.SH,9.85,100.0,1,337261
2000-01-04 09:30:22.55,ANON004.SH,9.87,200.0,1,338843
2000-01-04 09:30:22.59,ANON004.SH,9.87,1300.0,1,338923
2000-01-04 09:30:22.67,ANON004.SH,9.8,1100.0,1,339203
2000-01-04 09:30:22.71,ANON004.SH,9.98,200.0,-1,339404
2000-01-04 09:30:22.72,ANON004.SH,9.87,5400.0,1,339473
2000-01-04 09:30:22.74,ANON004.SH,9.87,700.0,1,339622
2000-01-04 09:30:22.74,ANON004.SH,9.87,700.0,1,339623
2000-01-04 09:30:22.9,ANON004.SH,9.86,700.0,1,340378
2000-01-04 09:30:23.06,ANON004.SH,9.87,700.0,1,341090
2000-01-04 09:30:23.09,ANON004.SH,10.15,1000.0,-1,341154
2000-01-04 09:30:23.16,ANON004.SH,9.86,6500.0,1,341408
2000-01-04 09:30:23.34,ANON004.SH,9.85,3900.0,1,342042
2000-01-04 09:30:23.34,ANON004.SH,9.85,4200.0,1,342052
2000-01-04 09:30:23.34,ANON004.SH,9.85,15000.0,1,342058
2000-01-04 09:30:23.34,ANON004.SH,9.85,1900.0,1,342061
2000-01-04 09:30:23.37,ANON004.SH,9.85,1100.0,1,342159
2000-01-04 09:30:23.49,ANON004.SH,9.85,1800.0,1,342608
2000-01-04 09:30:24.1,ANON004.SH,9.85,2600.0,1,345389
2000-01-04 09:30:24.1,ANON004.SH,9.88,100.0,-1,345411
2000-01-04 09:30:24.75,ANON004.SH,9.88,500.0,-1,348083
2000-01-04 09:30:24.75,ANON004.SH,9.88,500.0,-1,348092
2000-01-04 09:30:24.75,ANON004.SH,9.87,600.0,1,348123
2000-01-04 09:30:24.92,ANON004.SH,9.75,1000.0,1,348846
2000-01-04 09:30:25.32,ANON004.SH,9.98,1000.0,-1,350573
2000-01-04 09:30:26.28,ANON004.SH,9.87,1100.0,1,354776
2000-01-04 09:30:26.62,ANON004.SH,9.84,5000.0,1,356652
2000-01-04 09:30:27.19,ANON004.SH,9.88,600.0,-1,358749
2000-01-04 09:30:28.18,ANON004.SH,9.95,2400.0,-1,361737
2000-01-04 09:30:28.22,ANON004.SH,10.1,2000.0,-1,361880
2000-01-04 09:30:28.29,ANON004.SH,9.88,500.0,-1,362191
2000-01-04 09:30:28.37,ANON004.SH,9.87,3300.0,-1,362456
2000-01-04 09:30:28.64,ANON004.SH,9.86,1000.0,1,363393
2000-01-04 09:30:28.7,ANON004.SH,9.87,2600.0,1,363610
2000-01-04 09:30:28.82,ANON004.SH,9.88,3000.0,1,364122
2000-01-04 09:30:28.93,ANON004.SH,9.86,800.0,1,364617
2000-01-04 09:30:29.05,ANON004.SH,9.88,400.0,1,364999
2000-01-04 09:30:29.05,ANON004.SH,9.88,100.0,1,365004
2000-01-04 09:30:29.16,ANON004.SH,9.89,100.0,-1,365595
2000-01-04 09:30:29.43,ANON004.SH,9.89,100.0,-1,366380
2000-01-04 09:30:29.54,ANON004.SH,10.84,1300.0,-1,366694
2000-01-04 09:30:29.54,ANON004.SH,9.89,100.0,-1,366730
2000-01-04 09:30:29.73,ANON004.SH,9.88,500.0,1,367301
2000-01-04 09:30:29.76,ANON004.SH,9.87,1000.0,1,367338
2000-01-04 09:30:29.76,ANON004.SH,9.87,1200.0,1,367343
2000-01-04 09:30:29.76,ANON004.SH,9.87,100.0,1,367429
2000-01-04 09:30:29.76,ANON004.SH,9.87,100.0,1,367431
2000-01-04 09:30:29.79,ANON004.SH,9.87,100.0,1,367472
2000-01-04 09:30:29.79,ANON004.SH,9.87,200.0,1,367502
2000-01-04 09:30:29.84,ANON004.SH,9.87,400.0,1,367646
2000-01-04 09:30:29.84,ANON004.SH,9.88,700.0,1,367661
2000-01-04 09:30:29.93,ANON004.SH,9.87,2700.0,1,367960
2000-01-04 09:30:30.13,ANON004.SH,9.87,100.0,1,368785
2000-01-04 09:30:30.13,ANON004.SH,9.87,200.0,1,368905
2000-01-04 09:30:30.13,ANON004.SH,9.87,1000.0,1,368911
2000-01-04 09:30:30.21,ANON004.SH,9.87,900.0,1,369133
2000-01-04 09:30:30.21,ANON004.SH,9.87,100.0,1,369162
2000-01-04 09:30:30.24,ANON004.SH,9.89,400.0,-1,369226
2000-01-04 09:30:30.24,ANON004.SH,9.87,500.0,1,369243
2000-01-04 09:30:30.24,ANON004.SH,9.87,200.0,1,369335
2000-01-04 09:30:30.24,ANON004.SH,9.87,100.0,1,369374
2000-01-04 09:30:30.27,ANON004.SH,9.87,800.0,1,369429
2000-01-04 09:30:30.27,ANON004.SH,9.87,400.0,1,369442
2000-01-04 09:30:30.27,ANON004.SH,9.87,1200.0,1,369445
2000-01-04 09:30:30.41,ANON004.SH,9.87,100.0,1,369849
2000-01-04 09:30:30.41,ANON004.SH,9.87,100.0,1,369854
2000-01-04 09:30:30.41,ANON004.SH,9.89,1100.0,1,369869
2000-01-04 09:30:30.41,ANON004.SH,9.87,100.0,1,369895
2000-01-04 09:30:30.44,ANON004.SH,9.87,2000.0,1,369996
2000-01-04 09:30:30.44,ANON004.SH,9.87,1600.0,1,370000
2000-01-04 09:30:30.44,ANON004.SH,9.87,200.0,1,370020
2000-01-04 09:30:30.58,ANON004.SH,9.87,300.0,1,370455
2000-01-04 09:30:30.58,ANON004.SH,9.87,100.0,1,370456
2000-01-04 09:30:30.6,ANON004.SH,9.87,2200.0,1,370495
2000-01-04 09:30:30.72,ANON004.SH,9.87,100.0,1,370886
2000-01-04 09:30:30.72,ANON004.SH,9.87,100.0,1,370918
2000-01-04 09:30:30.72,ANON004.SH,9.87,1000.0,1,370930
2000-01-04 09:30:30.74,ANON004.SH,9.87,2000.0,1,371038
2000-01-04 09:30:30.74,ANON004.SH,9.89,400.0,-1,371053
2000-01-04 09:30:30.77,ANON004.SH,9.87,100.0,1,371086
2000-01-04 09:30:30.77,ANON004.SH,9.87,1200.0,1,371121
2000-01-04 09:30:30.77,ANON004.SH,9.87,7100.0,1,371137
2000-01-04 09:30:30.81,ANON004.SH,9.87,3200.0,1,371300
2000-01-04 09:30:30.89,ANON004.SH,9.89,200.0,1,371481
2000-01-04 09:30:30.94,ANON004.SH,9.82,2000.0,1,371589
2000-01-04 09:30:31.15,ANON004.SH,9.87,4200.0,1,372178
2000-01-04 09:30:31.15,ANON004.SH,9.89,400.0,1,372255
2000-01-04 09:30:31.18,ANON004.SH,9.87,700.0,1,372315
2000-01-04 09:30:31.18,ANON004.SH,9.87,15000.0,1,372324
2000-01-04 09:30:31.21,ANON004.SH,9.87,1400.0,1,372405
2000-01-04 09:30:31.33,ANON004.SH,9.88,500.0,1,372817
2000-01-04 09:30:31.41,ANON004.SH,9.89,1100.0,-1,373013
2000-01-04 09:30:31.44,ANON004.SH,9.89,3300.0,-1,373151
2000-01-04 09:30:31.44,ANON004.SH,9.89,3500.0,-1,373162
2000-01-04 09:30:31.47,ANON004.SH,9.89,200.0,-1,373236
2000-01-04 09:30:31.5,ANON004.SH,9.89,5400.0,-1,373414
2000-01-04 09:30:31.72,ANON004.SH,9.87,100.0,1,374129
2000-01-04 09:30:31.75,ANON004.SH,10.1,500.0,-1,374184
2000-01-04 09:30:31.92,ANON004.SH,9.88,2900.0,1,374805
2000-01-04 09:30:31.99,ANON004.SH,9.88,100.0,1,374989
2000-01-04 09:30:31.99,ANON004.SH,9.88,100.0,1,374995
2000-01-04 09:30:32.11,ANON004.SH,9.87,400.0,1,375331
2000-01-04 09:30:32.13,ANON004.SH,9.87,100.0,1,375380
2000-01-04 09:30:32.19,ANON004.SH,9.88,300.0,-1,375718
2000-01-04 09:30:32.49,ANON004.SH,9.93,900.0,-1,376495
2000-01-04 09:30:32.58,ANON004.SH,9.87,600.0,1,376758
2000-01-04 09:30:32.64,ANON004.SH,9.88,3900.0,1,376900
2000-01-04 09:30:32.64,ANON004.SH,9.88,1900.0,1,376911
2000-01-04 09:30:32.64,ANON004.SH,9.88,100.0,1,376936
2000-01-04 09:30:32.69,ANON004.SH,9.87,200.0,1,377092
2000-01-04 09:30:32.69,ANON004.SH,9.88,100.0,1,377226
2000-01-04 09:30:32.73,ANON004.SH,9.89,100.0,-1,377327
2000-01-04 09:30:32.73,ANON004.SH,9.87,100.0,1,377340
2000-01-04 09:30:32.78,ANON004.SH,9.89,600.0,-1,377537
2000-01-04 09:30:32.78,ANON004.SH,9.89,400.0,-1,377545
2000-01-04 09:30:32.91,ANON004.SH,9.89,200.0,-1,377819
2000-01-04 09:30:32.94,ANON004.SH,9.89,1500.0,-1,377929
2000-01-04 09:30:32.97,ANON004.SH,9.88,500.0,1,378082
2000-01-04 09:30:33.14,ANON004.SH,9.87,600.0,1,378661
2000-01-04 09:30:33.14,ANON004.SH,9.89,800.0,-1,378717
2000-01-04 09:30:33.17,ANON004.SH,9.88,500.0,-1,378789
2000-01-04 09:30:33.17,ANON004.SH,9.88,5400.0,-1,378792
2000-01-04 09:30:33.17,ANON004.SH,9.88,500.0,-1,378812
2000-01-04 09:30:33.28,ANON004.SH,9.89,1600.0,-1,379115
2000-01-04 09:30:33.28,ANON004.SH,9.89,800.0,-1,379123
2000-01-04 09:30:33.3,ANON004.SH,9.88,700.0,-1,379148
2000-01-04 09:30:33.37,ANON004.SH,9.88,500.0,-1,379281
2000-01-04 09:30:33.41,ANON004.SH,9.89,900.0,-1,379376
2000-01-04 09:30:33.44,ANON004.SH,9.88,600.0,-1,379475
2000-01-04 09:30:33.44,ANON004.SH,9.89,100.0,-1,379492
2000-01-04 09:30:33.46,ANON004.SH,9.86,500.0,1,379560
2000-01-04 09:30:33.53,ANON004.SH,9.89,100.0,-1,379715
2000-01-04 09:30:33.58,ANON004.SH,9.89,1000.0,-1,379788
2000-01-04 09:30:33.68,ANON004.SH,9.89,100.0,-1,380021
2000-01-04 09:30:33.68,ANON004.SH,9.89,100.0,-1,380022
2000-01-04 09:30:34.01,ANON004.SH,9.88,1400.0,-1,380831
2000-01-04 09:30:34.12,ANON004.SH,9.88,100.0,-1,381063
2000-01-04 09:30:34.17,ANON004.SH,9.89,100.0,-1,381426
2000-01-04 09:30:34.57,ANON004.SH,9.9,1300.0,-1,382292
2000-01-04 09:30:34.63,ANON004.SH,9.87,1000.0,1,382450
2000-01-04 09:30:34.68,ANON004.SH,9.87,900.0,1,382574
2000-01-04 09:30:34.98,ANON004.SH,9.88,4100.0,1,383375
2000-01-04 09:30:35.1,ANON004.SH,9.9,5000.0,-1,383650
2000-01-04 09:30:35.12,ANON004.SH,9.88,100.0,1,383668
2000-01-04 09:30:35.17,ANON004.SH,9.88,100.0,1,383847
2000-01-04 09:30:35.17,ANON004.SH,9.88,3100.0,-1,383873
2000-01-04 09:30:35.2,ANON004.SH,9.89,700.0,-1,383932
2000-01-04 09:30:35.2,ANON004.SH,9.89,500.0,-1,383957
2000-01-04 09:30:35.2,ANON004.SH,9.88,100.0,-1,383995
2000-01-04 09:30:35.25,ANON004.SH,9.86,2000.0,1,384139
2000-01-04 09:30:35.4,ANON004.SH,9.89,100.0,-1,384448
2000-01-04 09:30:35.4,ANON004.SH,9.88,100.0,-1,384468
2000-01-04 09:30:35.4,ANON004.SH,9.88,200.0,-1,384481
2000-01-04 09:30:35.4,ANON004.SH,9.93,6900.0,-1,384496
2000-01-04 09:30:35.4,ANON004.SH,9.88,100.0,-1,384504
2000-01-04 09:30:35.69,ANON004.SH,9.88,200.0,-1,385519
2000-01-04 09:30:35.69,ANON004.SH,10.05,1800.0,-1,385521
2000-01-04 09:30:35.72,ANON004.SH,9.88,2400.0,1,385711
2000-01-04 09:30:35.84,ANON004.SH,9.87,800.0,1,386447
2000-01-04 09:30:35.9,ANON004.SH,9.88,2400.0,-1,386702
2000-01-04 09:30:35.93,ANON004.SH,9.88,2400.0,-1,386796
2000-01-04 09:30:36.06,ANON004.SH,9.87,200.0,-1,387129
2000-01-04 09:30:36.06,ANON004.SH,9.87,100.0,-1,387145
2000-01-04 09:30:36.06,ANON004.SH,9.87,100.0,-1,387146
2000-01-04 09:30:36.15,ANON004.SH,9.86,1000.0,1,387374
2000-01-04 09:30:36.15,ANON004.SH,9.87,14400.0,-1,387397
2000-01-04 09:30:36.17,ANON004.SH,9.87,2400.0,-1,387489
2000-01-04 09:30:36.3,ANON004.SH,9.88,1000.0,-1,387877
2000-01-04 09:30:36.3,ANON004.SH,9.87,800.0,-1,387881
2000-01-04 09:30:36.75,ANON004.SH,9.51,3000.0,1,389089
2000-01-04 09:30:37.35,ANON004.SH,9.88,400.0,-1,390936
2000-01-04 09:30:37.79,ANON004.SH,10.16,1000.0,-1,391989
2000-01-04 09:30:37.84,ANON004.SH,10.6,500.0,-1,392067
2000-01-04 09:30:38.76,ANON004.SH,10.4,300.0,-1,394271
2000-01-04 09:30:38.86,ANON004.SH,9.85,100.0,1,394428
2000-01-04 09:30:39.15,ANON004.SH,9.88,1000.0,-1,395110
2000-01-04 09:30:39.33,ANON004.SH,9.8,6300.0,1,395596
2000-01-04 09:30:40.43,ANON004.SH,9.87,12500.0,1,398145
2000-01-04 09:30:40.5,ANON004.SH,9.94,2000.0,-1,398331
2000-01-04 09:30:40.57,ANON004.SH,9.86,100.0,1,398421
2000-01-04 09:30:40.61,ANON004.SH,9.88,500.0,-1,398485
2000-01-04 09:30:40.94,ANON004.SH,9.8,600.0,1,399258
2000-01-04 09:30:41.17,ANON004.SH,9.87,600.0,1,399763
2000-01-04 09:30:41.6,ANON004.SH,9.87,100.0,1,400575
2000-01-04 09:30:41.68,ANON004.SH,9.85,500.0,1,400815
2000-01-04 09:30:41.68,ANON004.SH,9.85,100.0,1,400816
2000-01-04 09:30:41.7,ANON004.SH,9.85,300.0,1,400872
2000-01-04 09:30:41.72,ANON004.SH,9.83,3000.0,1,400909
2000-01-04 09:30:42.28,ANON004.SH,9.86,4800.0,-1,401955
2000-01-04 09:30:42.32,ANON004.SH,10.0,3300.0,-1,402045
2000-01-04 09:30:42.51,ANON004.SH,9.86,1400.0,1,402416
2000-01-04 09:30:42.63,ANON004.SH,9.86,3900.0,1,402663
2000-01-04 09:30:42.65,ANON004.SH,9.85,100.0,1,402699
2000-01-04 09:30:42.67,ANON004.SH,9.85,700.0,1,402754
2000-01-04 09:30:42.67,ANON004.SH,9.87,1500.0,1,402804
2000-01-04 09:30:42.76,ANON004.SH,9.88,500.0,-1,402989
2000-01-04 09:30:42.81,ANON004.SH,9.85,300.0,1,403082
2000-01-04 09:30:43.02,ANON004.SH,9.86,4800.0,1,403505
2000-01-04 09:30:43.14,ANON004.SH,9.88,100.0,-1,403729
2000-01-04 09:30:43.19,ANON004.SH,9.88,700.0,-1,403849
2000-01-04 09:30:43.19,ANON004.SH,9.88,500.0,-1,403865
2000-01-04 09:30:43.51,ANON004.SH,9.87,3600.0,1,404518
2000-01-04 09:30:43.63,ANON004.SH,9.87,1000.0,1,404752
2000-01-04 09:30:43.63,ANON004.SH,9.87,800.0,1,404753
2000-01-04 09:30:43.67,ANON004.SH,9.87,500.0,1,404828
2000-01-04 09:30:43.71,ANON004.SH,9.87,200.0,1,404940
2000-01-04 09:30:44.18,ANON004.SH,10.32,400.0,-1,405882
2000-01-04 09:30:45.15,ANON004.SH,9.87,100.0,1,407661
2000-01-04 09:30:45.15,ANON004.SH,9.87,100.0,1,407662
2000-01-04 09:30:45.15,ANON004.SH,9.87,100.0,1,407683
2000-01-04 09:30:45.15,ANON004.SH,9.87,200.0,1,407684
2000-01-04 09:30:45.15,ANON004.SH,9.87,100.0,1,407690
2000-01-04 09:30:45.15,ANON004.SH,9.87,100.0,1,407693
2000-01-04 09:30:45.15,ANON004.SH,9.87,100.0,1,407701
2000-01-04 09:30:45.18,ANON004.SH,9.87,100.0,1,407727
2000-01-04 09:30:45.2,ANON004.SH,9.87,100.0,1,407855
2000-01-04 09:30:45.2,ANON004.SH,9.87,100.0,1,407862
2000-01-04 09:30:45.32,ANON004.SH,9.88,1200.0,1,408093
2000-01-04 09:30:45.34,ANON004.SH,10.0,400.0,-1,408121
2000-01-04 09:30:45.41,ANON004.SH,9.88,1200.0,-1,408297
2000-01-04 09:30:45.47,ANON004.SH,9.87,800.0,1,408412
2000-01-04 09:30:45.59,ANON004.SH,9.87,300.0,1,408594
2000-01-04 09:30:45.7,ANON004.SH,9.87,1000.0,1,408860
2000-01-04 09:30:45.89,ANON004.SH,9.87,100.0,1,409155
2000-01-04 09:30:45.94,ANON004.SH,10.15,5000.0,-1,409304
2000-01-04 09:30:46.74,ANON004.SH,9.7,800.0,1,410941
2000-01-04 09:30:46.8,ANON004.SH,9.75,500.0,1,411031
2000-01-04 09:30:46.85,ANON004.SH,9.84,300.0,1,411110
2000-01-04 09:30:46.92,ANON004.SH,9.91,1100.0,-1,411263
2000-01-04 09:30:46.94,ANON004.SH,9.86,1300.0,1,411300
2000-01-04 09:30:47.91,ANON004.SH,9.9,2500.0,-1,413092
2000-01-04 09:30:48.26,ANON004.SH,9.82,200.0,1,413806
2000-01-04 09:30:48.31,ANON004.SH,9.87,2500.0,1,413850
2000-01-04 09:30:48.61,ANON004.SH,9.87,1000.0,1,414452
2000-01-04 09:30:48.63,ANON004.SH,9.88,100.0,1,414496
2000-01-04 09:30:48.89,ANON004.SH,9.88,100.0,-1,415024
2000-01-04 09:30:49.16,ANON004.SH,9.85,1000.0,1,415684
2000-01-04 09:30:49.18,ANON004.SH,9.87,4100.0,1,415726
2000-01-04 09:30:49.68,ANON004.SH,9.87,200.0,1,416685
2000-01-04 09:30:49.86,ANON004.SH,9.89,17500.0,-1,417004
2000-01-04 09:30:50.58,ANON004.SH,9.91,2200.0,-1,418258
2000-01-04 09:30:50.75,ANON004.SH,9.88,5000.0,-1,418616
2000-01-04 09:30:50.99,ANON004.SH,9.88,400.0,-1,418961
2000-01-04 09:30:51.15,ANON004.SH,9.87,100.0,1,419222
2000-01-04 09:30:51.15,ANON004.SH,9.87,100.0,1,419224
2000-01-04 09:30:51.17,ANON004.SH,9.87,400.0,1,419284
2000-01-04 09:30:51.26,ANON004.SH,9.89,2000.0,-1,419481
2000-01-04 09:30:51.43,ANON004.SH,9.88,100.0,-1,419732
2000-01-04 09:30:51.52,ANON004.SH,10.32,2000.0,-1,419865
2000-01-04 09:30:51.84,ANON004.SH,9.9,1200.0,-1,420368
2000-01-04 09:30:52.05,ANON004.SH,9.87,4600.0,1,420683
2000-01-04 09:30:52.05,ANON004.SH,9.87,1400.0,1,420687
2000-01-04 09:30:52.98,ANON004.SH,9.84,500.0,1,422241
2000-01-04 09:30:53.05,ANON004.SH,9.9,400.0,-1,422357
2000-01-04 09:30:53.11,ANON004.SH,9.9,20000.0,-1,422442
2000-01-04 09:30:53.16,ANON004.SH,10.45,3400.0,-1,422540
2000-01-04 09:30:53.19,ANON004.SH,9.88,600.0,-1,422602
2000-01-04 09:30:53.62,ANON004.SH,9.87,1000.0,1,423237
2000-01-04 09:30:53.69,ANON004.SH,9.86,400.0,1,423413
2000-01-04 09:30:54.2,ANON004.SH,9.87,1700.0,1,424241
2000-01-04 09:30:54.2,ANON004.SH,9.87,200.0,1,424286
2000-01-04 09:30:54.27,ANON004.SH,9.87,500.0,1,424400
2000-01-04 09:30:54.27,ANON004.SH,9.87,100.0,1,424402
2000-01-04 09:30:54.35,ANON004.SH,9.87,3300.0,1,424503
2000-01-04 09:30:55.34,ANON004.SH,9.86,2000.0,1,426158
2000-01-04 09:30:56.27,ANON004.SH,9.9,9000.0,-1,427826
2000-01-04 09:30:56.29,ANON004.SH,9.87,1200.0,1,427877
2000-01-04 09:30:56.44,ANON004.SH,9.87,1000.0,1,428083
2000-01-04 09:30:57.27,ANON004.SH,9.87,1800.0,1,429360
2000-01-04 09:30:57.76,ANON004.SH,9.88,1000.0,-1,430148
2000-01-04 09:30:57.79,ANON004.SH,9.87,200.0,1,430189
2000-01-04 09:30:58.66,ANON004.SH,9.88,4200.0,-1,431544
2000-01-04 09:30:58.9,ANON004.SH,9.87,1000.0,1,431962
2000-01-04 09:30:58.9,ANON004.SH,9.87,500.0,1,431965
2000-01-04 09:30:58.91,ANON004.SH,9.87,400.0,1,432048
2000-01-04 09:30:59.05,ANON004.SH,9.86,500.0,1,432286
2000-01-04 09:30:59.39,ANON004.SH,9.86,100.0,1,432749
2000-01-04 09:30:59.53,ANON004.SH,9.88,600.0,1,432976
2000-01-04 09:30:59.67,ANON004.SH,9.88,200.0,1,433140
2000-01-04 09:30:59.71,ANON004.SH,9.88,400.0,1,433183
